Platform,Time,PhysicalCores,LogicalProcessors,Threads,NumConstrs,NumVars,NumNZs,Fingerprint,PresolvedNumConVars,PresolvedNumIntVars,PresolvedNumBinVars,MinCoeff,MaxCoeff,MinObjCoeff,MaxObjCoeff,MinBound,MaxBound,MinRHS,MaxRHS,PresolveTime,PresolvedNumConstrs,PresolvedNumVars,PresolvedNumNZs,RelaxObj,RelaxIterCount,RelaxTime,PreTreeSolutions,NodeCount,IterCount,Runtime,Work,ObjVal,ObjBound,MIPGap,Cuts: Cover,Cuts: Implied bound,Cuts: Clique,Cuts: MIR,Cuts: StrongCG,Cuts: Flow cover,Cuts: GUB cover,Cuts: Zero half,Cuts: RLT,Cuts: Relax-and-lift,Cores,SolCount,Status,ModelType,ChangedParams,LogFilePath,LogNumber,Cuts: Learned,Cuts: Gomory,Cuts: Projected implied bound,Cuts: Network,Cuts: BQP,Cuts: Inf proof,Cuts: Lift-and-project,OrderingTime,BarIterCount,PushPhasePInf,PushPhaseDInf,PushPhaseEndTime,Cuts: PSD,Cuts: Knapsack,Cuts: Mod-K,Cuts: Mixing,LogFile (Parameter),Threads (Parameter),Seed,Version,Group,TotalCuts,TotalInequalities,MIPGapPct
linux64,2026-06-29 19:55:47,8,8,4,125299,74985,515565,0x0ad1d5a1,0,74865,64320,1.0,40000.0,1.0,60.0,1.0,2000.0,1.0,40000.0,3.43,85837,74865,380010,191.3,50246,56.37,0,8281,4663549,7200.57,8649.52,221.4,191.3,0.135953,2489.0,13.0,626.0,111.0,23.0,167.0,61.0,20.0,6.0,1245.0,8,10,TIME_LIMIT,MIP,{'Threads': 4},/home/cgonzalez/mE-VRSPTW/src/Resultados/Restriccion_todas_cliques/logs/C1-25/C101-25.xml_log.log,1,,,,,,,,,,,,,,,,,"""src/Resultados/Restriccion todas cliques/logs/C101-25.xml_log.log""",4,0,13.0.2,C1-25,4761.0,130060.0,13.595299999999998
linux64,2026-06-29 23:57:48,8,8,4,146496,88365,612915,0xa83a6777,345,87900,77670,1.0,40000.0,1.0,60.0,1.0,2000.0,1.0,40000.0,5.2,99927,88245,454320,172.1,46481,53.57,0,9803,3530022,7201.35,6405.85,190.3,181.9,0.04414100000000001,152.0,45.0,75.0,127.0,18.0,610.0,74.0,18.0,46.0,165.0,8,7,TIME_LIMIT,MIP,{'Threads': 4},/home/cgonzalez/mE-VRSPTW/src/Resultados/Restriccion_todas_cliques/logs/C1-25/C102-25.xml_log.log,1,1.0,14.0,338.0,,,,,,,,,,,,,,"""src/Resultados/Restriccion todas cliques/logs/C102-25.xml_log.log""",4,0,13.0.2,C1-25,1683.0,148179.0,4.4141
linux64,2026-06-30 04:00:15,8,8,4,149086,90870,631470,0x970b0830,360,90390,80175,1.0,40000.0,1.0,60.0,1.0,2000.0,1.0,40000.0,7.55,102464,90750,481110,162.6,59486,60.14,0,3837,3278263,7200.74,5456.05,229.1,175.4,0.234395,151.0,51.0,29.0,49.0,7.0,310.0,99.0,12.0,76.0,99.0,8,10,TIME_LIMIT,MIP,{'Threads': 4},/home/cgonzalez/mE-VRSPTW/src/Resultados/Restriccion_todas_cliques/logs/C1-25/C103-25.xml_log.log,1,,9.0,148.0,,,,,,,,,,,,,,"""src/Resultados/Restriccion todas cliques/logs/C103-25.xml_log.log""",4,0,13.0.2,C1-25,1040.0,150126.0,23.4395
linux64,2026-06-30 08:02:34,8,8,4,149985,91770,639585,0x03934339,360,91290,81075,1.0,40000.0,1.0,60.0,1.0,2000.0,1.0,40000.0,9.11,103394,91650,490170,159.0,48425,49.65,0,2653,3660780,7201.28,5213.52,186.9,169.2,0.094703,129.0,77.0,44.0,158.0,15.0,711.0,132.0,36.0,38.0,119.0,8,10,TIME_LIMIT,MIP,{'Threads': 4},/home/cgonzalez/mE-VRSPTW/src/Resultados/Restriccion_todas_cliques/logs/C1-25/C104-25.xml_log.log,1,2.0,15.0,207.0,,,,,,,,,,,,,,"""src/Resultados/Restriccion todas cliques/logs/C104-25.xml_log.log""",4,0,13.0.2,C1-25,1683.0,151668.0,9.4703
linux64,2026-06-30 12:05:55,8,8,4,128585,77085,522825,0xe02cb30d,345,76620,66420,1.0,40000.0,1.0,60.0,1.0,2000.0,1.0,40000.0,8.18,87963,76965,394005,191.2,52634,59.21,0,28263,6675707,5776.64,5559.65,204.2,204.2,0.0,19.0,22.0,211.0,23.0,5.0,45.0,26.0,3.0,31.0,11.0,8,4,OPTIMAL,MIP,{'Threads': 4},/home/cgonzalez/mE-VRSPTW/src/Resultados/Restriccion_todas_cliques/logs/C1-25/C105-25.xml_log.log,1,1.0,9.0,3.0,1.0,3.0,,,,,,,,,,,,"""src/Resultados/Restriccion todas cliques/logs/C105-25.xml_log.log""",4,0,13.0.2,C1-25,413.0,128998.0,0.0
linux64,2026-06-30 15:44:45,8,8,4,127052,76005,520560,0xecf265a0,30,75855,65340,1.0,40000.0,1.0,60.0,1.0,2000.0,1.0,40000.0,3.7,86873,75885,384450,191.3,49710,44.93,0,12682,4848218,7200.87,7910.27,221.4,191.3,0.135953,2258.0,29.0,839.0,88.0,16.0,150.0,184.0,,10.0,99.0,8,3,TIME_LIMIT,MIP,{'Threads': 4},/home/cgonzalez/mE-VRSPTW/src/Resultados/Restriccion_todas_cliques/logs/C1-25/C106-25.xml_log.log,1,,,14.0,,46.0,2.0,,,,,,,,,,,"""src/Resultados/Restriccion todas cliques/logs/C106-25.xml_log.log""",4,0,13.0.2,C1-25,3735.0,130787.0,13.595299999999998
linux64,2026-06-30 19:47:44,8,8,4,133152,79860,542115,0x3a0f49e7,375,79365,69165,1.0,40000.0,1.0,60.0,1.0,2000.0,1.0,40000.0,4.73,91227,79740,409320,191.2,53529,52.59,0,1,190061,293.35,169.22,191.3,191.3,0.0,243.0,513.0,134.0,226.0,8.0,12.0,4.0,2.0,57.0,246.0,8,6,OPTIMAL,MIP,{'Threads': 4},/home/cgonzalez/mE-VRSPTW/src/Resultados/Restriccion_todas_cliques/logs/C1-25/C107-25.xml_log.log,1,,2.0,,,1.0,,1.0,,,,,,,,,,"""src/Resultados/Restriccion todas cliques/logs/C107-25.xml_log.log""",4,0,13.0.2,C1-25,1449.0,134601.0,0.0
linux64,2026-06-30 21:30:32,8,8,4,135745,81855,559335,0x7af6d0fe,375,81360,71160,1.0,40000.0,1.0,60.0,1.0,2000.0,1.0,40000.0,4.58,93235,81735,424590,129.9,72337,75.24,0,18370,5158167,7200.88,8104.47,191.3,137.7,0.280188,21.0,80.0,10.0,35.0,,,7.0,,108.0,5.0,8,8,TIME_LIMIT,MIP,{'Threads': 4},/home/cgonzalez/mE-VRSPTW/src/Resultados/Restriccion_todas_cliques/logs/C1-25/C108-25.xml_log.log,1,,,,,,,,,,,,,,,,,"""src/Resultados/Restriccion todas cliques/logs/C108-25.xml_log.log""",4,0,13.0.2,C1-25,266.0,136011.0,28.0188
linux64,2026-07-01 01:34:03,8,8,4,145167,87735,601965,0xef003057,375,87240,77040,1.0,40000.0,1.0,60.0,1.0,2000.0,1.0,40000.0,9.0,99192,87615,455655,129.9,53652,65.35,0,16303,5041521,7201.04,8158.81,191.3,131.1,0.314689,2.0,39.0,,22.0,,,3.0,1.0,59.0,5.0,8,8,TIME_LIMIT,MIP,{'Threads': 4},/home/cgonzalez/mE-VRSPTW/src/Resultados/Restriccion_todas_cliques/logs/C1-25/C109-25.xml_log.log,1,,,,,,,,,,,,,,,,,"""src/Resultados/Restriccion todas cliques/logs/C109-25.xml_log.log""",4,0,13.0.2,C1-25,131.0,145298.0,31.468899999999998
linux64,2026-06-29 21:56:27,8,8,4,292212,177240,1415400,0x6d4de427,0,177045,155910,1.0,40000.0,1.0,60.0,1.0,2000.0,1.0,40000.0,10.81,200078,177045,934590,361.2,99921,57.29,0,5267,1850789,7200.39,5101.44,,361.3,,,1.0,51.0,,,,,,4.0,1.0,8,0,TIME_LIMIT,MIP,{'Threads': 4},/home/cgonzalez/mE-VRSPTW/src/Resultados/Restriccion_todas_cliques/logs/C1-50/C101-50.xml_log.log,1,,,,,,,,5.04,14.0,0.0,5.6447902e-15,71.0,,,,,"""src/Resultados/Restriccion todas cliques/logs/C101-50.xml_log.log""",4,0,13.0.2,C1-50,57.0,292269.0,
linux64,2026-06-30 01:59:07,8,8,4,306672,190305,1602690,0x8bb46043,690,189420,168975,1.0,40000.0,1.0,60.0,1.0,2000.0,1.0,40000.0,14.07,213338,190110,1054710,302.5,96247,115.54,0,823,1205828,7210.33,5706.11,,333.1,,1714.0,1530.0,696.0,183.0,,5.0,5.0,5.0,215.0,135.0,8,0,TIME_LIMIT,MIP,{'Threads': 4},/home/cgonzalez/mE-VRSPTW/src/Resultados/Restriccion_todas_cliques/logs/C1-50/C102-50.xml_log.log,1,6.0,,,,17.0,,,7.9,14.0,0.0,8.8783148e-15,114.0,,,,,"""src/Resultados/Restriccion todas cliques/logs/C102-50.xml_log.log""",4,0,13.0.2,C1-50,4511.0,311183.0,
linux64,2026-06-30 06:01:28,8,8,4,316291,199725,1756680,0x09ff14cc,735,198795,178395,1.0,40000.0,1.0,60.0,1.0,2000.0,1.0,40000.0,11.73,222852,199530,1151025,281.8,100866,140.89,0,2018,1215680,7201.6,4910.62,,281.8,,155.0,1228.0,226.0,586.0,1.0,17.0,4.0,1.0,274.0,787.0,8,0,TIME_LIMIT,MIP,{'Threads': 4},/home/cgonzalez/mE-VRSPTW/src/Resultados/Restriccion_todas_cliques/logs/C1-50/C103-50.xml_log.log,1,20.0,5.0,,,,,,9.77,14.0,0.0,1.047773e-14,140.0,,,,,"""src/Resultados/Restriccion todas cliques/logs/C103-50.xml_log.log""",4,0,13.0.2,C1-50,3304.0,319595.0,
linux64,2026-06-30 10:04:19,8,8,4,322324,205740,1848330,0xb6bcf084,735,204810,184410,1.0,40000.0,1.0,60.0,1.0,2000.0,1.0,40000.0,15.98,229047,205545,1211520,278.7,101333,235.03,0,3036,765479,7203.2,5532.86,,278.7,,1076.0,779.0,537.0,119.0,,,,7.0,282.0,91.0,8,0,TIME_LIMIT,MIP,{'Threads': 4},/home/cgonzalez/mE-VRSPTW/src/Resultados/Restriccion_todas_cliques/logs/C1-50/C104-50.xml_log.log,1,,5.0,,,2.0,,,18.84,16.0,0.0,1.2559398e-14,259.0,,,,,"""src/Resultados/Restriccion todas cliques/logs/C104-50.xml_log.log""",4,0,13.0.2,C1-50,2898.0,325222.0,
linux64,2026-06-30 13:43:33,8,8,4,294623,179595,1447290,0x8878937a,750,178650,158265,1.0,40000.0,1.0,60.0,1.0,2000.0,1.0,40000.0,15.55,202433,179400,961440,359.7,97441,77.64,0,2861,1533560,7201.14,4761.33,387.1,362.4,0.063808,,,,,,,,,,,8,1,TIME_LIMIT,MIP,{'Threads': 4},/home/cgonzalez/mE-VRSPTW/src/Resultados/Restriccion_todas_cliques/logs/C1-50/C105-50.xml_log.log,1,,,,,,,,8.29,12.0,0.0,6.5225603e-15,97.0,,,,,"""src/Resultados/Restriccion todas cliques/logs/C105-50.xml_log.log""",4,0,13.0.2,C1-50,0.0,294623.0,6.380800000000001
linux64,2026-06-30 17:46:31,8,8,4,293350,178350,1436835,0x32d81f19,690,177465,157020,1.0,40000.0,1.0,60.0,1.0,2000.0,1.0,40000.0,19.03,201188,178155,945390,359.8,98951,70.43,0,5215,1080611,7201.8,4321.7,426.6,361.2,0.153305,328.0,16.0,93.0,126.0,30.0,183.0,201.0,3.0,23.0,168.0,8,5,TIME_LIMIT,MIP,{'Threads': 4},/home/cgonzalez/mE-VRSPTW/src/Resultados/Restriccion_todas_cliques/logs/C1-50/C106-50.xml_log.log,1,,1.0,78.0,,,,,8.11,12.0,0.0,8.4932061e-15,95.0,,,,,"""src/Resultados/Restriccion todas cliques/logs/C106-50.xml_log.log""",4,0,13.0.2,C1-50,1250.0,294600.0,15.330499999999999
linux64,2026-06-30 19:53:10,8,8,4,296639,181620,1477425,0x8627b7c6,750,180675,160290,1.0,40000.0,1.0,60.0,1.0,2000.0,1.0,40000.0,11.52,204458,181425,981720,359.7,98409,83.33,0,1719,1896517,5740.02,3762.25,362.4,362.4,0.0,2804.0,6960.0,747.0,2149.0,21.0,4.0,3.0,1.0,129.0,2631.0,8,1,OPTIMAL,MIP,{'Threads': 4},/home/cgonzalez/mE-VRSPTW/src/Resultados/Restriccion_todas_cliques/logs/C1-50/C107-50.xml_log.log,1,3.0,2.0,,,171.0,5.0,,7.92,12.0,0.0,8.9372953e-15,98.0,52.0,,,,"""src/Resultados/Restriccion todas cliques/logs/C107-50.xml_log.log""",4,0,13.0.2,C1-50,15682.0,312321.0,0.0
linux64,2026-06-30 23:32:18,8,8,4,300659,185640,1541985,0x86c0f809,750,184695,164310,1.0,40000.0,1.0,60.0,1.0,2000.0,1.0,40000.0,15.01,208478,185445,1021935,258.5,100579,102.61,0,235,996858,7203.15,4425.8,,295.8,,181.0,5430.0,81.0,210.0,6.0,15.0,29.0,17.0,415.0,6600.0,8,0,TIME_LIMIT,MIP,{'Threads': 4},/home/cgonzalez/mE-VRSPTW/src/Resultados/Restriccion_todas_cliques/logs/C1-50/C108-50.xml_log.log,1,,7.0,,,,,,10.67,14.0,0.0,1.4668822e-14,123.0,,,,,"""src/Resultados/Restriccion todas cliques/logs/C108-50.xml_log.log""",4,0,13.0.2,C1-50,12991.0,313650.0,
linux64,2026-07-01 03:35:58,8,8,4,305849,190830,1634145,0xdd79b32e,750,189885,169500,1.0,40000.0,1.0,60.0,1.0,2000.0,1.0,40000.0,23.43,213668,190635,1073805,254.7,100873,114.79,0,5189,931104,7200.36,3869.19,,254.7,,369.0,255.0,439.0,413.0,,1.0,2.0,4.0,284.0,67.0,8,0,TIME_LIMIT,MIP,{'Threads': 4},/home/cgonzalez/mE-VRSPTW/src/Resultados/Restriccion_todas_cliques/logs/C1-50/C109-50.xml_log.log,1,,10.0,,,1.0,,,13.16,12.0,0.0,7.138734e-14,145.0,,,,,"""src/Resultados/Restriccion todas cliques/logs/C109-50.xml_log.log""",4,0,13.0.2,C1-50,1845.0,307694.0,
linux64,2026-07-01 05:38:11,8,8,4,355790,205320,1369695,0xd8219e0e,300,204900,178500,1.0,100000.0,2.0,60.0,1.0,4000.0,1.0,100000.0,20.7,234519,205200,959625,232.3,132653,68.63,0,1197,1871408,7201.03,4813.57,290.6,232.3,0.20061900000000002,159.0,2.0,3.0,12.0,,202.0,7.0,,8.0,57.0,8,7,TIME_LIMIT,MIP,{'Threads': 4},/home/cgonzalez/mE-VRSPTW/src/Resultados/Restriccion_todas_cliques/logs/C2-25/C201-25.xml_log.log,1,,13.0,311.0,,,,,4.03,19.0,0.0,2.5396352e-15,96.0,,,,,"""src/Resultados/Restriccion todas cliques/logs/C201-25.xml_log.log""",4,0,13.0.2,C2-25,774.0,356564.0,20.0619
linux64,2026-07-01 09:42:29,8,8,4,374115,216975,1462575,0x5f8709fe,375,216480,190125,1.0,100000.0,2.0,60.0,1.0,4000.0,1.0,100000.0,12.72,246844,216855,1022760,211.4,138835,76.9,0,3259,1775025,7200.91,5062.13,,216.4,,35.0,1443.0,6.0,745.0,10.0,19.0,16.0,40.0,152.0,7188.0,8,0,TIME_LIMIT,MIP,{'Threads': 4},/home/cgonzalez/mE-VRSPTW/src/Resultados/Restriccion_todas_cliques/logs/C2-25/C202-25.xml_log.log,1,,2.0,,,,,,3.23,17.0,0.0,3.01148e-15,99.0,,,,,"""src/Resultados/Restriccion todas cliques/logs/C202-25.xml_log.log""",4,0,13.0.2,C2-25,9656.0,383771.0,
linux64,2026-07-01 13:47:21,8,8,4,376579,219255,1488960,0x8d353b97,375,218760,192405,1.0,100000.0,2.0,60.0,1.0,4000.0,1.0,100000.0,16.86,249158,219135,1042095,206.1,139178,61.19,0,5242,1096152,7201.01,4094.28,,210.8,,87.0,33.0,39.0,45.0,4.0,484.0,61.0,15.0,53.0,34.0,8,0,TIME_LIMIT,MIP,{'Threads': 4},/home/cgonzalez/mE-VRSPTW/src/Resultados/Restriccion_todas_cliques/logs/C2-25/C203-25.xml_log.log,1,,5.0,173.0,,,,,5.85,15.0,0.0,6.7515438e-15,87.0,,,,,"""src/Resultados/Restriccion todas cliques/logs/C203-25.xml_log.log""",4,0,13.0.2,C2-25,1033.0,377612.0,
linux64,2026-07-01 17:51:23,8,8,4,377449,220125,1498650,0x66e93d1c,375,219630,193275,1.0,100000.0,2.0,60.0,1.0,4000.0,1.0,100000.0,16.49,250073,220005,1050030,201.8,138464,94.56,0,344,1073060,7200.58,4703.13,,206.8,,39.0,3905.0,18.0,444.0,13.0,29.0,19.0,14.0,266.0,3370.0,8,0,TIME_LIMIT,MIP,{'Threads': 4},/home/cgonzalez/mE-VRSPTW/src/Resultados/Restriccion_todas_cliques/logs/C2-25/C204-25.xml_log.log,1,,6.0,,,,,,7.08,14.0,0.0,3.3098524e-15,122.0,,,,,"""src/Resultados/Restriccion todas cliques/logs/C204-25.xml_log.log""",4,0,13.0.2,C2-25,8123.0,385572.0,
linux64,2026-07-01 21:55:15,8,8,4,365140,210990,1411350,0x1586b5be,375,210495,184140,1.0,100000.0,2.0,60.0,1.0,4000.0,1.0,100000.0,17.67,240719,210870,988245,211.0,132748,81.87,0,3360,1306928,7202.59,3961.93,306.2,213.9,0.301437,19.0,50.0,8.0,67.0,13.0,105.0,31.0,2.0,64.0,44.0,8,10,TIME_LIMIT,MIP,{'Threads': 4},/home/cgonzalez/mE-VRSPTW/src/Resultados/Restriccion_todas_cliques/logs/C2-25/C205-25.xml_log.log,1,,1.0,57.0,,,,,1.69,14.0,0.0,6.4809269e-15,108.0,,,,,"""src/Resultados/Restriccion todas cliques/logs/C205-25.xml_log.log""",4,0,13.0.2,C2-25,461.0,365601.0,30.143700000000003
linux64,2026-07-02 01:58:33,8,8,4,372555,215415,1443360,0x47c81c12,375,214920,188565,1.0,100000.0,2.0,60.0,1.0,4000.0,1.0,100000.0,17.82,245224,215295,1008600,207.6,139466,88.31,0,1267,1556663,7201.34,4921.73,,208.7,,6.0,33.0,24.0,26.0,1.0,,,,40.0,1.0,8,0,TIME_LIMIT,MIP,{'Threads': 4},/home/cgonzalez/mE-VRSPTW/src/Resultados/Restriccion_todas_cliques/logs/C2-25/C206-25.xml_log.log,1,,1.0,,,,,,3.46,17.0,0.0,1.1379786e-15,96.0,,,,,"""src/Resultados/Restriccion todas cliques/logs/C206-25.xml_log.log""",4,0,13.0.2,C2-25,132.0,372687.0,
linux64,2026-07-02 06:01:59,8,8,4,373725,216585,1455720,0x0871fdbc,375,216090,189735,1.0,100000.0,2.0,60.0,1.0,4000.0,1.0,100000.0,16.64,246439,216465,1019190,200.5,136018,99.72,0,2497,1341110,7213.97,4768.9,,214.4,,44.0,68.0,93.0,58.0,2.0,578.0,6.0,11.0,26.0,329.0,8,0,TIME_LIMIT,MIP,{'Threads': 4},/home/cgonzalez/mE-VRSPTW/src/Resultados/Restriccion_todas_cliques/logs/C2-25/C207-25.xml_log.log,1,,30.0,567.0,,,,,5.92,15.0,0.0,1.2531642e-14,126.0,,,,,"""src/Resultados/Restriccion todas cliques/logs/C207-25.xml_log.log""",4,0,13.0.2,C2-25,1812.0,375537.0,
linux64,2026-07-02 10:05:36,8,8,4,373050,215910,1449150,0x4d84cf1b,375,215415,189060,1.0,100000.0,2.0,60.0,1.0,4000.0,1.0,100000.0,15.29,245734,215790,1013100,201.9,140110,72.72,0,3242,1454722,7200.65,5332.87,,201.9,,23.0,33.0,24.0,116.0,9.0,88.0,8.0,11.0,44.0,37.0,8,0,TIME_LIMIT,MIP,{'Threads': 4},/home/cgonzalez/mE-VRSPTW/src/Resultados/Restriccion_todas_cliques/logs/C2-25/C208-25.xml_log.log,1,,36.0,68.0,,,,,3.11,15.0,0.0,8.7568841e-15,95.0,,,,,"""src/Resultados/Restriccion todas cliques/logs/C208-25.xml_log.log""",4,0,13.0.2,C2-25,497.0,373547.0,
linux64,2026-07-01 07:40:16,8,8,4,375817,223845,2606715,0x99138387,735,222990,196635,1.0,100000.0,2.0,60.0,1.0,4000.0,1.0,100000.0,17.39,253009,223725,1141500,377.8,129510,115.37,0,788,1962124,7200.62,4471.12,,377.8,,123.0,320.0,319.0,293.0,,,,,85.0,95.0,8,0,TIME_LIMIT,MIP,{'Threads': 4},/home/cgonzalez/mE-VRSPTW/src/Resultados/Restriccion_todas_cliques/logs/C2-50/C201-50.xml_log.log,1,1.0,,,,,,,6.21,19.0,0.0,2.5327657e-13,137.0,,,,,"""src/Resultados/Restriccion todas cliques/logs/C201-50.xml_log.log""",4,0,13.0.2,C2-50,1236.0,377053.0,
linux64,2026-07-01 11:45:00,8,8,4,401509,242775,3180375,0xae756b38,750,241905,215550,1.0,100000.0,2.0,60.0,1.0,4000.0,1.0,100000.0,22.19,272776,242655,1280040,354.8,133136,151.22,0,169,1249383,7200.27,4137.86,,354.8,,863.0,274.0,289.0,1272.0,27.0,2.0,2.0,2.0,189.0,3591.0,8,0,TIME_LIMIT,MIP,{'Threads': 4},/home/cgonzalez/mE-VRSPTW/src/Resultados/Restriccion_todas_cliques/logs/C2-50/C202-50.xml_log.log,1,8.0,4.0,,,,,,13.7,14.0,0.0,1.5903945e-14,173.0,,,,,"""src/Resultados/Restriccion todas cliques/logs/C202-50.xml_log.log""",4,0,13.0.2,C2-50,6523.0,408032.0,
linux64,2026-07-01 15:49:36,8,8,4,408801,249975,3585165,0x510c3df2,750,249105,222750,1.0,100000.0,2.0,60.0,1.0,4000.0,1.0,100000.0,31.01,280083,249855,1351410,333.5,142522,273.1,0,2464,1905325,7201.32,4489.04,,333.5,,144.0,551.0,663.0,154.0,1.0,5.0,3.0,3.0,215.0,128.0,8,0,TIME_LIMIT,MIP,{'Threads': 4},/home/cgonzalez/mE-VRSPTW/src/Resultados/Restriccion_todas_cliques/logs/C2-50/C203-50.xml_log.log,1,,5.0,,1.0,2.0,,,32.3,14.0,0.0,2.8449465e-14,319.0,,,,,"""src/Resultados/Restriccion todas cliques/logs/C203-50.xml_log.log""",4,0,13.0.2,C2-50,1875.0,410676.0,
linux64,2026-07-01 19:53:44,8,8,4,413751,254925,3833010,0xe77b5969,750,254055,227700,1.0,100000.0,2.0,60.0,1.0,4000.0,1.0,100000.0,51.85,285243,254805,1401315,324.7,140833,223.92,0,1309,1825791,7201.41,5098.21,,324.7,,30.0,159.0,72.0,197.0,,1.0,1.0,,238.0,74.0,8,0,TIME_LIMIT,MIP,{'Threads': 4},/home/cgonzalez/mE-VRSPTW/src/Resultados/Restriccion_todas_cliques/logs/C2-50/C204-50.xml_log.log,1,,4.0,,,1.0,,3.0,26.13,13.0,0.0,5.1070259e-15,289.0,,,,,"""src/Resultados/Restriccion todas cliques/logs/C204-50.xml_log.log""",4,0,13.0.2,C2-50,780.0,414531.0,
linux64,2026-07-01 23:56:52,8,8,4,386862,231210,2761635,0xb7219318,750,230340,203985,1.0,100000.0,2.0,60.0,1.0,4000.0,1.0,100000.0,20.94,260994,231090,1188105,348.4,136272,201.7,0,1,1319629,7200.17,3192.51,,356.9,,165.0,9834.0,155.0,2811.0,16.0,29.0,17.0,10.0,309.0,6207.0,8,0,TIME_LIMIT,MIP,{'Threads': 4},/home/cgonzalez/mE-VRSPTW/src/Resultados/Restriccion_todas_cliques/logs/C2-50/C205-50.xml_log.log,1,,5.0,,,,,,11.23,15.0,0.0,6.3310468e-14,232.0,,,,,"""src/Resultados/Restriccion todas cliques/logs/C205-50.xml_log.log""",4,0,13.0.2,C2-50,19558.0,406420.0,
linux64,2026-07-02 04:00:28,8,8,4,395642,237000,2869035,0xd64d7471,750,236130,209775,1.0,100000.0,2.0,60.0,1.0,4000.0,1.0,100000.0,29.6,266864,236880,1222635,345.8,140946,250.72,0,1,1289326,7200.89,3473.72,,353.5,,32.0,11839.0,314.0,375.0,5.0,58.0,7.0,,379.0,8349.0,8,0,TIME_LIMIT,MIP,{'Threads': 4},/home/cgonzalez/mE-VRSPTW/src/Resultados/Restriccion_todas_cliques/logs/C2-50/C206-50.xml_log.log,1,,2.0,,,18.0,,4.0,9.91,15.0,0.0,3.3598124e-14,294.0,,,,,"""src/Resultados/Restriccion todas cliques/logs/C206-50.xml_log.log""",4,0,13.0.2,C2-50,21382.0,417024.0,
linux64,2026-07-02 08:04:03,8,8,4,399407,240765,3035445,0x0293173f,750,239895,213540,1.0,100000.0,2.0,60.0,1.0,4000.0,1.0,100000.0,42.24,270674,240645,1260360,344.2,139367,221.59,0,565,1068827,7201.04,4611.34,,344.2,,209.0,208.0,775.0,106.0,4.0,,1.0,,182.0,64.0,8,0,TIME_LIMIT,MIP,{'Threads': 4},/home/cgonzalez/mE-VRSPTW/src/Resultados/Restriccion_todas_cliques/logs/C2-50/C207-50.xml_log.log,1,,6.0,,,206.0,,,18.29,15.0,0.0,3.0496439e-14,277.0,,,,,"""src/Resultados/Restriccion todas cliques/logs/C207-50.xml_log.log""",4,0,13.0.2,C2-50,1761.0,401168.0,
linux64,2026-07-02 12:07:17,8,8,4,397157,238515,2936100,0x92ec7fce,750,237645,211290,1.0,100000.0,2.0,60.0,1.0,4000.0,1.0,100000.0,38.24,268394,238395,1237830,344.1,135915,128.61,0,953,807780,7201.27,4825.77,,344.2,,78.0,208.0,482.0,100.0,1.0,1.0,,,200.0,126.0,8,0,TIME_LIMIT,MIP,{'Threads': 4},/home/cgonzalez/mE-VRSPTW/src/Resultados/Restriccion_todas_cliques/logs/C2-50/C208-50.xml_log.log,1,,7.0,,,,,,12.82,14.0,0.0,3.5985104e-14,178.0,,,,,"""src/Resultados/Restriccion todas cliques/logs/C208-50.xml_log.log""",4,0,13.0.2,C2-50,1203.0,398360.0,
linux64,2026-07-02 14:08:34,8,8,4,96413,57015,449775,0x61c8146b,0,56775,48525,1.0,40000.0,7.0,60.0,1.0,2000.0,1.0,40000.0,4.56,65108,56775,275865,617.1,64095,97.74,0,4649,4650778,7200.16,7649.62,,617.1,,1397.0,13.0,486.0,419.0,351.0,359.0,681.0,8.0,14.0,298.0,8,0,TIME_LIMIT,MIP,{'Threads': 4},/home/cgonzalez/mE-VRSPTW/src/Resultados/Restriccion_todas_cliques/logs/R1-25/R101-25.xml_log.log,1,,2.0,,,130.0,,,,,,,,7.0,,,,"""src/Resultados/Restriccion todas cliques/logs/R101-25.xml_log.log""",4,0,13.0.2,R1-25,4165.0,100578.0,
linux64,2026-07-02 18:10:39,8,8,4,111172,67245,524895,0x6a513a65,375,66720,58785,1.0,40000.0,7.0,60.0,1.0,2000.0,1.0,40000.0,4.98,76142,67095,334950,461.2,54899,81.83,0,5182,3333572,7206.83,4904.2,,506.0,,279.0,51.0,57.0,40.0,4.0,134.0,192.0,69.0,32.0,48.0,8,0,TIME_LIMIT,MIP,{'Threads': 4},/home/cgonzalez/mE-VRSPTW/src/Resultados/Restriccion_todas_cliques/logs/R1-25/R102-25.xml_log.log,1,,6.0,80.0,,,,,,,,,,,2.0,,,"""src/Resultados/Restriccion todas cliques/logs/R102-25.xml_log.log""",4,0,13.0.2,R1-25,994.0,112166.0,
linux64,2026-07-02 22:13:25,8,8,4,112940,69000,553380,0x8c651656,375,68475,60540,1.0,40000.0,7.0,60.0,1.0,2000.0,1.0,40000.0,5.23,77942,68850,352470,363.8,50256,49.31,0,8540,4983380,7200.16,9204.91,,368.8,,22.0,21.0,5.0,,,,11.0,,50.0,16.0,8,0,TIME_LIMIT,MIP,{'Threads': 4},/home/cgonzalez/mE-VRSPTW/src/Resultados/Restriccion_todas_cliques/logs/R1-25/R103-25.xml_log.log,1,,1.0,,,,,,,,,,,,,,,"""src/Resultados/Restriccion todas cliques/logs/R103-25.xml_log.log""",4,0,13.0.2,R1-25,126.0,113066.0,
linux64,2026-07-03 02:16:06,8,8,4,115620,70860,565125,0x309917d9,375,70305,62370,1.0,40000.0,7.0,60.0,1.0,2000.0,1.0,40000.0,3.86,79850,70680,364410,352.8,41405,43.82,0,10401,4903073,7229.07,8633.02,,359.6,,40.0,57.0,3.0,8.0,,2.0,31.0,,69.0,25.0,8,0,TIME_LIMIT,MIP,{'Threads': 4},/home/cgonzalez/mE-VRSPTW/src/Resultados/Restriccion_todas_cliques/logs/R1-25/R104-25.xml_log.log,1,,2.0,,,,,,,,,,,,,,,"""src/Resultados/Restriccion todas cliques/logs/R104-25.xml_log.log""",4,0,13.0.2,R1-25,237.0,115857.0,
linux64,2026-07-03 06:19:24,8,8,4,101105,60330,456615,0x19b73a85,210,59910,51855,1.0,40000.0,7.0,60.0,1.0,2000.0,1.0,40000.0,3.98,68558,60120,297345,452.2,58276,73.59,0,5498,3667778,7218.93,5077.1,596.5,516.7,0.13378,33.0,13.0,4.0,107.0,,192.0,126.0,24.0,44.0,18.0,8,10,TIME_LIMIT,MIP,{'Threads': 4},/home/cgonzalez/mE-VRSPTW/src/Resultados/Restriccion_todas_cliques/logs/R1-25/R105-25.xml_log.log,1,,1.0,135.0,,,,,,,,,,,,,,"""src/Resultados/Restriccion todas cliques/logs/R105-25.xml_log.log""",4,0,13.0.2,R1-25,697.0,101802.0,13.378
linux64,2026-07-03 10:22:17,8,8,4,112033,68100,529995,0xd46c8aad,375,67575,59640,1.0,40000.0,7.0,60.0,1.0,2000.0,1.0,40000.0,3.11,76997,67950,343380,378.7,52815,46.7,0,5236,3172653,7200.59,5033.54,536.0,424.4,0.208209,,,,,,,,,,,8,9,TIME_LIMIT,MIP,{'Threads': 4},/home/cgonzalez/mE-VRSPTW/src/Resultados/Restriccion_todas_cliques/logs/R1-25/R106-25.xml_log.log,1,,,,,,,,,,,,,,,,,"""src/Resultados/Restriccion todas cliques/logs/R106-25.xml_log.log""",4,0,13.0.2,R1-25,0.0,112033.0,20.8209
linux64,2026-07-03 14:24:55,8,8,4,113411,69480,551955,0x30f956de,375,68955,61020,1.0,40000.0,7.0,60.0,1.0,2000.0,1.0,40000.0,5.72,78422,69330,357270,354.5,53927,55.78,0,1593,2916395,7201.04,5579.66,477.9,383.0,0.198577,216.0,19.0,34.0,35.0,1.0,135.0,199.0,48.0,49.0,26.0,8,10,TIME_LIMIT,MIP,{'Threads': 4},/home/cgonzalez/mE-VRSPTW/src/Resultados/Restriccion_todas_cliques/logs/R1-25/R107-25.xml_log.log,1,,4.0,34.0,,,,,,,,,,,,4.0,,"""src/Resultados/Restriccion todas cliques/logs/R107-25.xml_log.log""",4,0,13.0.2,R1-25,804.0,114215.0,19.8577
linux64,2026-07-03 18:28:24,8,8,4,115963,71205,568350,0x78bfacbe,375,70665,62730,1.0,40000.0,7.0,60.0,1.0,2000.0,1.0,40000.0,6.94,80210,71040,368010,343.6,57990,70.09,0,9949,4468660,7200.21,8470.45,,348.6,,24.0,24.0,19.0,16.0,,,9.0,,43.0,7.0,8,0,TIME_LIMIT,MIP,{'Threads': 4},/home/cgonzalez/mE-VRSPTW/src/Resultados/Restriccion_todas_cliques/logs/R1-25/R108-25.xml_log.log,1,,3.0,,,,,,,,,,,,,,,"""src/Resultados/Restriccion todas cliques/logs/R108-25.xml_log.log""",4,0,13.0.2,R1-25,145.0,116108.0,
linux64,2026-07-03 22:31:16,8,8,4,108606,65505,494760,0x5a761cd9,375,64935,57000,1.0,40000.0,7.0,60.0,1.0,2000.0,1.0,40000.0,4.65,74294,65310,330015,374.7,43557,42.42,0,2753,2593017,7201.19,5233.51,446.8,403.8,0.09624,160.0,29.0,46.0,147.0,21.0,348.0,173.0,58.0,60.0,86.0,8,10,TIME_LIMIT,MIP,{'Threads': 4},/home/cgonzalez/mE-VRSPTW/src/Resultados/Restriccion_todas_cliques/logs/R1-25/R109-25.xml_log.log,1,,2.0,31.0,,,,,,,,,,,,,,"""src/Resultados/Restriccion todas cliques/logs/R109-25.xml_log.log""",4,0,13.0.2,R1-25,1161.0,109767.0,9.624
linux64,2026-07-04 02:36:05,8,8,4,114057,69300,535680,0xa21b4d06,375,68745,60810,1.0,40000.0,7.0,60.0,1.0,2000.0,1.0,40000.0,5.95,78170,69120,353175,344.7,51107,50.7,0,3264,2973735,7205.07,5047.34,,366.9,,123.0,25.0,32.0,93.0,6.0,370.0,145.0,70.0,62.0,29.0,8,0,TIME_LIMIT,MIP,{'Threads': 4},/home/cgonzalez/mE-VRSPTW/src/Resultados/Restriccion_todas_cliques/logs/R1-25/R110-25.xml_log.log,1,,,55.0,,,,2.0,,,,,,,,,,"""src/Resultados/Restriccion todas cliques/logs/R110-25.xml_log.log""",4,0,13.0.2,R1-25,1012.0,115069.0,
linux64,2026-07-04 06:39:15,8,8,4,112505,68850,544230,0xf291b33d,375,68310,60375,1.0,40000.0,7.0,60.0,1.0,2000.0,1.0,40000.0,5.2,77726,68685,355050,354.5,54839,71.85,0,2921,3050134,7203.63,5158.09,479.6,393.1,0.18035900000000002,85.0,3.0,17.0,39.0,3.0,320.0,81.0,16.0,41.0,12.0,8,10,TIME_LIMIT,MIP,{'Threads': 4},/home/cgonzalez/mE-VRSPTW/src/Resultados/Restriccion_todas_cliques/logs/R1-25/R111-25.xml_log.log,1,,4.0,35.0,,,,,,,,,,,,,,"""src/Resultados/Restriccion todas cliques/logs/R111-25.xml_log.log""",4,0,13.0.2,R1-25,656.0,113161.0,18.0359
linux64,2026-07-04 10:42:44,8,8,4,116457,71700,576105,0x597f471a,375,71190,63255,1.0,40000.0,7.0,60.0,1.0,2000.0,1.0,40000.0,6.97,80630,71565,370470,343.6,58422,62.94,0,4956,1960032,7200.37,6638.47,,356.2,,67.0,19.0,107.0,130.0,6.0,269.0,14.0,44.0,52.0,215.0,8,0,TIME_LIMIT,MIP,{'Threads': 4},/home/cgonzalez/mE-VRSPTW/src/Resultados/Restriccion_todas_cliques/logs/R1-25/R112-25.xml_log.log,1,,14.0,16.0,,,,,,,,,,,1.0,,,"""src/Resultados/Restriccion todas cliques/logs/R112-25.xml_log.log""",4,0,13.0.2,R1-25,954.0,117411.0,
linux64,2026-07-02 16:09:43,8,8,4,198507,118740,3045630,0x9d9cc791,0,118230,101715,1.0,40000.0,5.0,60.0,1.0,2000.0,1.0,40000.0,29.74,133575,118230,598230,1031.2,63472,27.18,0,1147,1308554,7200.57,4188.37,,1041.900200595,,913.0,13.0,136.0,153.0,204.0,256.0,524.0,8.0,14.0,729.0,8,0,TIME_LIMIT,MIP,{'Threads': 4},/home/cgonzalez/mE-VRSPTW/src/Resultados/Restriccion_todas_cliques/logs/R1-50/R101-50.xml_log.log,1,1.0,11.0,97.0,,1.0,,,1.85,22.0,0.0,9.4507735e-15,61.0,,,,,"""src/Resultados/Restriccion todas cliques/logs/R101-50.xml_log.log""",4,0,13.0.2,R1-50,3060.0,201567.0,
linux64,2026-07-02 20:12:18,8,8,4,236981,146910,2687940,0x0480f429,750,145665,129810,1.0,40000.0,5.0,60.0,1.0,2000.0,1.0,40000.0,22.56,164514,146415,799830,719.5,68525,53.64,0,1300,1722057,7200.25,4848.14,,755.8,,,,,,,,,,,,8,0,TIME_LIMIT,MIP,{'Threads': 4},/home/cgonzalez/mE-VRSPTW/src/Resultados/Restriccion_todas_cliques/logs/R1-50/R102-50.xml_log.log,1,,,,,,,,3.67,13.0,0.0,5.4900529e-14,83.0,,,,,"""src/Resultados/Restriccion todas cliques/logs/R102-50.xml_log.log""",4,0,13.0.2,R1-50,0.0,236981.0,
linux64,2026-07-03 00:14:55,8,8,4,250165,157275,2933925,0x11bc4120,750,156090,140235,1.0,40000.0,5.0,60.0,1.0,2000.0,1.0,40000.0,41.24,175104,156840,876885,572.9,70995,51.45,0,345,1430188,7200.51,5405.87,,626.6,,56.0,368.0,183.0,78.0,3.0,4.0,260.0,1.0,73.0,204.0,8,0,TIME_LIMIT,MIP,{'Threads': 4},/home/cgonzalez/mE-VRSPTW/src/Resultados/Restriccion_todas_cliques/logs/R1-50/R103-50.xml_log.log,1,,,,,,,,6.13,14.0,0.0,3.9412917e-14,97.0,,1.0,,,"""src/Resultados/Restriccion todas cliques/logs/R103-50.xml_log.log""",4,0,13.0.2,R1-50,1231.0,251396.0,
linux64,2026-07-03 04:18:09,8,8,4,258149,164220,2935260,0xddbcc2e8,750,163110,147255,1.0,40000.0,4.0,60.0,1.0,2000.0,1.0,40000.0,16.77,182283,163860,931245,502.9,71194,89.42,0,5199,1265941,7201.73,4884.43,,522.6,,211.0,98.0,150.0,105.0,3.0,327.0,83.0,52.0,87.0,96.0,8,0,TIME_LIMIT,MIP,{'Threads': 4},/home/cgonzalez/mE-VRSPTW/src/Resultados/Restriccion_todas_cliques/logs/R1-50/R104-50.xml_log.log,1,1.0,19.0,193.0,,,,,7.45,15.0,0.0,1.9678703e-14,110.0,,,,,"""src/Resultados/Restriccion todas cliques/logs/R104-50.xml_log.log""",4,0,13.0.2,R1-50,1425.0,259574.0,
linux64,2026-07-03 08:21:16,8,8,4,209237,126855,2123160,0xa5dba218,570,125835,109845,1.0,40000.0,4.0,60.0,1.0,2000.0,1.0,40000.0,13.24,142770,126405,660360,804.7,64825,27.29,0,344,1195159,7200.33,4821.99,,851.8,,176.0,1760.0,1052.0,298.0,6.0,36.0,122.0,6.0,251.0,3227.0,8,0,TIME_LIMIT,MIP,{'Threads': 4},/home/cgonzalez/mE-VRSPTW/src/Resultados/Restriccion_todas_cliques/logs/R1-50/R105-50.xml_log.log,1,,,,,,,,1.71,18.0,0.0,1.1497821e-12,43.0,,,,,"""src/Resultados/Restriccion todas cliques/logs/R105-50.xml_log.log""",4,0,13.0.2,R1-50,6934.0,216171.0,
linux64,2026-07-03 12:23:44,8,8,4,240043,149850,2520675,0xebbd2ce3,750,148695,132840,1.0,40000.0,4.0,60.0,1.0,2000.0,1.0,40000.0,16.7,167544,149445,826875,562.7,69678,34.95,0,339,797436,7200.53,4941.25,,613.0,,193.0,838.0,795.0,271.0,16.0,43.0,8.0,7.0,297.0,1277.0,8,0,TIME_LIMIT,MIP,{'Threads': 4},/home/cgonzalez/mE-VRSPTW/src/Resultados/Restriccion_todas_cliques/logs/R1-50/R106-50.xml_log.log,1,,3.0,,,1.0,,,3.22,16.0,0.0,3.0493837e-14,56.0,,,,,"""src/Resultados/Restriccion todas cliques/logs/R106-50.xml_log.log""",4,0,13.0.2,R1-50,3749.0,243792.0,
linux64,2026-07-03 16:26:47,8,8,4,252036,159165,2741880,0x4b1ba967,750,158025,142170,1.0,40000.0,4.0,60.0,1.0,2000.0,1.0,40000.0,18.35,177039,158775,895395,499.8,71591,57.4,0,5347,1397535,7201.36,4795.44,,499.8,,117.0,320.0,548.0,197.0,4.0,22.0,1.0,14.0,299.0,218.0,8,0,TIME_LIMIT,MIP,{'Threads': 4},/home/cgonzalez/mE-VRSPTW/src/Resultados/Restriccion_todas_cliques/logs/R1-50/R107-50.xml_log.log,1,3.0,10.0,,,19.0,,1.0,3.63,14.0,0.0,6.5281114e-14,80.0,,1.0,,,"""src/Resultados/Restriccion todas cliques/logs/R107-50.xml_log.log""",4,0,13.0.2,R1-50,1774.0,253810.0,
linux64,2026-07-03 20:29:54,8,8,4,258851,164895,2951355,0xae765308,750,163785,147930,1.0,40000.0,4.0,60.0,1.0,2000.0,1.0,40000.0,22.05,182958,164535,937995,476.4,72337,59.07,0,594,741110,7200.67,4932.05,,495.3,,99.0,2985.0,951.0,651.0,9.0,33.0,10.0,3.0,403.0,3624.0,8,0,TIME_LIMIT,MIP,{'Threads': 4},/home/cgonzalez/mE-VRSPTW/src/Resultados/Restriccion_todas_cliques/logs/R1-50/R108-50.xml_log.log,1,,1.0,,,,,,4.62,13.0,0.0,3.594347e-15,88.0,,,,,"""src/Resultados/Restriccion todas cliques/logs/R108-50.xml_log.log""",4,0,13.0.2,R1-50,8769.0,267620.0,
linux64,2026-07-04 00:32:57,8,8,4,227797,141015,2112090,0xb39fe137,750,139830,123975,1.0,40000.0,4.0,60.0,1.0,2000.0,1.0,40000.0,12.23,158517,140580,771915,571.3,68456,59.89,0,1656,757398,7306.88,5600.02,,625.3,,125.0,1072.0,889.0,412.0,6.0,34.0,38.0,5.0,339.0,1321.0,8,0,TIME_LIMIT,MIP,{'Threads': 4},/home/cgonzalez/mE-VRSPTW/src/Resultados/Restriccion_todas_cliques/logs/R1-50/R109-50.xml_log.log,1,,3.0,,,1.0,,,5.42,15.0,0.0,1.2181922e-13,75.0,,,,,"""src/Resultados/Restriccion todas cliques/logs/R109-50.xml_log.log""",4,0,13.0.2,R1-50,4245.0,232042.0,
linux64,2026-07-04 04:37:51,8,8,4,242179,152085,2562240,0xd270c4f1,750,150930,135075,1.0,40000.0,4.0,60.0,1.0,2000.0,1.0,40000.0,24.74,169734,151680,851115,499.0,69755,50.47,0,292,814960,7200.57,5450.94,,521.3,,152.0,2158.0,483.0,161.0,11.0,39.0,19.0,14.0,389.0,4521.0,8,0,TIME_LIMIT,MIP,{'Threads': 4},/home/cgonzalez/mE-VRSPTW/src/Resultados/Restriccion_todas_cliques/logs/R1-50/R110-50.xml_log.log,1,,1.0,,,,,,8.5,12.0,0.0,6.2380656e-14,79.0,,,,,"""src/Resultados/Restriccion todas cliques/logs/R110-50.xml_log.log""",4,0,13.0.2,R1-50,7948.0,250127.0,
linux64,2026-07-04 08:41:12,8,8,4,245298,155205,2616060,0xca2d9d30,750,154065,138210,1.0,40000.0,4.0,60.0,1.0,2000.0,1.0,40000.0,33.27,172929,154815,876795,496.6,69730,71.51,0,346,906664,7201.14,3701.59,,519.9,,253.0,1257.0,444.0,245.0,23.0,27.0,18.0,3.0,390.0,2001.0,8,0,TIME_LIMIT,MIP,{'Threads': 4},/home/cgonzalez/mE-VRSPTW/src/Resultados/Restriccion_todas_cliques/logs/R1-50/R111-50.xml_log.log,1,,3.0,,,,,,3.57,14.0,0.0,4.968248e-15,108.0,,,,,"""src/Resultados/Restriccion todas cliques/logs/R111-50.xml_log.log""",4,0,13.0.2,R1-50,4664.0,249962.0,
linux64,2026-07-04 12:44:38,8,8,4,250697,160605,2979810,0x2aefb06f,750,159510,143655,1.0,40000.0,4.0,60.0,1.0,2000.0,1.0,40000.0,31.33,178359,160260,922620,470.6,70199,57.82,0,5358,1350343,7200.95,4842.94,,493.5,,155.0,110.0,294.0,214.0,52.0,495.0,69.0,23.0,81.0,168.0,8,0,TIME_LIMIT,MIP,{'Threads': 4},/home/cgonzalez/mE-VRSPTW/src/Resultados/Restriccion_todas_cliques/logs/R1-50/R112-50.xml_log.log,1,,20.0,168.0,,,,,4.76,14.0,0.0,2.5726643e-13,96.0,,,,,"""src/Resultados/Restriccion todas cliques/logs/R112-50.xml_log.log""",4,0,13.0.2,R1-50,1849.0,252546.0,
linux64,2026-07-04 14:46:00,8,8,4,121482,72585,535980,0xa233666f,375,72090,63660,1.0,200000.0,7.0,60.0,1.0,2000.0,1.0,200000.0,5.66,82100,72465,357465,423.0,41243,48.67,0,5507,3584777,7202.78,5651.73,519.8,459.6,0.115814,101.0,24.0,60.0,41.0,6.0,352.0,38.0,42.0,80.0,163.0,8,9,TIME_LIMIT,MIP,{'Threads': 4},/home/cgonzalez/mE-VRSPTW/src/Resultados/Restriccion_todas_cliques/logs/R2-25/R201-25.xml_log.log,1,,2.0,193.0,,,,,,,,,,,,,,"""src/Resultados/Restriccion todas cliques/logs/R201-25.xml_log.log""",4,0,13.0.2,R2-25,1102.0,122584.0,11.5814
linux64,2026-07-04 18:49:29,8,8,4,128195,77550,594945,0xce19498f,375,77055,68625,1.0,200000.0,7.0,60.0,1.0,2000.0,1.0,200000.0,5.92,87163,77430,390885,367.8,52694,75.48,0,1211,1949142,7203.33,6308.87,458.3,388.0,0.153393,217.0,20.0,1.0,76.0,18.0,449.0,139.0,36.0,85.0,11.0,8,10,TIME_LIMIT,MIP,{'Threads': 4},/home/cgonzalez/mE-VRSPTW/src/Resultados/Restriccion_todas_cliques/logs/R2-25/R202-25.xml_log.log,1,,5.0,77.0,,,,,,,,,,,,,,"""src/Resultados/Restriccion todas cliques/logs/R202-25.xml_log.log""",4,0,13.0.2,R2-25,1134.0,129329.0,15.3393
linux64,2026-07-04 22:53:05,8,8,4,129335,78690,613890,0xb0cea683,375,78195,69765,1.0,200000.0,7.0,60.0,1.0,2000.0,1.0,200000.0,5.81,88348,78570,401235,354.5,31635,30.57,0,5373,3042252,7204.03,5497.94,442.7,369.7,0.164897,147.0,20.0,2.0,41.0,1.0,335.0,104.0,38.0,66.0,198.0,8,10,TIME_LIMIT,MIP,{'Threads': 4},/home/cgonzalez/mE-VRSPTW/src/Resultados/Restriccion_todas_cliques/logs/R2-25/R203-25.xml_log.log,1,1.0,,87.0,,,,,,,,,,,,,,"""src/Resultados/Restriccion todas cliques/logs/R203-25.xml_log.log""",4,0,13.0.2,R2-25,1040.0,130375.0,16.4897
linux64,2026-07-05 02:56:48,8,8,4,130436,79515,624180,0xea269085,375,79020,70590,1.0,200000.0,7.0,60.0,1.0,2000.0,1.0,200000.0,5.87,89239,79395,406980,343.6,50289,50.0,0,7511,3840081,7201.07,7417.68,413.4,357.7,0.134736,83.0,23.0,21.0,54.0,2.0,382.0,24.0,37.0,94.0,244.0,8,10,TIME_LIMIT,MIP,{'Threads': 4},/home/cgonzalez/mE-VRSPTW/src/Resultados/Restriccion_todas_cliques/logs/R2-25/R204-25.xml_log.log,1,,11.0,328.0,,,,,,,,,,,,,,"""src/Resultados/Restriccion todas cliques/logs/R204-25.xml_log.log""",4,0,13.0.2,R2-25,1303.0,131739.0,13.4736
linux64,2026-07-05 07:00:47,8,8,4,123267,74370,566535,0x7321faa2,375,73875,65445,1.0,200000.0,7.0,60.0,1.0,2000.0,1.0,200000.0,6.17,83885,74250,373530,374.7,41162,41.2,0,1999,3292957,7200.55,6072.18,444.2,389.0,0.124268,60.0,71.0,108.0,65.0,11.0,86.0,53.0,16.0,111.0,55.0,8,10,TIME_LIMIT,MIP,{'Threads': 4},/home/cgonzalez/mE-VRSPTW/src/Resultados/Restriccion_todas_cliques/logs/R2-25/R205-25.xml_log.log,1,,1.0,3.0,,,,,,,,,,,,,,"""src/Resultados/Restriccion todas cliques/logs/R205-25.xml_log.log""",4,0,13.0.2,R2-25,640.0,123907.0,12.4268
linux64,2026-07-05 11:05:04,8,8,4,128915,78270,607290,0x9219c706,375,77775,69345,1.0,200000.0,7.0,60.0,1.0,2000.0,1.0,200000.0,4.2,87883,78150,397365,343.6,55065,65.25,0,3212,3476185,7200.9,5111.83,485.1,370.6,0.236034,101.0,22.0,1.0,52.0,8.0,2264.0,98.0,28.0,108.0,110.0,8,10,TIME_LIMIT,MIP,{'Threads': 4},/home/cgonzalez/mE-VRSPTW/src/Resultados/Restriccion_todas_cliques/logs/R2-25/R206-25.xml_log.log,1,,4.0,302.0,,,,1.0,,,,,,,,,,"""src/Resultados/Restriccion todas cliques/logs/R206-25.xml_log.log""",4,0,13.0.2,R2-25,3099.0,132014.0,23.6034
linux64,2026-07-05 15:08:28,8,8,4,129530,78885,617580,0x5e339ecd,375,78390,69960,1.0,200000.0,7.0,60.0,1.0,2000.0,1.0,200000.0,5.41,88543,78765,402990,343.6,36070,41.4,0,3104,3356287,7202.62,5305.12,469.8,361.1,0.231375,143.0,46.0,33.0,75.0,23.0,210.0,78.0,59.0,119.0,49.0,8,6,TIME_LIMIT,MIP,{'Threads': 4},/home/cgonzalez/mE-VRSPTW/src/Resultados/Restriccion_todas_cliques/logs/R2-25/R207-25.xml_log.log,1,,1.0,41.0,,,,,,,,,,,,,,"""src/Resultados/Restriccion todas cliques/logs/R207-25.xml_log.log""",4,0,13.0.2,R2-25,877.0,130407.0,23.1375
linux64,2026-07-05 19:12:53,8,8,4,130511,79590,625995,0xa1eaed43,375,79095,70665,1.0,200000.0,7.0,60.0,1.0,2000.0,1.0,200000.0,9.5,89314,79470,407655,343.6,41997,38.03,0,5237,2183600,7200.29,6078.9,,356.2000000002,,50.0,34.0,35.0,102.0,12.0,97.0,11.0,31.0,95.0,18.0,8,0,TIME_LIMIT,MIP,{'Threads': 4},/home/cgonzalez/mE-VRSPTW/src/Resultados/Restriccion_todas_cliques/logs/R2-25/R208-25.xml_log.log,1,,7.0,14.0,,,,,,,,,,,,,,"""src/Resultados/Restriccion todas cliques/logs/R208-25.xml_log.log""",4,0,13.0.2,R2-25,506.0,131017.0,
linux64,2026-07-05 23:16:40,8,8,4,128801,77880,598350,0x80336e3f,375,77385,68955,1.0,200000.0,7.0,60.0,1.0,2000.0,1.0,200000.0,7.42,87469,77760,391980,355.7,49074,47.92,0,5442,3937913,7200.29,5637.01,,365.5,,,,,5.0,2.0,737.0,3.0,13.0,,40.0,8,0,TIME_LIMIT,MIP,{'Threads': 4},/home/cgonzalez/mE-VRSPTW/src/Resultados/Restriccion_todas_cliques/logs/R2-25/R209-25.xml_log.log,1,,1.0,614.0,,,,,,,,,,,,,,"""src/Resultados/Restriccion todas cliques/logs/R209-25.xml_log.log""",4,0,13.0.2,R2-25,1415.0,130216.0,
linux64,2026-07-06 03:19:59,8,8,4,128598,78045,603510,0xe5873d4a,375,77550,69120,1.0,200000.0,7.0,60.0,1.0,2000.0,1.0,200000.0,2.92,87611,77925,395850,354.5,62821,47.11,0,4769,3410043,7202.38,5931.65,509.1,390.4,0.233157,135.0,19.0,4.0,54.0,16.0,1695.0,159.0,54.0,54.0,400.0,8,6,TIME_LIMIT,MIP,{'Threads': 4},/home/cgonzalez/mE-VRSPTW/src/Resultados/Restriccion_todas_cliques/logs/R2-25/R210-25.xml_log.log,1,,3.0,706.0,,,,1.0,,,,,,,,,,"""src/Resultados/Restriccion todas cliques/logs/R210-25.xml_log.log""",4,0,13.0.2,R2-25,3300.0,131898.0,23.3157
linux64,2026-07-06 07:23:04,8,8,4,130676,79755,628770,0x087fbe48,375,79260,70830,1.0,200000.0,7.0,60.0,1.0,2000.0,1.0,200000.0,3.64,89359,79635,408900,343.6,48415,36.6,0,4362,2998215,7200.28,5553.38,,356.2000000001,,237.0,23.0,61.0,43.0,9.0,640.0,19.0,36.0,103.0,27.0,8,0,TIME_LIMIT,MIP,{'Threads': 4},/home/cgonzalez/mE-VRSPTW/src/Resultados/Restriccion_todas_cliques/logs/R2-25/R211-25.xml_log.log,1,,6.0,71.0,,,,,,,,,,,,,,"""src/Resultados/Restriccion todas cliques/logs/R211-25.xml_log.log""",4,0,13.0.2,R2-25,1275.0,131951.0,
linux64,2026-07-04 16:48:05,8,8,4,252842,154470,2117145,0x087de7fb,750,153525,136680,1.0,200000.0,4.0,60.0,1.0,2000.0,1.0,200000.0,19.09,173544,154275,806655,720.4,84253,90.56,0,1053,1239713,7200.96,4914.35,,768.8,,117.0,1963.0,1133.0,165.0,6.0,143.0,,2.0,256.0,1877.0,8,0,TIME_LIMIT,MIP,{'Threads': 4},/home/cgonzalez/mE-VRSPTW/src/Resultados/Restriccion_todas_cliques/logs/R2-50/R201-50.xml_log.log,1,1.0,2.0,,,3.0,,,5.68,12.0,0.0,2.2148949e-14,116.0,,,,,"""src/Resultados/Restriccion todas cliques/logs/R201-50.xml_log.log""",4,0,13.0.2,R2-50,5668.0,258510.0,
linux64,2026-07-04 20:51:37,8,8,4,271485,169065,2562930,0x11be1f0a,750,168120,151275,1.0,200000.0,4.0,60.0,1.0,2000.0,1.0,200000.0,14.98,188332,168870,911820,554.6,86985,64.41,0,5236,886865,7201.62,4398.16,,554.6,,,,,,,,,,,,8,0,TIME_LIMIT,MIP,{'Threads': 4},/home/cgonzalez/mE-VRSPTW/src/Resultados/Restriccion_todas_cliques/logs/R2-50/R202-50.xml_log.log,1,,,,,,,,3.97,13.0,0.0,5.6683824e-14,84.0,,,,,"""src/Resultados/Restriccion todas cliques/logs/R202-50.xml_log.log""",4,0,13.0.2,R2-50,0.0,271485.0,
linux64,2026-07-05 00:55:20,8,8,4,278075,174735,2863290,0xad32277d,750,173790,156945,1.0,200000.0,4.0,60.0,1.0,2000.0,1.0,200000.0,20.34,194127,174540,957030,499.8,87222,67.42,0,5179,1340474,7201.4,4206.11,,531.2,,267.0,68.0,334.0,117.0,7.0,347.0,105.0,5.0,39.0,99.0,8,0,TIME_LIMIT,MIP,{'Threads': 4},/home/cgonzalez/mE-VRSPTW/src/Resultados/Restriccion_todas_cliques/logs/R2-50/R203-50.xml_log.log,1,,10.0,592.0,,,,,7.66,11.0,0.0,4.0988046e-14,98.0,,,,,"""src/Resultados/Restriccion todas cliques/logs/R203-50.xml_log.log""",4,0,13.0.2,R2-50,1990.0,280065.0,
linux64,2026-07-05 04:58:47,8,8,4,282043,178335,3083655,0xb5babaaa,750,177390,160545,1.0,200000.0,4.0,60.0,1.0,2000.0,1.0,200000.0,30.06,197870,178140,987270,476.4,86357,119.75,0,2919,1527799,7207.44,4437.52,,498.6,,96.0,162.0,323.0,182.0,22.0,927.0,41.0,34.0,93.0,162.0,8,0,TIME_LIMIT,MIP,{'Threads': 4},/home/cgonzalez/mE-VRSPTW/src/Resultados/Restriccion_todas_cliques/logs/R2-50/R204-50.xml_log.log,1,3.0,8.0,84.0,,,,6.0,7.84,12.0,0.0,3.4972025e-14,158.0,,,,,"""src/Resultados/Restriccion todas cliques/logs/R204-50.xml_log.log""",4,0,13.0.2,R2-50,2143.0,284186.0,
linux64,2026-07-05 09:03:40,8,8,4,261157,161865,2470980,0x994ed293,750,160920,144075,1.0,200000.0,4.0,60.0,1.0,2000.0,1.0,200000.0,34.99,180959,161670,867120,574.0,84388,81.44,0,378,820033,7201.33,4413.11,,609.7,,77.0,1870.0,973.0,371.0,17.0,19.0,34.0,3.0,368.0,3695.0,8,0,TIME_LIMIT,MIP,{'Threads': 4},/home/cgonzalez/mE-VRSPTW/src/Resultados/Restriccion_todas_cliques/logs/R2-50/R205-50.xml_log.log,1,1.0,3.0,,,,,,7.39,13.0,0.0,2.3781671e-13,123.0,,,,,"""src/Resultados/Restriccion todas cliques/logs/R205-50.xml_log.log""",4,0,13.0.2,R2-50,7431.0,268588.0,
linux64,2026-07-05 13:06:51,8,8,4,274320,171900,2758260,0xf146a6cd,750,170955,154110,1.0,200000.0,4.0,60.0,1.0,2000.0,1.0,200000.0,16.24,191167,171705,937275,501.7,84588,73.56,0,347,1155378,7201.97,4318.68,,527.8,,99.0,2239.0,510.0,162.0,20.0,4.0,2.0,7.0,421.0,3172.0,8,0,TIME_LIMIT,MIP,{'Threads': 4},/home/cgonzalez/mE-VRSPTW/src/Resultados/Restriccion_todas_cliques/logs/R2-50/R206-50.xml_log.log,1,4.0,2.0,,,1.0,,,8.81,11.0,0.0,5.4151128e-14,94.0,,,,,"""src/Resultados/Restriccion todas cliques/logs/R206-50.xml_log.log""",4,0,13.0.2,R2-50,6643.0,280963.0,
linux64,2026-07-05 17:11:12,8,8,4,279275,175935,2948010,0xbad45938,750,174990,158145,1.0,200000.0,4.0,60.0,1.0,2000.0,1.0,200000.0,17.25,195327,175740,967800,473.2,87458,86.79,0,5424,1125703,7200.44,5064.27,,473.2,,588.0,435.0,739.0,202.0,1.0,6.0,3.0,2.0,352.0,100.0,8,0,TIME_LIMIT,MIP,{'Threads': 4},/home/cgonzalez/mE-VRSPTW/src/Resultados/Restriccion_todas_cliques/logs/R2-50/R207-50.xml_log.log,1,3.0,6.0,,,21.0,,5.0,8.15,12.0,0.0,4.3021142e-14,111.0,,,,,"""src/Resultados/Restriccion todas cliques/logs/R207-50.xml_log.log""",4,0,13.0.2,R2-50,2463.0,281738.0,
linux64,2026-07-05 21:15:18,8,8,4,282163,178455,3097335,0xa9be34ab,750,177510,160665,1.0,200000.0,4.0,60.0,1.0,2000.0,1.0,200000.0,41.58,197990,178260,988350,470.6,87092,137.76,0,5320,930214,7200.33,4856.7,,470.6,,45.0,312.0,278.0,179.0,,1.0,,,384.0,107.0,8,0,TIME_LIMIT,MIP,{'Threads': 4},/home/cgonzalez/mE-VRSPTW/src/Resultados/Restriccion_todas_cliques/logs/R2-50/R208-50.xml_log.log,1,61.0,11.0,,,9.0,,,15.3,12.0,0.0,7.8131945e-14,185.0,,,,,"""src/Resultados/Restriccion todas cliques/logs/R208-50.xml_log.log""",4,0,13.0.2,R2-50,1387.0,283550.0,
linux64,2026-07-06 01:18:51,8,8,4,272520,170100,2746230,0x2a3cbc8a,750,169155,152310,1.0,200000.0,4.0,60.0,1.0,2000.0,1.0,200000.0,26.38,189292,169905,920940,532.5,86848,120.93,0,217,1358465,7200.05,4182.98,,547.1,,139.0,6507.0,447.0,464.0,43.0,13.0,16.0,5.0,241.0,15409.0,8,0,TIME_LIMIT,MIP,{'Threads': 4},/home/cgonzalez/mE-VRSPTW/src/Resultados/Restriccion_todas_cliques/logs/R2-50/R209-50.xml_log.log,1,,8.0,,,2.0,,,12.21,13.0,0.0,9.7075126e-15,157.0,,,,,"""src/Resultados/Restriccion todas cliques/logs/R209-50.xml_log.log""",4,0,13.0.2,R2-50,23294.0,295814.0,
linux64,2026-07-06 05:21:45,8,8,4,272834,171150,2777385,0x09260e5c,750,170205,153360,1.0,200000.0,4.0,60.0,1.0,2000.0,1.0,200000.0,15.37,190311,170955,935160,506.5,85240,114.93,0,214,1357595,7200.44,3931.74,,536.5,,320.0,2647.0,643.0,419.0,34.0,13.0,39.0,22.0,317.0,2904.0,8,0,TIME_LIMIT,MIP,{'Threads': 4},/home/cgonzalez/mE-VRSPTW/src/Resultados/Restriccion_todas_cliques/logs/R2-50/R210-50.xml_log.log,1,6.0,2.0,,,1.0,,,13.09,12.0,0.0,3.2428227e-13,135.0,,,,,"""src/Resultados/Restriccion todas cliques/logs/R210-50.xml_log.log""",4,0,13.0.2,R2-50,7367.0,280201.0,
linux64,2026-07-06 09:25:03,8,8,4,279165,176745,3081660,0x03ed1e3b,750,175800,158955,1.0,200000.0,4.0,60.0,1.0,2000.0,1.0,200000.0,25.69,195952,176550,980775,470.6,87660,149.58,0,1223,1562219,7203.33,4644.46,,494.0,,218.0,107.0,227.0,174.0,9.0,620.0,71.0,46.0,261.0,130.0,8,0,TIME_LIMIT,MIP,{'Threads': 4},/home/cgonzalez/mE-VRSPTW/src/Resultados/Restriccion_todas_cliques/logs/R2-50/R211-50.xml_log.log,1,4.0,14.0,235.0,,,,,9.98,12.0,0.0,5.3429483e-15,181.0,,,,,"""src/Resultados/Restriccion todas cliques/logs/R211-50.xml_log.log""",4,0,13.0.2,R2-50,2116.0,281281.0,
linux64,2026-07-06 11:26:24,8,8,4,91591,53655,552135,0x203b4a7f,360,53055,44880,1.0,40000.0,2.0,60.0,1.0,2000.0,1.0,40000.0,4.26,62441,53415,263160,331.9,42874,21.21,0,1894,3722903,7200.34,4541.38,550.2,434.2,0.21083200000000002,66.0,13.0,7.0,118.0,18.0,787.0,63.0,44.0,54.0,10.0,8,4,TIME_LIMIT,MIP,{'Threads': 4},/home/cgonzalez/mE-VRSPTW/src/Resultados/Restriccion_todas_cliques/logs/RC1-25/RC101-25.xml_log.log,1,2.0,2.0,14.0,,,,,,,,,,,,,,"""src/Resultados/Restriccion todas cliques/logs/RC101-25.xml_log.log""",4,0,13.0.2,RC1-25,1198.0,92789.0,21.0832
linux64,2026-07-06 15:28:53,8,8,4,100343,58965,639705,0xe5acd1d9,375,58350,50190,1.0,40000.0,2.0,60.0,1.0,2000.0,1.0,40000.0,3.94,67901,58725,289470,298.3,46347,42.45,0,15579,6032405,7200.06,8701.63,,313.9,,4.0,33.0,12.0,13.0,,,12.0,,53.0,6.0,8,0,TIME_LIMIT,MIP,{'Threads': 4},/home/cgonzalez/mE-VRSPTW/src/Resultados/Restriccion_todas_cliques/logs/RC1-25/RC102-25.xml_log.log,1,4.0,1.0,,,,,,,,,,,,,,,"""src/Resultados/Restriccion todas cliques/logs/RC102-25.xml_log.log""",4,0,13.0.2,RC1-25,138.0,100481.0,
linux64,2026-07-06 19:30:39,8,8,4,100898,59520,682350,0x3b7b4907,375,58905,50745,1.0,40000.0,2.0,60.0,1.0,2000.0,1.0,40000.0,2.87,68546,59280,295170,279.4,45524,27.81,0,21647,3993481,7232.65,6663.79,,288.8,,53.0,42.0,18.0,62.0,23.0,386.0,10.0,12.0,19.0,12.0,8,0,TIME_LIMIT,MIP,{'Threads': 4},/home/cgonzalez/mE-VRSPTW/src/Resultados/Restriccion_todas_cliques/logs/RC1-25/RC103-25.xml_log.log,1,1.0,5.0,10.0,,,,,,,,,,,,,,"""src/Resultados/Restriccion todas cliques/logs/RC103-25.xml_log.log""",4,0,13.0.2,RC1-25,653.0,101551.0,
linux64,2026-07-06 23:33:40,8,8,4,101168,59790,702870,0x15b01b6a,375,59175,51015,1.0,40000.0,2.0,60.0,1.0,2000.0,1.0,40000.0,3.97,68846,59550,297915,277.6,45811,48.21,0,20627,4405783,7201.67,5549.06,493.0,283.5,0.424949,31.0,25.0,3.0,30.0,,143.0,7.0,27.0,51.0,10.0,8,8,TIME_LIMIT,MIP,{'Threads': 4},/home/cgonzalez/mE-VRSPTW/src/Resultados/Restriccion_todas_cliques/logs/RC1-25/RC104-25.xml_log.log,1,,11.0,15.0,,,,,,,,,,,,,,"""src/Resultados/Restriccion todas cliques/logs/RC104-25.xml_log.log""",4,0,13.0.2,RC1-25,353.0,101521.0,42.4949
linux64,2026-07-07 03:37:06,8,8,4,97387,57315,607215,0x9792f610,345,56730,48555,1.0,40000.0,2.0,60.0,1.0,2000.0,1.0,40000.0,4.85,66134,57075,282375,362.6,49518,33.21,0,2175,3224141,7200.6,4177.6,,385.4,,111.0,21.0,28.0,93.0,1.0,214.0,210.0,96.0,53.0,37.0,8,0,TIME_LIMIT,MIP,{'Threads': 4},/home/cgonzalez/mE-VRSPTW/src/Resultados/Restriccion_todas_cliques/logs/RC1-25/RC105-25.xml_log.log,1,,4.0,23.0,,,,,,,,,,,,,,"""src/Resultados/Restriccion todas cliques/logs/RC105-25.xml_log.log""",4,0,13.0.2,RC1-25,891.0,98278.0,
linux64,2026-07-07 07:40:00,8,8,4,97163,57165,627285,0x989640da,375,56550,48390,1.0,40000.0,2.0,60.0,1.0,2000.0,1.0,40000.0,5.1,66056,56925,282225,297.5,47483,47.81,0,3004,3829034,7201.18,4256.26,510.7,327.5,0.358723,92.0,38.0,125.0,54.0,8.0,215.0,68.0,31.0,122.0,35.0,8,9,TIME_LIMIT,MIP,{'Threads': 4},/home/cgonzalez/mE-VRSPTW/src/Resultados/Restriccion_todas_cliques/logs/RC1-25/RC106-25.xml_log.log,1,4.0,1.0,19.0,,,,,,,,,,,,,,"""src/Resultados/Restriccion todas cliques/logs/RC106-25.xml_log.log""",4,0,13.0.2,RC1-25,812.0,97975.0,35.8723
linux64,2026-07-07 11:42:33,8,8,4,98186,58050,682425,0xcfbe5542,375,57435,49275,1.0,40000.0,2.0,60.0,1.0,2000.0,1.0,40000.0,5.23,66959,57810,289950,271.9,46119,27.18,0,3859,3335144,7200.72,6196.6,363.7,283.7,0.21996200000000002,134.0,113.0,4.0,74.0,18.0,599.0,84.0,36.0,79.0,122.0,8,10,TIME_LIMIT,MIP,{'Threads': 4},/home/cgonzalez/mE-VRSPTW/src/Resultados/Restriccion_todas_cliques/logs/RC1-25/RC107-25.xml_log.log,1,,17.0,133.0,,,,,,,,,,,,,,"""src/Resultados/Restriccion todas cliques/logs/RC107-25.xml_log.log""",4,0,13.0.2,RC1-25,1413.0,99599.0,21.9962
linux64,2026-07-07 15:45:06,8,8,4,98471,58335,704745,0x2bf2483b,375,57720,49560,1.0,40000.0,2.0,60.0,1.0,2000.0,1.0,40000.0,5.21,67274,58095,292875,271.3,51971,32.89,0,47326,5887110,7200.16,6278.97,,277.3,,33.0,27.0,11.0,54.0,16.0,574.0,2.0,4.0,36.0,51.0,8,0,TIME_LIMIT,MIP,{'Threads': 4},/home/cgonzalez/mE-VRSPTW/src/Resultados/Restriccion_todas_cliques/logs/RC1-25/RC108-25.xml_log.log,1,,25.0,21.0,,,1.0,,,,,,,,,1.0,,"""src/Resultados/Restriccion todas cliques/logs/RC108-25.xml_log.log""",4,0,13.0.2,RC1-25,856.0,99327.0,
linux64,2026-07-06 13:27:45,8,8,4,137901,78705,9588390,0x8efc13b1,735,77685,66810,1.0,40000.0,1.0,80.0,1.0,2000.0,1.0,40000.0,62.16,99276,78420,9449280,651.2,62080,333.26,0,324,1052941,7206.02,4530.4,,720.5,,354.0,303.0,391.0,493.0,2.0,36.0,179.0,81.0,336.0,372.0,8,0,TIME_LIMIT,MIP,{'Threads': 4},/home/cgonzalez/mE-VRSPTW/src/Resultados/Restriccion_todas_cliques/logs/RC1-50/RC101-50.xml_log.log,1,4.0,,,,1.0,,,27.57,1.0,,,,,,,,"""src/Resultados/Restriccion todas cliques/logs/RC101-50.xml_log.log""",4,0,13.0.2,RC1-50,2552.0,140453.0,
linux64,2026-07-06 17:29:45,8,8,4,151005,90195,7943730,0xf0cc467e,750,88200,77325,1.0,40000.0,1.0,80.0,1.0,2000.0,1.0,40000.0,119.28,106914,88950,7103145,511.4,58882,177.84,0,5151,1543259,7200.34,4674.46,,543.0,,175.0,403.0,107.0,184.0,7.0,1255.0,148.0,8.0,129.0,100.0,8,0,TIME_LIMIT,MIP,{'Threads': 4},/home/cgonzalez/mE-VRSPTW/src/Resultados/Restriccion_todas_cliques/logs/RC1-50/RC102-50.xml_log.log,1,,8.0,733.0,,,,,20.98,1.0,,,,,,,,"""src/Resultados/Restriccion todas cliques/logs/RC102-50.xml_log.log""",4,0,13.0.2,RC1-50,3257.0,154262.0,
linux64,2026-07-06 21:32:36,8,8,4,153194,93270,7502865,0x448cf8f9,750,91245,80370,1.0,40000.0,1.0,80.0,1.0,2000.0,1.0,40000.0,82.62,108749,91995,5668575,474.7,59632,189.22,0,859,836478,7201.29,5604.79,,496.6,,133.0,252.0,202.0,127.0,6.0,34.0,158.0,17.0,337.0,144.0,8,0,TIME_LIMIT,MIP,{'Threads': 4},/home/cgonzalez/mE-VRSPTW/src/Resultados/Restriccion_todas_cliques/logs/RC1-50/RC103-50.xml_log.log,1,,4.0,,,2.0,,,21.89,1.0,,,,,,,,"""src/Resultados/Restriccion todas cliques/logs/RC103-50.xml_log.log""",4,0,13.0.2,RC1-50,1416.0,154610.0,
linux64,2026-07-07 01:35:50,8,8,4,155535,95970,7495320,0xd8afe2fe,750,94410,83535,1.0,40000.0,1.0,80.0,1.0,2000.0,1.0,40000.0,155.79,110936,95160,4604625,464.1,56715,223.57,0,2948,1107203,7200.63,5400.72,,476.6,,68.0,224.0,314.0,198.0,5.0,20.0,31.0,3.0,393.0,208.0,8,0,TIME_LIMIT,MIP,{'Threads': 4},/home/cgonzalez/mE-VRSPTW/src/Resultados/Restriccion_todas_cliques/logs/RC1-50/RC104-50.xml_log.log,1,,6.0,,,,,,28.99,2.0,,,,,,,,"""src/Resultados/Restriccion todas cliques/logs/RC104-50.xml_log.log""",4,0,13.0.2,RC1-50,1470.0,157005.0,
linux64,2026-07-07 05:38:50,8,8,4,145127,86175,7399815,0x821254f9,720,85170,74280,1.0,40000.0,1.0,80.0,1.0,2000.0,1.0,40000.0,54.91,103547,85890,6813885,585.3,62185,319.32,0,1537,881056,7207.79,4185.3,,614.0,,230.0,181.0,380.0,180.0,11.0,56.0,185.0,9.0,327.0,169.0,8,0,TIME_LIMIT,MIP,{'Threads': 4},/home/cgonzalez/mE-VRSPTW/src/Resultados/Restriccion_todas_cliques/logs/RC1-50/RC105-50.xml_log.log,1,,,,,7.0,,,27.42,2.0,,,,,1.0,,,"""src/Resultados/Restriccion todas cliques/logs/RC105-50.xml_log.log""",4,0,13.0.2,RC1-50,1736.0,146863.0,
linux64,2026-07-07 09:41:27,8,8,4,144546,86940,5457150,0x1cee11aa,750,85875,75000,1.0,40000.0,1.0,80.0,1.0,2000.0,1.0,40000.0,31.26,101594,86625,3282720,498.0,59556,241.32,0,5262,1353721,7200.06,5909.01,,522.6,,,,,,,,,,,,8,0,TIME_LIMIT,MIP,{'Threads': 4},/home/cgonzalez/mE-VRSPTW/src/Resultados/Restriccion_todas_cliques/logs/RC1-50/RC106-50.xml_log.log,1,,,,,,,,10.03,12.0,0.0,1.4588331e-13,269.0,,,,,"""src/Resultados/Restriccion todas cliques/logs/RC106-50.xml_log.log""",4,0,13.0.2,RC1-50,0.0,144546.0,
linux64,2026-07-07 13:44:08,8,8,4,149271,91590,6573945,0x5d9c92b3,750,90555,79680,1.0,40000.0,1.0,80.0,1.0,2000.0,1.0,40000.0,33.05,106289,91305,3932310,468.7,54996,189.09,0,1860,2412868,7200.44,4266.61,,487.4,,178.0,163.0,13.0,216.0,12.0,474.0,51.0,29.0,65.0,21.0,8,0,TIME_LIMIT,MIP,{'Threads': 4},/home/cgonzalez/mE-VRSPTW/src/Resultados/Restriccion_todas_cliques/logs/RC1-50/RC107-50.xml_log.log,1,,23.0,2.0,,,,,19.44,4.0,,,,,1.0,,,"""src/Resultados/Restriccion todas cliques/logs/RC107-50.xml_log.log""",4,0,13.0.2,RC1-50,1248.0,150519.0,
linux64,2026-07-07 17:47:25,8,8,4,151833,94185,7222245,0xc7b8ee21,750,93150,82275,1.0,40000.0,1.0,80.0,1.0,2000.0,1.0,40000.0,40.94,109028,93900,4254885,460.7,52562,162.59,0,5065,1777972,7200.13,4625.69,,477.6,,,,,,,,,,,,8,0,TIME_LIMIT,MIP,{'Threads': 4},/home/cgonzalez/mE-VRSPTW/src/Resultados/Restriccion_todas_cliques/logs/RC1-50/RC108-50.xml_log.log,1,,,,,,,,23.41,4.0,,,,,,,,"""src/Resultados/Restriccion todas cliques/logs/RC108-50.xml_log.log""",4,0,13.0.2,RC1-50,0.0,151833.0,
linux64,2026-07-07 19:48:58,8,8,4,111358,64920,630600,0x0f331d47,330,64470,56295,1.0,200000.0,2.0,60.0,1.0,2000.0,1.0,200000.0,3.78,74026,64800,306210,325.3,35252,31.49,0,3095,3656091,7200.48,5301.38,536.3,350.3,0.346821,103.0,19.0,79.0,57.0,6.0,98.0,39.0,26.0,50.0,14.0,8,10,TIME_LIMIT,MIP,{'Threads': 4},/home/cgonzalez/mE-VRSPTW/src/Resultados/Restriccion_todas_cliques/logs/RC2-25/RC201-25.xml_log.log,1,,9.0,5.0,,,,,,,,,,,,,,"""src/Resultados/Restriccion todas cliques/logs/RC201-25.xml_log.log""",4,0,13.0.2,RC2-25,505.0,111863.0,34.6821
linux64,2026-07-07 23:52:35,8,8,4,115243,67425,696915,0x6b8ffc99,375,66930,58800,1.0,200000.0,2.0,60.0,1.0,2000.0,1.0,200000.0,4.55,76636,67305,319965,291.2,36155,29.62,0,9630,4711838,7201.36,7308.11,,318.2,,48.0,11.0,9.0,45.0,3.0,87.0,55.0,16.0,69.0,12.0,8,0,TIME_LIMIT,MIP,{'Threads': 4},/home/cgonzalez/mE-VRSPTW/src/Resultados/Restriccion_todas_cliques/logs/RC2-25/RC202-25.xml_log.log,1,,10.0,47.0,,,,1.0,,,,,,,,,1.0,"""src/Resultados/Restriccion todas cliques/logs/RC202-25.xml_log.log""",4,0,13.0.2,RC2-25,414.0,115657.0,
linux64,2026-07-08 03:55:51,8,8,4,115783,67965,738450,0x3c1a0ecc,375,67470,59340,1.0,200000.0,2.0,60.0,1.0,2000.0,1.0,200000.0,4.34,77266,67845,324975,279.4,49872,48.88,0,5620,3885843,7200.13,5779.57,,290.2,,54.0,33.0,2.0,44.0,3.0,89.0,61.0,22.0,17.0,44.0,8,0,TIME_LIMIT,MIP,{'Threads': 4},/home/cgonzalez/mE-VRSPTW/src/Resultados/Restriccion_todas_cliques/logs/RC2-25/RC203-25.xml_log.log,1,,16.0,32.0,,,,,,,,,,,,,,"""src/Resultados/Restriccion todas cliques/logs/RC203-25.xml_log.log""",4,0,13.0.2,RC2-25,417.0,116200.0,
linux64,2026-07-08 07:59:37,8,8,4,116038,68220,757860,0x1dc4610f,375,67725,59595,1.0,200000.0,2.0,60.0,1.0,2000.0,1.0,200000.0,3.44,77551,68100,327315,277.6,51311,46.4,0,3717,4269165,7201.42,4603.85,,286.6,,54.0,32.0,2.0,72.0,4.0,161.0,28.0,25.0,38.0,27.0,8,0,TIME_LIMIT,MIP,{'Threads': 4},/home/cgonzalez/mE-VRSPTW/src/Resultados/Restriccion_todas_cliques/logs/RC2-25/RC204-25.xml_log.log,1,,6.0,22.0,,,,,,,,,,,,,,"""src/Resultados/Restriccion todas cliques/logs/RC204-25.xml_log.log""",4,0,13.0.2,RC2-25,471.0,116509.0,
linux64,2026-07-08 12:03:16,8,8,4,113638,66510,689625,0x33d740bf,375,66015,57885,1.0,200000.0,2.0,60.0,1.0,2000.0,1.0,200000.0,3.09,75631,66390,316065,303.2,38895,29.86,0,6461,3506764,7201.1,5742.84,522.4,322.3,0.38304000000000005,80.0,58.0,78.0,60.0,5.0,162.0,76.0,62.0,63.0,17.0,8,10,TIME_LIMIT,MIP,{'Threads': 4},/home/cgonzalez/mE-VRSPTW/src/Resultados/Restriccion_todas_cliques/logs/RC2-25/RC205-25.xml_log.log,1,,6.0,26.0,,,,,,,,,,,,,,"""src/Resultados/Restriccion todas cliques/logs/RC205-25.xml_log.log""",4,0,13.0.2,RC2-25,693.0,114331.0,38.304
linux64,2026-07-08 16:06:35,8,8,4,112063,65625,684015,0x4cf759ee,375,65130,57000,1.0,200000.0,2.0,60.0,1.0,2000.0,1.0,200000.0,2.3,74731,65505,312540,302.5,48213,23.61,0,4518,3625538,7200.11,6238.59,441.0,316.3,0.28276599999999996,138.0,14.0,38.0,138.0,9.0,151.0,105.0,29.0,99.0,16.0,8,6,TIME_LIMIT,MIP,{'Threads': 4},/home/cgonzalez/mE-VRSPTW/src/Resultados/Restriccion_todas_cliques/logs/RC2-25/RC206-25.xml_log.log,1,,8.0,17.0,,,,,,,,,,,,,,"""src/Resultados/Restriccion todas cliques/logs/RC206-25.xml_log.log""",4,0,13.0.2,RC2-25,762.0,112825.0,28.276599999999995
linux64,2026-07-08 20:08:37,8,8,4,114557,67245,727725,0x23c01316,375,66750,58620,1.0,200000.0,2.0,60.0,1.0,2000.0,1.0,200000.0,4.51,76415,67125,321510,275.9,36749,28.23,0,2056,3667418,7200.53,4533.38,364.4,289.4,0.205818,76.0,62.0,15.0,145.0,6.0,344.0,66.0,31.0,70.0,80.0,8,5,TIME_LIMIT,MIP,{'Threads': 4},/home/cgonzalez/mE-VRSPTW/src/Resultados/Restriccion_todas_cliques/logs/RC2-25/RC207-25.xml_log.log,1,,14.0,73.0,,,,,,,,,,,5.0,,,"""src/Resultados/Restriccion todas cliques/logs/RC207-25.xml_log.log""",4,0,13.0.2,RC2-25,987.0,115544.0,20.5818
linux64,2026-07-09 00:11:39,8,8,4,115249,67845,766755,0x059c02a6,375,67350,59220,1.0,200000.0,2.0,60.0,1.0,2000.0,1.0,200000.0,3.23,77047,67725,326370,271.3,55110,72.46,0,11327,3904291,7200.31,6249.42,294.5,278.9,0.052971000000000004,63.0,78.0,13.0,165.0,2.0,343.0,23.0,41.0,98.0,69.0,8,4,TIME_LIMIT,MIP,{'Threads': 4},/home/cgonzalez/mE-VRSPTW/src/Resultados/Restriccion_todas_cliques/logs/RC2-25/RC208-25.xml_log.log,1,2.0,19.0,182.0,,,,,,,,,,,,,,"""src/Resultados/Restriccion todas cliques/logs/RC208-25.xml_log.log""",4,0,13.0.2,RC2-25,1098.0,116347.0,5.2971
linux64,2026-07-07 21:51:10,8,8,4,232289,136185,5239650,0x06951ffc,750,135240,118995,1.0,200000.0,1.0,80.0,1.0,2000.0,1.0,200000.0,79.06,157045,135990,2800335,564.0,78749,127.05,0,95,551601,7200.99,7187.98,,565.9,,1628.0,605.0,1127.0,239.0,4.0,34.0,10.0,,217.0,311.0,8,0,TIME_LIMIT,MIP,{'Threads': 4},/home/cgonzalez/mE-VRSPTW/src/Resultados/Restriccion_todas_cliques/logs/RC2-50/RC201-50.xml_log.log,1,,5.0,,,630.0,,,11.72,11.0,0.0,1.0269563e-14,215.0,48.0,1.0,,,"""src/Resultados/Restriccion todas cliques/logs/RC201-50.xml_log.log""",4,0,13.0.2,RC2-50,4859.0,237148.0,
linux64,2026-07-08 01:54:36,8,8,4,242744,143880,6330390,0xa329d023,750,142935,126690,1.0,200000.0,1.0,80.0,1.0,2000.0,1.0,200000.0,41.31,164950,143685,3199035,511.4,81189,133.19,0,43,894524,7200.42,5001.9,,530.3,,74.0,391.0,292.0,518.0,145.0,42.0,39.0,1.0,336.0,258.0,8,0,TIME_LIMIT,MIP,{'Threads': 4},/home/cgonzalez/mE-VRSPTW/src/Resultados/Restriccion_todas_cliques/logs/RC2-50/RC202-50.xml_log.log,1,4.0,4.0,,,1.0,,,9.84,11.0,0.0,1.0144663e-14,185.0,,,,,"""src/Resultados/Restriccion todas cliques/logs/RC202-50.xml_log.log""",4,0,13.0.2,RC2-50,2105.0,244849.0,
linux64,2026-07-08 05:58:09,8,8,4,245129,146265,6970245,0xaf391ddf,750,145320,129075,1.0,200000.0,1.0,80.0,1.0,2000.0,1.0,200000.0,134.72,167515,146070,3492855,474.7,79481,189.53,0,47,838034,7200.54,5349.8,,494.9,,74.0,1749.0,251.0,616.0,92.0,20.0,60.0,5.0,437.0,1737.0,8,0,TIME_LIMIT,MIP,{'Threads': 4},/home/cgonzalez/mE-VRSPTW/src/Resultados/Restriccion_todas_cliques/logs/RC2-50/RC203-50.xml_log.log,1,,8.0,,,1.0,,,10.96,12.0,0.0,2.615963e-14,370.0,,,,,"""src/Resultados/Restriccion todas cliques/logs/RC203-50.xml_log.log""",4,0,13.0.2,RC2-50,5050.0,250179.0,
linux64,2026-07-08 10:01:56,8,8,4,246989,148125,7561110,0x7e327a1d,750,147180,130935,1.0,200000.0,1.0,80.0,1.0,2000.0,1.0,200000.0,128.15,169555,147930,3800580,464.1,80586,153.23,0,102,745393,7200.52,5891.84,,468.2,,45.0,1014.0,551.0,208.0,9.0,32.0,9.0,2.0,565.0,915.0,8,0,TIME_LIMIT,MIP,{'Threads': 4},/home/cgonzalez/mE-VRSPTW/src/Resultados/Restriccion_todas_cliques/logs/RC2-50/RC204-50.xml_log.log,1,,11.0,,,1.0,,,8.93,11.0,0.0,2.8727021e-15,304.0,,,,,"""src/Resultados/Restriccion todas cliques/logs/RC204-50.xml_log.log""",4,0,13.0.2,RC2-50,3362.0,250351.0,
linux64,2026-07-08 14:05:17,8,8,4,238260,140775,6004455,0xb841b91a,750,139830,123585,1.0,200000.0,1.0,80.0,1.0,2000.0,1.0,200000.0,43.38,161680,140580,3080505,525.7,81034,157.05,0,67,682770,7200.29,5883.13,,553.4,,275.0,5929.0,540.0,1046.0,19.0,69.0,146.0,1.0,333.0,9379.0,8,0,TIME_LIMIT,MIP,{'Threads': 4},/home/cgonzalez/mE-VRSPTW/src/Resultados/Restriccion_todas_cliques/logs/RC2-50/RC205-50.xml_log.log,1,,6.0,,,97.0,,,8.5,12.0,0.0,8.0074836e-15,231.0,,,,,"""src/Resultados/Restriccion todas cliques/logs/RC205-50.xml_log.log""",4,0,13.0.2,RC2-50,17840.0,256100.0,
linux64,2026-07-08 18:07:14,8,8,4,235471,139275,6003510,0x08ddbd21,750,138330,122085,1.0,200000.0,1.0,80.0,1.0,2000.0,1.0,200000.0,23.14,160152,139080,3139935,519.0,78432,98.86,0,62,916661,7202.15,6000.27,,547.3,,141.0,2041.0,380.0,518.0,15.0,38.0,61.0,1.0,404.0,1874.0,8,0,TIME_LIMIT,MIP,{'Threads': 4},/home/cgonzalez/mE-VRSPTW/src/Resultados/Restriccion_todas_cliques/logs/RC2-50/RC206-50.xml_log.log,1,,8.0,,,,,,7.93,10.0,0.0,6.9375061e-14,131.0,,,,,"""src/Resultados/Restriccion todas cliques/logs/RC206-50.xml_log.log""",4,0,13.0.2,RC2-50,5481.0,240952.0,
linux64,2026-07-08 22:10:16,8,8,4,242347,144495,6965580,0x2966d793,750,143550,127305,1.0,200000.0,1.0,80.0,1.0,2000.0,1.0,200000.0,120.17,165453,144300,3594135,483.6,80453,145.99,0,95,796847,7200.67,6351.92,,501.5,,109.0,1112.0,296.0,224.0,4.0,9.0,118.0,1.0,356.0,1095.0,8,0,TIME_LIMIT,MIP,{'Threads': 4},/home/cgonzalez/mE-VRSPTW/src/Resultados/Restriccion_todas_cliques/logs/RC2-50/RC207-50.xml_log.log,1,,3.0,,,,,,8.06,12.0,0.0,8.1503857e-12,275.0,,,,,"""src/Resultados/Restriccion todas cliques/logs/RC207-50.xml_log.log""",4,0,13.0.2,RC2-50,3327.0,245674.0,
linux64,2026-07-09 02:13:29,8,8,4,245561,147525,7660035,0x656550fd,750,146580,130335,1.0,200000.0,1.0,80.0,1.0,2000.0,1.0,200000.0,109.44,168532,147330,3842220,460.7,79939,171.14,0,148,648354,7200.85,6532.82,,460.7,,54.0,125.0,186.0,124.0,,4.0,,2.0,357.0,29.0,8,0,TIME_LIMIT,MIP,{'Threads': 4},/home/cgonzalez/mE-VRSPTW/src/Resultados/Restriccion_todas_cliques/logs/RC2-50/RC208-50.xml_log.log,1,,20.0,,,,,,8.92,10.0,0.0,2.1219138e-13,300.0,,,,,"""src/Resultados/Restriccion todas cliques/logs/RC208-50.xml_log.log""",4,0,13.0.2,RC2-50,901.0,246462.0,
