Platform,Time,PhysicalCores,LogicalProcessors,Threads,NumConstrs,NumVars,NumNZs,Fingerprint,PresolvedNumConVars,PresolvedNumIntVars,PresolvedNumBinVars,MinCoeff,MaxCoeff,MinObjCoeff,MaxObjCoeff,MinBound,MaxBound,MinRHS,MaxRHS,PresolveTime,PresolvedNumConstrs,PresolvedNumVars,PresolvedNumNZs,RelaxObj,RelaxIterCount,RelaxTime,PreTreeSolutions,NodeCount,IterCount,Runtime,Work,ObjVal,ObjBound,MIPGap,Cuts: Gomory,Cuts: Cover,Cuts: Implied bound,Cuts: Projected implied bound,Cuts: Clique,Cuts: MIR,Cuts: StrongCG,Cuts: Flow cover,Cuts: GUB cover,Cuts: Inf proof,Cuts: Zero half,Cuts: Relax-and-lift,Cores,SolCount,Status,ModelType,ChangedParams,LogFilePath,LogNumber,Cuts: Mod-K,Cuts: RLT,Cuts: BQP,Cuts: Learned,Cuts: Network,OrderingTime,BarIterCount,PushPhasePInf,PushPhaseDInf,PushPhaseEndTime,Cuts: Lift-and-project,Cuts: PSD,Cuts: Mixing,Cuts: Knapsack,LogFile (Parameter),Threads (Parameter),Seed,Version,Group,TotalCuts,TotalInequalities,MIPGapPct
linux64,2026-06-10 14:16:47,8,8,4,125286,74985,506370,0x7c433f1c,0,74865,64320,1.0,40000.0,1.0,60.0,1.0,2000.0,1.0,40000.0,3.79,85836,74865,379380,191.3,49231,36.36,0,7645,5490076,7200.1,9962.19,221.4,191.3,0.135953,5.0,1956.0,19.0,2.0,637.0,584.0,4.0,128.0,22.0,1.0,5.0,118.0,8,10,TIME_LIMIT,MIP,{'Threads': 4},/home/cgonzalez/mE-VRSPTW/src/Resultados/Sin_Restricciones/logs/C1-25/C101-25.xml_log.log,1,,,,,,,,,,,,,,,"""src/Resultados/Sin Restricciones/logs/C101-25.xml_log.log""",4,0,13.0.2,C1-25,3481.0,128767.0,13.595299999999998
linux64,2026-06-10 18:17:30,8,8,4,146486,88365,604470,0xb4fac418,345,87900,77670,1.0,40000.0,1.0,60.0,1.0,2000.0,1.0,40000.0,3.15,99926,88245,453690,152.1,49195,43.38,0,10025,4418230,7200.4,7858.32,190.3,167.5,0.119811,23.0,171.0,43.0,118.0,33.0,101.0,10.0,698.0,51.0,2.0,30.0,112.0,8,3,TIME_LIMIT,MIP,{'Threads': 4},/home/cgonzalez/mE-VRSPTW/src/Resultados/Sin_Restricciones/logs/C1-25/C102-25.xml_log.log,1,1.0,37.0,,,,,,,,,,,,,"""src/Resultados/Sin Restricciones/logs/C102-25.xml_log.log""",4,0,13.0.2,C1-25,1430.0,147916.0,11.9811
linux64,2026-06-10 22:18:19,8,8,4,149083,90870,629100,0x9a06e686,360,90390,80175,1.0,40000.0,1.0,60.0,1.0,2000.0,1.0,40000.0,3.17,102463,90750,480465,124.3,66123,57.98,0,5440,2527336,7200.11,5912.49,190.3,162.0,0.14871299999999998,9.0,39.0,31.0,25.0,9.0,28.0,7.0,317.0,62.0,,5.0,31.0,8,7,TIME_LIMIT,MIP,{'Threads': 4},/home/cgonzalez/mE-VRSPTW/src/Resultados/Sin_Restricciones/logs/C1-25/C103-25.xml_log.log,1,,26.0,,,,,,,,,,,,,"""src/Resultados/Sin Restricciones/logs/C103-25.xml_log.log""",4,0,13.0.2,C1-25,589.0,149672.0,14.871299999999998
linux64,2026-06-11 02:19:17,8,8,4,149983,91770,638100,0x34d051ce,360,91290,81075,1.0,40000.0,1.0,60.0,1.0,2000.0,1.0,40000.0,3.18,103393,91650,489525,122.6,57592,45.26,0,5945,2719895,7200.08,6411.42,,155.6,,4.0,106.0,119.0,201.0,17.0,172.0,8.0,1843.0,92.0,,20.0,67.0,8,0,TIME_LIMIT,MIP,{'Threads': 4},/home/cgonzalez/mE-VRSPTW/src/Resultados/Sin_Restricciones/logs/C1-25/C104-25.xml_log.log,1,,42.0,,,,,,,,,,,,,"""src/Resultados/Sin Restricciones/logs/C104-25.xml_log.log""",4,0,13.0.2,C1-25,2691.0,152674.0,
linux64,2026-06-11 06:20:05,8,8,4,128582,77085,521910,0xe2c92635,345,76620,66420,1.0,40000.0,1.0,60.0,1.0,2000.0,1.0,40000.0,2.84,87962,76965,393360,183.6,61289,36.21,0,11318,6754909,3652.5,3883.95,204.2,204.2,0.0,6.0,27.0,31.0,3.0,188.0,9.0,2.0,55.0,3.0,,1.0,6.0,8,4,OPTIMAL,MIP,{'Threads': 4},/home/cgonzalez/mE-VRSPTW/src/Resultados/Sin_Restricciones/logs/C1-25/C105-25.xml_log.log,1,,12.0,5.0,,,,,,,,,,,,"""src/Resultados/Sin Restricciones/logs/C105-25.xml_log.log""",4,0,13.0.2,C1-25,348.0,128930.0,0.0
linux64,2026-06-11 09:23:23,8,8,4,127042,76005,513210,0x4587131b,30,75855,65340,1.0,40000.0,1.0,60.0,1.0,2000.0,1.0,40000.0,5.28,86872,75885,383820,191.3,55398,38.34,0,20239,5578327,7200.11,9020.82,221.4,191.3,0.135953,1.0,2720.0,22.0,1.0,577.0,516.0,51.0,351.0,41.0,,2.0,1284.0,8,5,TIME_LIMIT,MIP,{'Threads': 4},/home/cgonzalez/mE-VRSPTW/src/Resultados/Sin_Restricciones/logs/C1-25/C106-25.xml_log.log,1,,10.0,88.0,302.0,3.0,,,,,,,,,,"""src/Resultados/Sin Restricciones/logs/C106-25.xml_log.log""",4,0,13.0.2,C1-25,5969.0,133011.0,13.595299999999998
linux64,2026-06-11 13:24:04,8,8,4,133151,79860,541470,0x01d13893,375,79365,69165,1.0,40000.0,1.0,60.0,1.0,2000.0,1.0,40000.0,2.35,91226,79740,408675,174.3,61542,58.73,0,1215,344965,586.34,492.55,191.3,191.3,0.0,,,,,,,,,,,,,8,1,OPTIMAL,MIP,{'Threads': 4},/home/cgonzalez/mE-VRSPTW/src/Resultados/Sin_Restricciones/logs/C1-25/C107-25.xml_log.log,1,,,,,,,,,,,,,,,"""src/Resultados/Sin Restricciones/logs/C107-25.xml_log.log""",4,0,13.0.2,C1-25,0.0,133151.0,0.0
linux64,2026-06-11 14:28:56,8,8,4,135744,81855,558690,0xb90c9818,375,81360,71160,1.0,40000.0,1.0,60.0,1.0,2000.0,1.0,40000.0,3.14,93234,81735,423945,79.10426,49328,78.23,0,4944,2730429,7203.07,5408.79,191.3,169.3,0.115003,,159.0,31.0,267.0,18.0,168.0,6.0,1354.0,134.0,,43.0,192.0,8,8,TIME_LIMIT,MIP,{'Threads': 4},/home/cgonzalez/mE-VRSPTW/src/Resultados/Sin_Restricciones/logs/C1-25/C108-25.xml_log.log,1,,106.0,1.0,1.0,,,,,,,,,,,"""src/Resultados/Sin Restricciones/logs/C108-25.xml_log.log""",4,0,13.0.2,C1-25,2480.0,138224.0,11.5003
linux64,2026-06-11 18:29:51,8,8,4,145166,87735,601320,0x38c0a57b,375,87240,77040,1.0,40000.0,1.0,60.0,1.0,2000.0,1.0,40000.0,4.14,99191,87615,455010,79.06618,55338,87.69,0,14861,4271575,7200.04,10564.27,191.3,80.4,0.5797180000000001,,3.0,17.0,,2.0,14.0,,,3.0,,,5.0,8,4,TIME_LIMIT,MIP,{'Threads': 4},/home/cgonzalez/mE-VRSPTW/src/Resultados/Sin_Restricciones/logs/C1-25/C109-25.xml_log.log,1,,42.0,,,,,,,,,,,,,"""src/Resultados/Sin Restricciones/logs/C109-25.xml_log.log""",4,0,13.0.2,C1-25,86.0,145252.0,57.97180000000001
linux64,2026-06-10 16:17:17,8,8,4,292072,177240,1231995,0xe6f09241,0,177105,155970,1.0,40000.0,1.0,60.0,1.0,2000.0,1.0,40000.0,7.67,200137,177105,918255,361.2,99621,67.86,0,5184,1698681,7200.05,6476.31,,361.2,,,4615.0,1278.0,,1274.0,1004.0,61.0,11.0,2.0,,,2453.0,8,0,TIME_LIMIT,MIP,{'Threads': 4},/home/cgonzalez/mE-VRSPTW/src/Resultados/Sin_Restricciones/logs/C1-50/C101-50.xml_log.log,1,,57.0,720.0,,,4.14,14.0,0.0,2.553513e-15,78.0,,,,,"""src/Resultados/Sin Restricciones/logs/C101-50.xml_log.log""",4,0,13.0.2,C1-50,11475.0,303547.0,
linux64,2026-06-10 20:18:06,8,8,4,306517,190305,1356345,0x9b425a78,690,189450,169005,1.0,40000.0,1.0,60.0,1.0,2000.0,1.0,40000.0,11.83,213367,190140,1045335,262.3,100188,109.54,0,450,1002815,7200.19,6845.73,,312.9,,,1240.0,1097.0,,236.0,134.0,,12.0,3.0,,9.0,555.0,8,0,TIME_LIMIT,MIP,{'Threads': 4},/home/cgonzalez/mE-VRSPTW/src/Resultados/Sin_Restricciones/logs/C1-50/C102-50.xml_log.log,1,,243.0,,,,9.06,14.0,0.0,5.3880511e-15,126.0,,,,,"""src/Resultados/Sin Restricciones/logs/C102-50.xml_log.log""",4,0,13.0.2,C1-50,3529.0,310046.0,
linux64,2026-06-11 00:19:00,8,8,4,316121,199725,1449705,0xe28f3542,735,198810,178410,1.0,40000.0,1.0,60.0,1.0,2000.0,1.0,40000.0,11.01,222866,199545,1146840,198.8,97297,118.08,0,5217,945290,7202.4,6349.01,,237.0,,4.0,353.0,71.0,46.0,241.0,68.0,23.0,193.0,211.0,,41.0,91.0,8,0,TIME_LIMIT,MIP,{'Threads': 4},/home/cgonzalez/mE-VRSPTW/src/Resultados/Sin_Restricciones/logs/C1-50/C103-50.xml_log.log,1,,144.0,,,,9.76,15.0,0.0,3.1112266e-15,134.0,,,,,"""src/Resultados/Sin Restricciones/logs/C103-50.xml_log.log""",4,0,13.0.2,C1-50,1486.0,317607.0,
linux64,2026-06-11 04:19:53,8,8,4,322136,205740,1509855,0x39f0f5a8,735,204825,184425,1.0,40000.0,1.0,60.0,1.0,2000.0,1.0,40000.0,9.12,229061,205560,1207275,195.7,97443,165.6,0,5383,651796,7200.02,6654.13,,195.7,,2.0,61.0,253.0,,244.0,133.0,,4.0,2.0,,,65.0,8,0,TIME_LIMIT,MIP,{'Threads': 4},/home/cgonzalez/mE-VRSPTW/src/Resultados/Sin_Restricciones/logs/C1-50/C104-50.xml_log.log,1,,204.0,1.0,,,13.47,15.0,0.0,3.1710745e-15,179.0,,,,,"""src/Resultados/Sin Restricciones/logs/C104-50.xml_log.log""",4,0,13.0.2,C1-50,969.0,323105.0,
linux64,2026-06-11 07:21:25,8,8,4,294427,179595,1255545,0x91675a17,750,178650,158265,1.0,40000.0,1.0,60.0,1.0,2000.0,1.0,40000.0,8.02,202432,179400,961425,359.7,100135,69.14,0,2090,2314200,7247.57,5236.66,382.4,362.4,0.052301,3.0,119.0,113.0,2.0,35.0,31.0,1.0,14.0,7.0,,2.0,6.0,8,10,TIME_LIMIT,MIP,{'Threads': 4},/home/cgonzalez/mE-VRSPTW/src/Resultados/Sin_Restricciones/logs/C1-50/C105-50.xml_log.log,1,,5.0,,,,5.46,12.0,0.0,4.1078252e-15,80.0,,,,,"""src/Resultados/Sin Restricciones/logs/C105-50.xml_log.log""",4,0,13.0.2,C1-50,338.0,294765.0,5.2301
linux64,2026-06-11 11:23:52,8,8,4,293182,178350,1243095,0xb2c2eabe,690,177495,157050,1.0,40000.0,1.0,60.0,1.0,2000.0,1.0,40000.0,7.13,201217,178185,935715,359.8,98012,66.02,0,5191,2065738,7200.16,5822.35,431.8,361.3,0.16327000000000003,1.0,1247.0,4991.0,,313.0,576.0,5.0,7.0,,,2.0,7105.0,8,2,TIME_LIMIT,MIP,{'Threads': 4},/home/cgonzalez/mE-VRSPTW/src/Resultados/Sin_Restricciones/logs/C1-50/C106-50.xml_log.log,1,,237.0,14.0,,,7.09,11.0,0.0,4.6768145e-15,76.0,,,,,"""src/Resultados/Sin Restricciones/logs/C106-50.xml_log.log""",4,0,13.0.2,C1-50,14498.0,307680.0,16.327
linux64,2026-06-11 13:34:17,8,8,4,296452,181620,1275795,0x6479e1f7,750,180675,160290,1.0,40000.0,1.0,60.0,1.0,2000.0,1.0,40000.0,7.65,204457,181425,981705,359.7,96586,60.9,0,80,973141,3266.07,2006.26,362.4,362.4,0.0,,1644.0,2575.0,,862.0,501.0,113.0,14.0,,,3.0,1073.0,8,1,OPTIMAL,MIP,{'Threads': 4},/home/cgonzalez/mE-VRSPTW/src/Resultados/Sin_Restricciones/logs/C1-50/C107-50.xml_log.log,1,,171.0,197.0,6.0,,6.11,13.0,0.0,5.1902926e-15,71.0,1.0,5.0,,,"""src/Resultados/Sin Restricciones/logs/C107-50.xml_log.log""",4,0,13.0.2,C1-50,7165.0,303617.0,0.0
linux64,2026-06-11 16:29:33,8,8,4,300472,185640,1315995,0xe0249de8,750,184695,164310,1.0,40000.0,1.0,60.0,1.0,2000.0,1.0,40000.0,8.5,208477,185445,1021920,154.1012,51468,108.64,0,1032,450266,7200.24,6350.1,,223.8,,,333.0,3626.0,,1135.0,489.0,10.0,21.0,54.0,,2.0,10928.0,8,0,TIME_LIMIT,MIP,{'Threads': 4},/home/cgonzalez/mE-VRSPTW/src/Resultados/Sin_Restricciones/logs/C1-50/C108-50.xml_log.log,1,,340.0,,1.0,,8.73,20.0,0.0,7.2536116e-12,121.0,,,,,"""src/Resultados/Sin Restricciones/logs/C108-50.xml_log.log""",4,0,13.0.2,C1-50,16939.0,317411.0,
linux64,2026-06-11 20:30:19,8,8,4,305662,190830,1367895,0xa3014b0d,750,189885,169500,1.0,40000.0,1.0,60.0,1.0,2000.0,1.0,40000.0,8.74,213667,190635,1073790,150.2506,51847,129.99,0,5143,983511,7200.35,4819.68,,249.4,,29.0,208.0,241.0,276.0,76.0,96.0,,427.0,38.0,,33.0,164.0,8,0,TIME_LIMIT,MIP,{'Threads': 4},/home/cgonzalez/mE-VRSPTW/src/Resultados/Sin_Restricciones/logs/C1-50/C109-50.xml_log.log,1,,198.0,,,,9.28,20.0,0.0,7.3765902e-12,139.0,,,,,"""src/Resultados/Sin Restricciones/logs/C109-50.xml_log.log""",4,0,13.0.2,C1-50,1786.0,307448.0,
linux64,2026-06-11 22:31:04,8,8,4,355763,205320,1352670,0x59d48647,300,204900,178500,1.0,100000.0,2.0,60.0,1.0,4000.0,1.0,100000.0,12.12,234518,205200,959010,214.7,132692,41.73,0,2061,2614554,7200.32,6238.17,290.6,235.0,0.191328,13.0,9.0,,14.0,,8.0,8.0,95.0,,,2.0,33.0,8,10,TIME_LIMIT,MIP,{'Threads': 4},/home/cgonzalez/mE-VRSPTW/src/Resultados/Sin_Restricciones/logs/C2-25/C201-25.xml_log.log,1,,6.0,,,,0.91,19.0,0.0,1.0386032e-12,60.0,,,,,"""src/Resultados/Sin Restricciones/logs/C201-25.xml_log.log""",4,0,13.0.2,C2-25,188.0,355951.0,19.1328
linux64,2026-06-12 02:32:17,8,8,4,374088,216975,1438770,0xcbfcf625,375,216480,190125,1.0,100000.0,2.0,60.0,1.0,4000.0,1.0,100000.0,8.74,246843,216855,1022145,159.3655,74852,64.51,0,1124,878682,7207.17,6212.61,310.2,173.3,0.44132800000000005,3.0,73.0,32.0,1096.0,5.0,65.0,16.0,2156.0,28.0,,2.0,101.0,8,1,TIME_LIMIT,MIP,{'Threads': 4},/home/cgonzalez/mE-VRSPTW/src/Resultados/Sin_Restricciones/logs/C2-25/C202-25.xml_log.log,1,,74.0,,,,2.17,28.0,0.0,5.6641373e-12,77.0,,,,,"""src/Resultados/Sin Restricciones/logs/C202-25.xml_log.log""",4,0,13.0.2,C2-25,3651.0,377739.0,44.1328
linux64,2026-06-12 06:34:05,8,8,4,376552,219255,1460730,0x48222902,375,218760,192405,1.0,100000.0,2.0,60.0,1.0,4000.0,1.0,100000.0,11.79,249157,219135,1041480,154.0292,75067,72.61,0,2367,309833,7208.81,5089.61,267.9,174.0,0.35050400000000004,5.0,56.0,110.0,11.0,22.0,38.0,1.0,111.0,91.0,,16.0,41.0,8,10,TIME_LIMIT,MIP,{'Threads': 4},/home/cgonzalez/mE-VRSPTW/src/Resultados/Sin_Restricciones/logs/C2-25/C203-25.xml_log.log,1,,108.0,,,,2.81,26.0,0.0,8.9494059e-12,89.0,,,1.0,,"""src/Resultados/Sin Restricciones/logs/C203-25.xml_log.log""",4,0,13.0.2,C2-25,611.0,377163.0,35.0504
linux64,2026-06-12 10:37:09,8,8,4,377422,220125,1469430,0xf17c2c0b,375,219630,193275,1.0,100000.0,2.0,60.0,1.0,4000.0,1.0,100000.0,12.65,250072,220005,1049415,147.9824,75485,72.5,0,4390,455155,7200.66,4530.71,,171.6,,16.0,66.0,106.0,619.0,,27.0,3.0,1305.0,42.0,,8.0,129.0,8,0,TIME_LIMIT,MIP,{'Threads': 4},/home/cgonzalez/mE-VRSPTW/src/Resultados/Sin_Restricciones/logs/C2-25/C204-25.xml_log.log,1,,139.0,,1.0,,3.58,27.0,0.0,1.6414956e-11,96.0,,,1.0,,"""src/Resultados/Sin Restricciones/logs/C204-25.xml_log.log""",4,0,13.0.2,C2-25,2462.0,379884.0,
linux64,2026-06-12 14:39:43,8,8,4,365113,210990,1392570,0x2961ab19,375,210495,184140,1.0,100000.0,2.0,60.0,1.0,4000.0,1.0,100000.0,8.94,240718,210870,987630,175.8,135765,87.09,0,1123,1546457,7201.25,5231.28,302.3,189.0,0.37479300000000004,19.0,143.0,28.0,23.0,4.0,57.0,9.0,43.0,5.0,,5.0,49.0,8,2,TIME_LIMIT,MIP,{'Threads': 4},/home/cgonzalez/mE-VRSPTW/src/Resultados/Sin_Restricciones/logs/C2-25/C205-25.xml_log.log,1,,68.0,,,,0.71,16.0,0.0,2.8449465e-15,99.0,,,,,"""src/Resultados/Sin Restricciones/logs/C205-25.xml_log.log""",4,0,13.0.2,C2-25,453.0,365566.0,37.4793
linux64,2026-06-12 18:42:23,8,8,4,372528,215415,1423170,0x96efc023,375,214920,188565,1.0,100000.0,2.0,60.0,1.0,4000.0,1.0,100000.0,11.34,245223,215295,1007985,156.4038,75254,64.91,0,7801,1254700,7200.01,8085.61,,156.8,,,5.0,31.0,,,54.0,5.0,,,,,5.0,8,0,TIME_LIMIT,MIP,{'Threads': 4},/home/cgonzalez/mE-VRSPTW/src/Resultados/Sin_Restricciones/logs/C2-25/C206-25.xml_log.log,1,,53.0,,,,0.98,28.0,0.0,2.2363121e-11,81.0,,,,,"""src/Resultados/Sin Restricciones/logs/C206-25.xml_log.log""",4,0,13.0.2,C2-25,153.0,372681.0,
linux64,2026-06-12 22:43:47,8,8,4,373698,216585,1434870,0x3f3bd62f,375,216090,189735,1.0,100000.0,2.0,60.0,1.0,4000.0,1.0,100000.0,8.85,246438,216465,1018575,165.3,131441,54.24,0,1104,865790,7200.35,4916.38,,182.7,,36.0,68.0,80.0,729.0,11.0,67.0,1.0,1459.0,44.0,,27.0,698.0,8,0,TIME_LIMIT,MIP,{'Threads': 4},/home/cgonzalez/mE-VRSPTW/src/Resultados/Sin_Restricciones/logs/C2-25/C207-25.xml_log.log,1,,28.0,,,,2.24,16.0,0.0,1.7902346e-15,67.0,,,,,"""src/Resultados/Sin Restricciones/logs/C207-25.xml_log.log""",4,0,13.0.2,C2-25,3248.0,376946.0,
linux64,2026-06-13 02:45:57,8,8,4,373023,215910,1428120,0x46d22b6b,375,215415,189060,1.0,100000.0,2.0,60.0,1.0,4000.0,1.0,100000.0,11.73,245733,215790,1012485,148.4971,75188,48.68,0,8174,1241884,7200.06,7951.36,,148.5,,1.0,5.0,10.0,,,90.0,2.0,,,,,2.0,8,0,TIME_LIMIT,MIP,{'Threads': 4},/home/cgonzalez/mE-VRSPTW/src/Resultados/Sin_Restricciones/logs/C2-25/C208-25.xml_log.log,1,,32.0,,,,1.23,34.0,0.0,1.1950682e-11,66.0,,,,,"""src/Resultados/Sin Restricciones/logs/C208-25.xml_log.log""",4,0,13.0.2,C2-25,142.0,373165.0,
linux64,2026-06-12 00:31:43,8,8,4,375063,223845,1532040,0x38cbde75,735,222990,196635,1.0,100000.0,2.0,60.0,1.0,4000.0,1.0,100000.0,9.94,253008,223725,1141485,360.2,134230,112.46,0,1086,2384351,7200.05,5344.33,532.0,375.7,0.293797,,2.0,,,232.0,,1.0,,,,,,8,1,TIME_LIMIT,MIP,{'Threads': 4},/home/cgonzalez/mE-VRSPTW/src/Resultados/Sin_Restricciones/logs/C2-50/C201-50.xml_log.log,1,,,,,,5.21,15.0,0.0,1.1879386e-14,126.0,,,,,"""src/Resultados/Sin Restricciones/logs/C201-50.xml_log.log""",4,0,13.0.2,C2-50,235.0,375298.0,29.379699999999996
linux64,2026-06-12 04:33:24,8,8,4,400755,242775,1690470,0x8a921298,750,241905,215550,1.0,100000.0,2.0,60.0,1.0,4000.0,1.0,100000.0,11.03,272775,242655,1280025,284.873,75336,136.26,0,5640,607221,7200.2,6671.56,,291.3,,,4.0,14.0,,,26.0,,,,,,1.0,8,0,TIME_LIMIT,MIP,{'Threads': 4},/home/cgonzalez/mE-VRSPTW/src/Resultados/Sin_Restricciones/logs/C2-50/C202-50.xml_log.log,1,,22.0,,,,9.57,23.0,0.0,1.468355e-11,138.0,,,,,"""src/Resultados/Sin Restricciones/logs/C202-50.xml_log.log""",4,0,13.0.2,C2-50,67.0,400822.0,
linux64,2026-06-12 08:35:58,8,8,4,408047,249975,1762050,0x2cf66be2,750,249105,222750,1.0,100000.0,2.0,60.0,1.0,4000.0,1.0,100000.0,22.66,280082,249855,1351395,270.3887,75792,201.91,0,358,545141,7200.97,6003.25,,317.7,,5.0,56.0,710.0,,1190.0,374.0,,,6.0,,1.0,138.0,8,0,TIME_LIMIT,MIP,{'Threads': 4},/home/cgonzalez/mE-VRSPTW/src/Resultados/Sin_Restricciones/logs/C2-50/C203-50.xml_log.log,1,,299.0,1.0,,,16.62,19.0,0.0,8.8066762e-12,233.0,,,,,"""src/Resultados/Sin Restricciones/logs/C203-50.xml_log.log""",4,0,13.0.2,C2-50,2780.0,410827.0,
linux64,2026-06-12 12:39:04,8,8,4,412997,254925,1811550,0x87e18019,750,254055,227700,1.0,100000.0,2.0,60.0,1.0,4000.0,1.0,100000.0,15.99,285242,254805,1401300,261.9348,75598,242.28,0,5888,563337,7200.17,7587.15,,262.5,,,7.0,17.0,,,26.0,,,,,,,8,0,TIME_LIMIT,MIP,{'Threads': 4},/home/cgonzalez/mE-VRSPTW/src/Resultados/Sin_Restricciones/logs/C2-50/C204-50.xml_log.log,1,,7.0,,,,21.08,18.0,0.0,1.3052254e-11,268.0,,,,,"""src/Resultados/Sin Restricciones/logs/C204-50.xml_log.log""",4,0,13.0.2,C2-50,57.0,413054.0,
linux64,2026-06-12 16:41:16,8,8,4,386108,231210,1588890,0x7ad3b6bf,750,230340,203985,1.0,100000.0,2.0,60.0,1.0,4000.0,1.0,100000.0,15.66,260993,231090,1188090,294.4,131017,81.93,0,691,855007,7200.14,4854.55,,336.2,,,114.0,8439.0,,902.0,899.0,4.0,8.0,18.0,,,4546.0,8,0,TIME_LIMIT,MIP,{'Threads': 4},/home/cgonzalez/mE-VRSPTW/src/Resultados/Sin_Restricciones/logs/C2-50/C205-50.xml_log.log,1,,286.0,,,,6.57,15.0,0.0,4.968248e-15,104.0,,,,,"""src/Resultados/Sin Restricciones/logs/C205-50.xml_log.log""",4,0,13.0.2,C2-50,15216.0,401324.0,
linux64,2026-06-12 20:43:12,8,8,4,394888,237000,1633140,0x7ea088b3,750,236130,209775,1.0,100000.0,2.0,60.0,1.0,4000.0,1.0,100000.0,15.21,266863,236880,1222620,291.8,139179,107.36,0,1062,1195868,7200.18,4646.05,,333.8,,4.0,248.0,568.0,,975.0,178.0,,1.0,8.0,,2.0,475.0,8,0,TIME_LIMIT,MIP,{'Threads': 4},/home/cgonzalez/mE-VRSPTW/src/Resultados/Sin_Restricciones/logs/C2-50/C206-50.xml_log.log,1,,354.0,19.0,,,7.73,14.0,0.0,5.6482596e-15,127.0,,,,,"""src/Resultados/Sin Restricciones/logs/C206-50.xml_log.log""",4,0,13.0.2,C2-50,2832.0,397720.0,
linux64,2026-06-13 00:44:44,8,8,4,398653,240765,1670790,0x29e9f32f,750,239895,213540,1.0,100000.0,2.0,60.0,1.0,4000.0,1.0,100000.0,14.7,270673,240645,1260345,307.1,135011,111.51,0,1098,924427,7204.52,5574.85,,337.3,,1.0,81.0,31.0,130.0,288.0,268.0,35.0,116.0,26.0,,1.0,44.0,8,0,TIME_LIMIT,MIP,{'Threads': 4},/home/cgonzalez/mE-VRSPTW/src/Resultados/Sin_Restricciones/logs/C2-50/C207-50.xml_log.log,1,7.0,62.0,,,,7.86,18.0,0.0,8.0976892e-15,131.0,,,2.0,,"""src/Resultados/Sin Restricciones/logs/C207-50.xml_log.log""",4,0,13.0.2,C2-50,1092.0,399745.0,
linux64,2026-06-13 04:46:36,8,8,4,396403,238515,1648290,0x97ccd3d9,750,237645,211290,1.0,100000.0,2.0,60.0,1.0,4000.0,1.0,100000.0,10.73,268393,238395,1237815,290.1,139083,101.11,0,707,800706,7200.28,5463.47,,304.5,,3.0,198.0,1960.0,,907.0,643.0,2.0,16.0,27.0,,1.0,3497.0,8,0,TIME_LIMIT,MIP,{'Threads': 4},/home/cgonzalez/mE-VRSPTW/src/Resultados/Sin_Restricciones/logs/C2-50/C208-50.xml_log.log,1,,258.0,,2.0,,7.44,14.0,0.0,5.2249871e-15,115.0,,,,,"""src/Resultados/Sin Restricciones/logs/C208-50.xml_log.log""",4,0,13.0.2,C2-50,7514.0,403917.0,
linux64,2026-06-13 06:46:47,8,8,4,96322,57015,376830,0xf6b9de62,0,56775,48525,1.0,40000.0,7.0,60.0,1.0,2000.0,1.0,40000.0,2.65,65107,56775,275265,617.1,75477,85.86,0,9418,6133615,7200.09,9151.42,,617.1,,4.0,914.0,14.0,29.0,314.0,283.0,304.0,318.0,829.0,,46.0,82.0,8,0,TIME_LIMIT,MIP,{'Threads': 4},/home/cgonzalez/mE-VRSPTW/src/Resultados/Sin_Restricciones/logs/R1-25/R101-25.xml_log.log,1,,18.0,,,,,,,,,20.0,,,,"""src/Resultados/Sin Restricciones/logs/R101-25.xml_log.log""",4,0,13.0.2,R1-25,3175.0,99497.0,
linux64,2026-06-13 10:47:29,8,8,4,111106,67245,458340,0x41df7c36,375,66720,58785,1.0,40000.0,7.0,60.0,1.0,2000.0,1.0,40000.0,1.97,76141,67095,334320,359.4082,50130,47.47,0,2727,2704723,7200.32,5642.59,,499.0,,23.0,229.0,33.0,340.0,79.0,26.0,9.0,298.0,165.0,,52.0,69.0,8,0,TIME_LIMIT,MIP,{'Threads': 4},/home/cgonzalez/mE-VRSPTW/src/Resultados/Sin_Restricciones/logs/R1-25/R102-25.xml_log.log,1,1.0,57.0,,3.0,,,,,,,,,,,"""src/Resultados/Sin Restricciones/logs/R102-25.xml_log.log""",4,0,13.0.2,R1-25,1384.0,112490.0,
linux64,2026-06-13 14:48:12,8,8,4,112861,69000,475890,0x608e6db3,375,68475,60540,1.0,40000.0,7.0,60.0,1.0,2000.0,1.0,40000.0,2.63,77941,68850,351840,309.9381,49834,49.5,0,3461,2751121,7200.06,7323.77,498.5,393.5,0.21063199999999999,15.0,137.0,1.0,75.0,26.0,25.0,6.0,135.0,183.0,,28.0,42.0,8,10,TIME_LIMIT,MIP,{'Threads': 4},/home/cgonzalez/mE-VRSPTW/src/Resultados/Sin_Restricciones/logs/R1-25/R103-25.xml_log.log,1,5.0,41.0,,,,,,,,,,,,,"""src/Resultados/Sin Restricciones/logs/R103-25.xml_log.log""",4,0,13.0.2,R1-25,719.0,113580.0,21.0632
linux64,2026-06-13 18:48:48,8,8,4,115549,70860,490710,0xf03eb1a5,375,70305,62370,1.0,40000.0,7.0,60.0,1.0,2000.0,1.0,40000.0,2.15,79849,70680,363780,298.6475,51107,61.94,0,19426,3396203,7200.07,9682.03,,310.7,,3.0,32.0,33.0,,12.0,6.0,2.0,2.0,29.0,,1.0,21.0,8,0,TIME_LIMIT,MIP,{'Threads': 4},/home/cgonzalez/mE-VRSPTW/src/Resultados/Sin_Restricciones/logs/R1-25/R104-25.xml_log.log,1,,62.0,,,,,,,,,,,,,"""src/Resultados/Sin Restricciones/logs/R104-25.xml_log.log""",4,0,13.0.2,R1-25,203.0,115752.0,
linux64,2026-06-13 22:49:28,8,8,4,101017,60330,403680,0x263e6bad,210,59910,51855,1.0,40000.0,7.0,60.0,1.0,2000.0,1.0,40000.0,3.05,68557,60120,296715,452.2,47964,43.48,0,4624,5005116,7200.08,6268.41,,517.3,,3.0,44.0,21.0,15.0,2.0,12.0,,185.0,197.0,,42.0,33.0,8,0,TIME_LIMIT,MIP,{'Threads': 4},/home/cgonzalez/mE-VRSPTW/src/Resultados/Sin_Restricciones/logs/R1-25/R105-25.xml_log.log,1,,76.0,,,,,,,,,,,,,"""src/Resultados/Sin Restricciones/logs/R105-25.xml_log.log""",4,0,13.0.2,R1-25,630.0,101647.0,
linux64,2026-06-14 02:50:04,8,8,4,111961,68100,466890,0xbd1bb30f,375,67575,59640,1.0,40000.0,7.0,60.0,1.0,2000.0,1.0,40000.0,3.12,76996,67950,342750,327.0539,48312,58.25,0,1610,2627310,7200.09,5841.81,529.3,437.3,0.173814,17.0,307.0,13.0,54.0,83.0,26.0,2.0,105.0,151.0,,18.0,33.0,8,10,TIME_LIMIT,MIP,{'Threads': 4},/home/cgonzalez/mE-VRSPTW/src/Resultados/Sin_Restricciones/logs/R1-25/R106-25.xml_log.log,1,,37.0,,7.0,,,,,,,,,,,"""src/Resultados/Sin Restricciones/logs/R106-25.xml_log.log""",4,0,13.0.2,R1-25,853.0,112814.0,17.3814
linux64,2026-06-14 06:50:40,8,8,4,113341,69480,480690,0x5ffb623a,375,68955,61020,1.0,40000.0,7.0,60.0,1.0,2000.0,1.0,40000.0,2.06,78421,69330,356640,300.3026,49001,46.55,0,1770,1884055,7200.06,7432.78,477.9,377.9,0.20924900000000002,17.0,180.0,15.0,33.0,25.0,41.0,6.0,134.0,150.0,,34.0,14.0,8,8,TIME_LIMIT,MIP,{'Threads': 4},/home/cgonzalez/mE-VRSPTW/src/Resultados/Sin_Restricciones/logs/R1-25/R107-25.xml_log.log,1,,60.0,,,,,,,,,,,,,"""src/Resultados/Sin Restricciones/logs/R107-25.xml_log.log""",4,0,13.0.2,R1-25,709.0,114050.0,20.9249
linux64,2026-06-14 10:51:17,8,8,4,115894,71205,494160,0x8cf25c00,375,70665,62730,1.0,40000.0,7.0,60.0,1.0,2000.0,1.0,40000.0,2.32,80209,71040,367380,288.7876,53906,72.57,0,20870,2498158,7200.08,8634.33,,355.7,,8.0,104.0,13.0,127.0,139.0,11.0,2.0,203.0,45.0,,38.0,19.0,8,0,TIME_LIMIT,MIP,{'Threads': 4},/home/cgonzalez/mE-VRSPTW/src/Resultados/Sin_Restricciones/logs/R1-25/R108-25.xml_log.log,1,,62.0,,,,,,,,,,,,,"""src/Resultados/Sin Restricciones/logs/R108-25.xml_log.log""",4,0,13.0.2,R1-25,771.0,116665.0,
linux64,2026-06-14 14:52:15,8,8,4,108538,65505,444720,0xb9f45c75,375,64935,57000,1.0,40000.0,7.0,60.0,1.0,2000.0,1.0,40000.0,2.58,74293,65310,329385,346.7,36040,28.38,0,1374,1739445,7200.84,5356.0,446.9,397.0,0.11165800000000001,12.0,145.0,19.0,29.0,20.0,87.0,5.0,180.0,213.0,,36.0,18.0,8,9,TIME_LIMIT,MIP,{'Threads': 4},/home/cgonzalez/mE-VRSPTW/src/Resultados/Sin_Restricciones/logs/R1-25/R109-25.xml_log.log,1,,150.0,,1.0,,,,,,,,,,,"""src/Resultados/Sin Restricciones/logs/R109-25.xml_log.log""",4,0,13.0.2,R1-25,915.0,109453.0,11.1658
linux64,2026-06-14 18:52:57,8,8,4,113989,69300,475110,0x1f1585f3,375,68745,60810,1.0,40000.0,7.0,60.0,1.0,2000.0,1.0,40000.0,2.13,78169,69120,352545,292.9818,51528,53.93,0,21531,2654651,7200.0,8867.49,,300.2,,,20.0,4.0,,7.0,7.0,,,,,,,8,0,TIME_LIMIT,MIP,{'Threads': 4},/home/cgonzalez/mE-VRSPTW/src/Resultados/Sin_Restricciones/logs/R1-25/R110-25.xml_log.log,1,,20.0,,,,,,,,,,,,,"""src/Resultados/Sin Restricciones/logs/R110-25.xml_log.log""",4,0,13.0.2,R1-25,58.0,114047.0,
linux64,2026-06-14 22:53:35,8,8,4,112435,68850,475650,0x80e9f018,375,68310,60375,1.0,40000.0,7.0,60.0,1.0,2000.0,1.0,40000.0,2.74,77725,68685,354420,300.3614,49111,61.3,0,2599,2456679,7200.06,5752.88,454.4,391.9,0.137544,14.0,120.0,9.0,28.0,91.0,56.0,4.0,218.0,145.0,,20.0,145.0,8,10,TIME_LIMIT,MIP,{'Threads': 4},/home/cgonzalez/mE-VRSPTW/src/Resultados/Sin_Restricciones/logs/R1-25/R111-25.xml_log.log,1,1.0,65.0,,1.0,,,,,,,,,,,"""src/Resultados/Sin Restricciones/logs/R111-25.xml_log.log""",4,0,13.0.2,R1-25,917.0,113352.0,13.7544
linux64,2026-06-15 02:54:43,8,8,4,116389,71700,499110,0x4e355919,375,71190,63255,1.0,40000.0,7.0,60.0,1.0,2000.0,1.0,40000.0,3.33,80629,71565,369840,288.7876,50098,49.39,0,20993,2843229,7216.71,8167.73,,339.1,,16.0,10.0,7.0,437.0,78.0,14.0,2.0,46.0,6.0,,15.0,7.0,8,0,TIME_LIMIT,MIP,{'Threads': 4},/home/cgonzalez/mE-VRSPTW/src/Resultados/Sin_Restricciones/logs/R1-25/R112-25.xml_log.log,1,,57.0,,,,,,,,,,,,,"""src/Resultados/Sin Restricciones/logs/R112-25.xml_log.log""",4,0,13.0.2,R1-25,695.0,117084.0,
linux64,2026-06-13 08:47:19,8,8,4,197324,118740,812955,0x7fb67ac5,0,118290,101775,1.0,40000.0,5.0,60.0,1.0,2000.0,1.0,40000.0,6.18,133634,118290,586005,1031.2,63547,19.34,0,991,2253839,7200.07,5415.93,,1038.8,,,32.0,126.0,,688.0,81.0,3.0,1.0,,,26.0,275.0,8,0,TIME_LIMIT,MIP,{'Threads': 4},/home/cgonzalez/mE-VRSPTW/src/Resultados/Sin_Restricciones/logs/R1-50/R101-50.xml_log.log,1,,35.0,10.0,1.0,,1.49,19.0,0.0,3.2505661e-13,27.0,,10.0,,,"""src/Resultados/Sin Restricciones/logs/R101-50.xml_log.log""",4,0,13.0.2,R1-50,1288.0,198612.0,
linux64,2026-06-13 12:47:59,8,8,4,236258,146910,1045515,0x2e95688b,750,145665,129810,1.0,40000.0,5.0,60.0,1.0,2000.0,1.0,40000.0,8.69,164513,146415,799815,571.4836,31318,49.3,0,498,1451907,7200.22,7284.03,,717.6,,,48.0,996.0,,855.0,50.0,16.0,5.0,273.0,,,516.0,8,0,TIME_LIMIT,MIP,{'Threads': 4},/home/cgonzalez/mE-VRSPTW/src/Resultados/Sin_Restricciones/logs/R1-50/R102-50.xml_log.log,1,,13.0,,8.0,,2.85,21.0,0.0,9.9626987e-13,61.0,,,,,"""src/Resultados/Sin Restricciones/logs/R102-50.xml_log.log""",4,0,13.0.2,R1-50,2780.0,239038.0,
linux64,2026-06-13 16:48:38,8,8,4,249383,157275,1136565,0xf46e1ec6,750,156090,140235,1.0,40000.0,5.0,60.0,1.0,2000.0,1.0,40000.0,7.16,175103,156840,876870,473.1198,33289,60.43,0,786,1260882,7200.11,6344.48,,592.5,,,53.0,1030.0,,620.0,86.0,15.0,7.0,317.0,,,2769.0,8,0,TIME_LIMIT,MIP,{'Threads': 4},/home/cgonzalez/mE-VRSPTW/src/Resultados/Sin_Restricciones/logs/R1-50/R103-50.xml_log.log,1,,83.0,1.0,2.0,,2.46,23.0,0.0,1.2814068e-12,70.0,,,,2.0,"""src/Resultados/Sin Restricciones/logs/R103-50.xml_log.log""",4,0,13.0.2,R1-50,4985.0,254368.0,
linux64,2026-06-13 20:49:14,8,8,4,257432,164220,1200975,0xfb69842f,750,163110,147255,1.0,40000.0,4.0,60.0,1.0,2000.0,1.0,40000.0,7.9,182282,163860,931230,434.7662,34300,81.69,0,2292,1222125,7200.15,6141.48,,513.6,,15.0,345.0,121.0,123.0,62.0,303.0,14.0,404.0,128.0,,56.0,148.0,8,0,TIME_LIMIT,MIP,{'Threads': 4},/home/cgonzalez/mE-VRSPTW/src/Resultados/Sin_Restricciones/logs/R1-50/R104-50.xml_log.log,1,,104.0,,,,2.89,25.0,0.0,3.6131175e-12,92.0,,,,,"""src/Resultados/Sin Restricciones/logs/R104-50.xml_log.log""",4,0,13.0.2,R1-50,1823.0,259255.0,
linux64,2026-06-14 00:49:50,8,8,4,208199,126855,881505,0x282eabfa,570,125835,109845,1.0,40000.0,4.0,60.0,1.0,2000.0,1.0,40000.0,5.64,142769,126405,659205,804.7,64914,19.77,0,683,1293886,7200.03,6438.16,,853.3,,,173.0,4100.0,,1129.0,400.0,2.0,47.0,146.0,,6.0,13028.0,8,0,TIME_LIMIT,MIP,{'Threads': 4},/home/cgonzalez/mE-VRSPTW/src/Resultados/Sin_Restricciones/logs/R1-50/R105-50.xml_log.log,1,,273.0,,,,1.24,16.0,0.0,1.2542745e-13,27.0,,,,,"""src/Resultados/Sin Restricciones/logs/R105-50.xml_log.log""",4,0,13.0.2,R1-50,19304.0,227503.0,
linux64,2026-06-14 04:50:29,8,8,4,239198,149850,1074915,0xb502774d,750,148695,132840,1.0,40000.0,4.0,60.0,1.0,2000.0,1.0,40000.0,7.73,167543,149445,826860,521.131,31250,30.48,0,1780,1720030,7200.21,5569.27,,653.3,,5.0,231.0,83.0,81.0,41.0,82.0,9.0,251.0,386.0,,42.0,83.0,8,0,TIME_LIMIT,MIP,{'Threads': 4},/home/cgonzalez/mE-VRSPTW/src/Resultados/Sin_Restricciones/logs/R1-50/R106-50.xml_log.log,1,,83.0,,1.0,,2.14,22.0,0.0,1.8979405e-12,41.0,,,,,"""src/Resultados/Sin Restricciones/logs/R106-50.xml_log.log""",4,0,13.0.2,R1-50,1378.0,240576.0,
linux64,2026-06-14 08:51:06,8,8,4,251273,159165,1155465,0xc97a0664,750,158025,142170,1.0,40000.0,4.0,60.0,1.0,2000.0,1.0,40000.0,7.45,177038,158775,895380,452.0748,33231,73.29,0,1438,1013358,7200.24,6833.18,,529.9,,1.0,92.0,33.0,61.0,11.0,53.0,9.0,44.0,60.0,,1.0,36.0,8,0,TIME_LIMIT,MIP,{'Threads': 4},/home/cgonzalez/mE-VRSPTW/src/Resultados/Sin_Restricciones/logs/R1-50/R107-50.xml_log.log,1,,143.0,,,,2.55,26.0,0.0,1.4165197e-12,83.0,,,,,"""src/Resultados/Sin Restricciones/logs/R107-50.xml_log.log""",4,0,13.0.2,R1-50,544.0,251817.0,
linux64,2026-06-14 12:51:44,8,8,4,258107,164895,1207725,0xa258294d,750,163785,147930,1.0,40000.0,4.0,60.0,1.0,2000.0,1.0,40000.0,7.63,182957,164535,937980,426.2313,34162,64.01,0,1901,1352239,7218.87,5540.77,,511.0,,8.0,275.0,111.0,1200.0,104.0,277.0,7.0,815.0,139.0,,82.0,488.0,8,0,TIME_LIMIT,MIP,{'Threads': 4},/home/cgonzalez/mE-VRSPTW/src/Resultados/Sin_Restricciones/logs/R1-50/R108-50.xml_log.log,1,,94.0,,,,3.16,20.0,0.0,5.3044022e-12,75.0,,,,,"""src/Resultados/Sin Restricciones/logs/R108-50.xml_log.log""",4,0,13.0.2,R1-50,3600.0,261707.0,
linux64,2026-06-14 16:52:46,8,8,4,227051,141015,1001685,0x2dcc5fef,750,139830,123975,1.0,40000.0,4.0,60.0,1.0,2000.0,1.0,40000.0,8.35,158516,140580,771900,538.6,67179,51.15,0,1183,1128706,7200.45,5975.81,,645.2,,9.0,248.0,33.0,55.0,3.0,72.0,8.0,174.0,169.0,,22.0,45.0,8,0,TIME_LIMIT,MIP,{'Threads': 4},/home/cgonzalez/mE-VRSPTW/src/Resultados/Sin_Restricciones/logs/R1-50/R109-50.xml_log.log,1,,118.0,,6.0,,4.08,19.0,0.0,2.1815882e-14,62.0,,,,,"""src/Resultados/Sin Restricciones/logs/R109-50.xml_log.log""",4,0,13.0.2,R1-50,962.0,228013.0,
linux64,2026-06-14 20:53:21,8,8,4,241433,152085,1097265,0xad4599c8,750,150930,135075,1.0,40000.0,4.0,60.0,1.0,2000.0,1.0,40000.0,7.52,169733,151680,851100,454.4162,31590,69.71,0,1583,819069,7203.16,6868.2,,523.9,,8.0,164.0,44.0,62.0,101.0,312.0,28.0,388.0,87.0,,1.0,307.0,8,0,TIME_LIMIT,MIP,{'Threads': 4},/home/cgonzalez/mE-VRSPTW/src/Resultados/Sin_Restricciones/logs/R1-50/R110-50.xml_log.log,1,,125.0,,,,4.23,21.0,0.0,2.3501207e-12,80.0,,,,,"""src/Resultados/Sin Restricciones/logs/R110-50.xml_log.log""",4,0,13.0.2,R1-50,1627.0,243060.0,
linux64,2026-06-15 00:54:00,8,8,4,244553,155205,1128465,0xd910fa3a,750,154065,138210,1.0,40000.0,4.0,60.0,1.0,2000.0,1.0,40000.0,9.47,172928,154815,876780,449.1423,31478,56.36,0,1158,1064022,7229.06,6577.25,,532.1,,3.0,257.0,75.0,53.0,67.0,318.0,18.0,423.0,221.0,,12.0,440.0,8,0,TIME_LIMIT,MIP,{'Threads': 4},/home/cgonzalez/mE-VRSPTW/src/Resultados/Sin_Restricciones/logs/R1-50/R111-50.xml_log.log,1,,128.0,,,,2.78,20.0,0.0,2.0598162e-12,69.0,,,,,"""src/Resultados/Sin Restricciones/logs/R111-50.xml_log.log""",4,0,13.0.2,R1-50,2015.0,246568.0,
linux64,2026-06-15 04:55:32,8,8,4,249953,160605,1182465,0xefcdb6e0,750,159510,143655,1.0,40000.0,4.0,60.0,1.0,2000.0,1.0,40000.0,10.67,178358,160260,922605,420.6205,32090,63.74,0,1318,2159793,7200.11,5206.84,,495.7,,12.0,164.0,127.0,388.0,80.0,273.0,29.0,591.0,67.0,,144.0,113.0,8,0,TIME_LIMIT,MIP,{'Threads': 4},/home/cgonzalez/mE-VRSPTW/src/Resultados/Sin_Restricciones/logs/R1-50/R112-50.xml_log.log,1,,50.0,,1.0,,3.09,19.0,0.0,2.6835446e-12,78.0,,,,3.0,"""src/Resultados/Sin Restricciones/logs/R112-50.xml_log.log""",4,0,13.0.2,R1-50,2042.0,251995.0,
linux64,2026-06-15 06:55:47,8,8,4,121414,72585,489150,0xbaa92e8b,375,72090,63660,1.0,200000.0,7.0,60.0,1.0,2000.0,1.0,200000.0,2.5,82099,72465,356835,414.0,57147,42.65,0,6615,4297176,7200.04,9260.09,509.6,429.4,0.157378,,22.0,32.0,,12.0,19.0,,3.0,,,,5.0,8,6,TIME_LIMIT,MIP,{'Threads': 4},/home/cgonzalez/mE-VRSPTW/src/Resultados/Sin_Restricciones/logs/R2-25/R201-25.xml_log.log,1,,42.0,,,,,,,,,,,,,"""src/Resultados/Sin Restricciones/logs/R201-25.xml_log.log""",4,0,13.0.2,R2-25,135.0,121549.0,15.737799999999998
linux64,2026-06-15 10:56:23,8,8,4,128127,77550,530820,0x610de54f,375,77055,68625,1.0,200000.0,7.0,60.0,1.0,2000.0,1.0,200000.0,3.7,87162,77430,390255,302.3774,55677,76.88,0,3837,1417689,7200.15,5847.53,451.3,383.0,0.151341,17.0,94.0,35.0,1051.0,1.0,39.0,14.0,2869.0,113.0,,17.0,919.0,8,10,TIME_LIMIT,MIP,{'Threads': 4},/home/cgonzalez/mE-VRSPTW/src/Resultados/Sin_Restricciones/logs/R2-25/R202-25.xml_log.log,1,,62.0,,,,,,,,,,,,,"""src/Resultados/Sin Restricciones/logs/R202-25.xml_log.log""",4,0,13.0.2,R2-25,5231.0,133358.0,15.1341
linux64,2026-06-15 14:57:11,8,8,4,129267,78690,542220,0xf6f2b603,375,78195,69765,1.0,200000.0,7.0,60.0,1.0,2000.0,1.0,200000.0,2.37,88347,78570,400605,293.9755,57405,78.29,0,1427,1819241,7200.26,5498.41,442.7,358.5,0.190197,34.0,72.0,48.0,833.0,30.0,42.0,2.0,993.0,54.0,,42.0,280.0,8,10,TIME_LIMIT,MIP,{'Threads': 4},/home/cgonzalez/mE-VRSPTW/src/Resultados/Sin_Restricciones/logs/R2-25/R203-25.xml_log.log,1,,36.0,,,,,,,,,,,,,"""src/Resultados/Sin Restricciones/logs/R203-25.xml_log.log""",4,0,13.0.2,R2-25,2466.0,131733.0,19.0197
linux64,2026-06-15 18:57:55,8,8,4,130368,79515,549210,0xe8323aa6,375,79020,70590,1.0,200000.0,7.0,60.0,1.0,2000.0,1.0,200000.0,3.77,89238,79395,406350,279.8915,56684,83.98,0,6267,2799980,7200.01,6637.02,,346.4,,15.0,85.0,28.0,11.0,55.0,61.0,8.0,435.0,27.0,,18.0,21.0,8,0,TIME_LIMIT,MIP,{'Threads': 4},/home/cgonzalez/mE-VRSPTW/src/Resultados/Sin_Restricciones/logs/R2-25/R204-25.xml_log.log,1,,113.0,2.0,,,,,,,,,,,,"""src/Resultados/Sin Restricciones/logs/R204-25.xml_log.log""",4,0,13.0.2,R2-25,879.0,131247.0,
linux64,2026-06-15 22:58:34,8,8,4,123199,74370,507000,0x24b51049,375,73875,65445,1.0,200000.0,7.0,60.0,1.0,2000.0,1.0,200000.0,2.12,83884,74250,372900,336.4,50301,34.53,0,1377,1924676,7207.95,5325.12,,361.7,,7.0,27.0,45.0,75.0,62.0,114.0,5.0,2957.0,20.0,,12.0,779.0,8,0,TIME_LIMIT,MIP,{'Threads': 4},/home/cgonzalez/mE-VRSPTW/src/Resultados/Sin_Restricciones/logs/R2-25/R205-25.xml_log.log,1,,28.0,1.0,,,,,,,,,,,,"""src/Resultados/Sin Restricciones/logs/R205-25.xml_log.log""",4,0,13.0.2,R2-25,4132.0,127331.0,
linux64,2026-06-16 02:59:25,8,8,4,128847,78270,538020,0xa0cfb77e,375,77775,69345,1.0,200000.0,7.0,60.0,1.0,2000.0,1.0,200000.0,4.46,87882,78150,396735,283.9463,55488,93.59,0,9667,2744780,7200.12,10143.02,423.2,285.4,0.325614,1.0,12.0,13.0,,,19.0,,,,,6.0,3.0,8,10,TIME_LIMIT,MIP,{'Threads': 4},/home/cgonzalez/mE-VRSPTW/src/Resultados/Sin_Restricciones/logs/R2-25/R206-25.xml_log.log,1,,50.0,,,,,,,,,,,,,"""src/Resultados/Sin Restricciones/logs/R206-25.xml_log.log""",4,0,13.0.2,R2-25,104.0,128951.0,32.5614
linux64,2026-06-16 07:00:49,8,8,4,129462,78885,544170,0xd29c10d8,375,78390,69960,1.0,200000.0,7.0,60.0,1.0,2000.0,1.0,200000.0,3.96,88542,78765,402360,283.9463,57204,96.29,0,1357,1518103,7203.0,5086.62,541.3,341.1,0.36985,42.0,89.0,73.0,370.0,40.0,91.0,,827.0,34.0,,62.0,116.0,8,5,TIME_LIMIT,MIP,{'Threads': 4},/home/cgonzalez/mE-VRSPTW/src/Resultados/Sin_Restricciones/logs/R2-25/R207-25.xml_log.log,1,1.0,56.0,,,,,,,,,,,1.0,,"""src/Resultados/Sin Restricciones/logs/R207-25.xml_log.log""",4,0,13.0.2,R2-25,1802.0,131264.0,36.985
linux64,2026-06-16 11:01:41,8,8,4,130443,79590,549960,0x526de8da,375,79095,70665,1.0,200000.0,7.0,60.0,1.0,2000.0,1.0,200000.0,3.42,89313,79470,407025,279.8915,58470,101.08,0,20889,4305236,7200.28,9599.99,408.6,284.7,0.30323100000000003,1.0,1.0,32.0,,,24.0,,,,,,,8,4,TIME_LIMIT,MIP,{'Threads': 4},/home/cgonzalez/mE-VRSPTW/src/Resultados/Sin_Restricciones/logs/R2-25/R208-25.xml_log.log,1,,28.0,,,,,,,,,,,,,"""src/Resultados/Sin Restricciones/logs/R208-25.xml_log.log""",4,0,13.0.2,R2-25,86.0,130529.0,30.323100000000004
linux64,2026-06-16 15:02:35,8,8,4,128733,77880,532860,0xbdcb709f,375,77385,68955,1.0,200000.0,7.0,60.0,1.0,2000.0,1.0,200000.0,3.4,87468,77760,391350,292.3545,56763,74.68,0,1364,1866132,7200.02,4929.14,463.9,357.9,0.22849799999999998,22.0,90.0,23.0,20.0,10.0,57.0,5.0,462.0,42.0,,27.0,90.0,8,10,TIME_LIMIT,MIP,{'Threads': 4},/home/cgonzalez/mE-VRSPTW/src/Resultados/Sin_Restricciones/logs/R2-25/R209-25.xml_log.log,1,,34.0,,1.0,,,,,,,,,,,"""src/Resultados/Sin Restricciones/logs/R209-25.xml_log.log""",4,0,13.0.2,R2-25,883.0,129616.0,22.8498
linux64,2026-06-16 19:03:24,8,8,4,128530,78045,536190,0xc069d690,375,77550,69120,1.0,200000.0,7.0,60.0,1.0,2000.0,1.0,200000.0,2.95,87610,77925,395220,293.9802,52963,89.22,0,1475,1557704,7204.18,5633.58,477.9,389.3,0.185394,25.0,87.0,33.0,383.0,14.0,57.0,131.0,1144.0,182.0,,66.0,732.0,8,6,TIME_LIMIT,MIP,{'Threads': 4},/home/cgonzalez/mE-VRSPTW/src/Resultados/Sin_Restricciones/logs/R2-25/R210-25.xml_log.log,1,,61.0,,,,,,,,,2.0,,,,"""src/Resultados/Sin Restricciones/logs/R210-25.xml_log.log""",4,0,13.0.2,R2-25,2917.0,131447.0,18.5394
linux64,2026-06-16 23:04:11,8,8,4,130608,79755,551610,0xac1f53cf,375,79260,70830,1.0,200000.0,7.0,60.0,1.0,2000.0,1.0,200000.0,2.51,89358,79635,408270,279.8915,54749,73.37,0,20868,2839929,7201.34,9023.14,443.3,280.4,0.36747100000000005,3.0,,28.0,,,28.0,,,,,,4.0,8,10,TIME_LIMIT,MIP,{'Threads': 4},/home/cgonzalez/mE-VRSPTW/src/Resultados/Sin_Restricciones/logs/R2-25/R211-25.xml_log.log,1,,51.0,,,,,,,,,,,,,"""src/Resultados/Sin Restricciones/logs/R211-25.xml_log.log""",4,0,13.0.2,R2-25,114.0,130722.0,36.7471
linux64,2026-06-15 08:56:10,8,8,4,252098,154470,1083495,0xbcabe221,750,153525,136680,1.0,200000.0,4.0,60.0,1.0,2000.0,1.0,200000.0,7.04,173543,154275,806640,714.1,84428,53.48,0,2704,1428286,7200.15,6962.09,,768.8,,2.0,292.0,850.0,,1247.0,272.0,4.0,30.0,,,,666.0,8,0,TIME_LIMIT,MIP,{'Threads': 4},/home/cgonzalez/mE-VRSPTW/src/Resultados/Sin_Restricciones/logs/R2-50/R201-50.xml_log.log,1,,264.0,9.0,,,3.61,13.0,0.0,1.3267165e-14,63.0,,,,,"""src/Resultados/Sin Restricciones/logs/R201-50.xml_log.log""",4,0,13.0.2,R2-50,3636.0,255734.0,
linux64,2026-06-15 12:56:59,8,8,4,270741,169065,1210965,0xcd8cb97d,750,168120,151275,1.0,200000.0,4.0,60.0,1.0,2000.0,1.0,200000.0,10.0,188331,168870,911805,504.0809,46453,53.61,0,693,1104224,7200.22,6004.32,,588.6,,,247.0,2890.0,,1374.0,210.0,41.0,10.0,1.0,,14.0,4342.0,8,0,TIME_LIMIT,MIP,{'Threads': 4},/home/cgonzalez/mE-VRSPTW/src/Resultados/Sin_Restricciones/logs/R2-50/R202-50.xml_log.log,1,,365.0,,1.0,,2.68,17.0,0.0,4.20545e-12,67.0,,,,,"""src/Resultados/Sin Restricciones/logs/R202-50.xml_log.log""",4,0,13.0.2,R2-50,9495.0,280236.0,
linux64,2026-06-15 16:57:39,8,8,4,277331,174735,1263465,0xf43fd90a,750,173790,156945,1.0,200000.0,4.0,60.0,1.0,2000.0,1.0,200000.0,8.24,194126,174540,957015,447.8693,47243,93.28,0,6425,1485582,7200.03,7926.43,,452.9,,,,11.0,,,20.0,,,,,,2.0,8,0,TIME_LIMIT,MIP,{'Threads': 4},/home/cgonzalez/mE-VRSPTW/src/Resultados/Sin_Restricciones/logs/R2-50/R203-50.xml_log.log,1,,53.0,,,,6.38,17.0,0.0,3.6658085e-12,104.0,,,,,"""src/Resultados/Sin Restricciones/logs/R203-50.xml_log.log""",4,0,13.0.2,R2-50,86.0,277417.0,
linux64,2026-06-15 20:58:23,8,8,4,281299,178335,1297785,0x31520ebf,750,177390,160545,1.0,200000.0,4.0,60.0,1.0,2000.0,1.0,200000.0,7.97,197869,178140,987255,422.282,47701,79.18,0,5355,1623580,7200.29,6096.96,,498.1,,13.0,108.0,115.0,314.0,196.0,206.0,11.0,2079.0,104.0,,41.0,940.0,8,0,TIME_LIMIT,MIP,{'Threads': 4},/home/cgonzalez/mE-VRSPTW/src/Resultados/Sin_Restricciones/logs/R2-50/R204-50.xml_log.log,1,,135.0,,,,5.49,17.0,0.0,3.9334328e-12,90.0,,,1.0,,"""src/Resultados/Sin Restricciones/logs/R204-50.xml_log.log""",4,0,13.0.2,R2-50,4263.0,285562.0,
linux64,2026-06-16 00:59:08,8,8,4,260413,161865,1153245,0x541f8ed1,750,160920,144075,1.0,200000.0,4.0,60.0,1.0,2000.0,1.0,200000.0,7.55,180958,161670,867105,538.5,84257,88.42,0,488,745058,7200.17,6176.59,,614.3,,2.0,77.0,1856.0,,1297.0,431.0,15.0,17.0,36.0,,7.0,1581.0,8,0,TIME_LIMIT,MIP,{'Threads': 4},/home/cgonzalez/mE-VRSPTW/src/Resultados/Sin_Restricciones/logs/R2-50/R205-50.xml_log.log,1,,415.0,3.0,,,7.28,15.0,0.0,1.4668822e-14,98.0,,,,,"""src/Resultados/Sin Restricciones/logs/R205-50.xml_log.log""",4,0,13.0.2,R2-50,5737.0,266150.0,
linux64,2026-06-16 05:00:01,8,8,4,273576,171900,1239315,0x2941d913,750,170955,154110,1.0,200000.0,4.0,60.0,1.0,2000.0,1.0,200000.0,9.66,191166,171705,937260,446.899,46355,66.21,0,5203,991330,7200.91,4605.04,,552.2,,29.0,112.0,102.0,1810.0,418.0,56.0,3.0,932.0,106.0,,50.0,312.0,8,0,TIME_LIMIT,MIP,{'Threads': 4},/home/cgonzalez/mE-VRSPTW/src/Resultados/Sin_Restricciones/logs/R2-50/R206-50.xml_log.log,1,,132.0,,,,5.87,16.0,0.0,3.7509851e-12,80.0,,,,,"""src/Resultados/Sin Restricciones/logs/R206-50.xml_log.log""",4,0,13.0.2,R2-50,4062.0,277638.0,
linux64,2026-06-16 09:01:21,8,8,4,278531,175935,1275465,0xe1f753fd,750,174990,158145,1.0,200000.0,4.0,60.0,1.0,2000.0,1.0,200000.0,7.73,195326,175740,967785,420.1622,47200,66.9,0,10693,1319091,7200.25,7262.66,,425.2,,,,1.0,,,8.0,,,,,,,8,0,TIME_LIMIT,MIP,{'Threads': 4},/home/cgonzalez/mE-VRSPTW/src/Resultados/Sin_Restricciones/logs/R2-50/R207-50.xml_log.log,1,,8.0,,,,4.78,17.0,0.0,3.3382663e-12,78.0,,,,,"""src/Resultados/Sin Restricciones/logs/R207-50.xml_log.log""",4,0,13.0.2,R2-50,17.0,278548.0,
linux64,2026-06-16 13:02:19,8,8,4,281419,178455,1298985,0x16854d54,750,177510,160665,1.0,200000.0,4.0,60.0,1.0,2000.0,1.0,200000.0,9.97,197989,178260,988335,416.4643,48060,83.88,0,5371,1194601,7200.75,6327.5,,487.5,,12.0,99.0,156.0,179.0,54.0,204.0,6.0,649.0,35.0,,23.0,126.0,8,0,TIME_LIMIT,MIP,{'Threads': 4},/home/cgonzalez/mE-VRSPTW/src/Resultados/Sin_Restricciones/logs/R2-50/R208-50.xml_log.log,1,,182.0,,2.0,,6.79,16.0,0.0,4.4779142e-12,98.0,,,,1.0,"""src/Resultados/Sin Restricciones/logs/R208-50.xml_log.log""",4,0,13.0.2,R2-50,1728.0,283147.0,
linux64,2026-06-16 17:03:09,8,8,4,271776,170100,1221315,0xc5f909db,750,169155,152310,1.0,200000.0,4.0,60.0,1.0,2000.0,1.0,200000.0,9.48,189291,169905,920925,483.6291,46386,102.37,0,1142,1060112,7200.13,6470.33,,550.0,,,,,,,,,,,,,,8,0,TIME_LIMIT,MIP,{'Threads': 4},/home/cgonzalez/mE-VRSPTW/src/Resultados/Sin_Restricciones/logs/R2-50/R209-50.xml_log.log,1,,,,,,10.53,20.0,0.0,1.6111942e-12,115.0,,,,,"""src/Resultados/Sin Restricciones/logs/R209-50.xml_log.log""",4,0,13.0.2,R2-50,0.0,271776.0,
linux64,2026-06-16 21:03:55,8,8,4,272090,171150,1235175,0x8ad6863c,750,170205,153360,1.0,200000.0,4.0,60.0,1.0,2000.0,1.0,200000.0,7.96,190310,170955,935145,453.3093,46351,78.79,0,1166,561601,7203.49,5421.48,,535.8,,,95.0,2648.0,,1202.0,203.0,30.0,24.0,15.0,,7.0,3958.0,8,0,TIME_LIMIT,MIP,{'Threads': 4},/home/cgonzalez/mE-VRSPTW/src/Resultados/Sin_Restricciones/logs/R2-50/R210-50.xml_log.log,1,,298.0,,1.0,,6.29,16.0,0.0,1.9940633e-12,89.0,,,,,"""src/Resultados/Sin Restricciones/logs/R210-50.xml_log.log""",4,0,13.0.2,R2-50,8481.0,280571.0,
linux64,2026-06-17 01:04:47,8,8,4,278421,176745,1287765,0xe2387c63,750,175800,158955,1.0,200000.0,4.0,60.0,1.0,2000.0,1.0,200000.0,11.5,195951,176550,980760,416.4858,46934,98.12,0,1163,1856032,7202.9,5084.88,,495.4,,8.0,9.0,,220.0,5.0,105.0,4.0,575.0,1.0,,8.0,13.0,8,0,TIME_LIMIT,MIP,{'Threads': 4},/home/cgonzalez/mE-VRSPTW/src/Resultados/Sin_Restricciones/logs/R2-50/R211-50.xml_log.log,1,,12.0,,,,9.43,17.0,0.0,4.0778397e-12,114.0,,,,,"""src/Resultados/Sin Restricciones/logs/R211-50.xml_log.log""",4,0,13.0.2,R2-50,960.0,279381.0,
linux64,2026-06-17 03:04:59,8,8,4,91030,53655,351870,0x026f7539,360,53055,44880,1.0,40000.0,2.0,60.0,1.0,2000.0,1.0,40000.0,1.34,62440,53415,262485,331.9,41541,17.74,0,10812,5249326,7200.03,9011.89,,351.4,,,8.0,11.0,,3.0,7.0,,,4.0,,,2.0,8,0,TIME_LIMIT,MIP,{'Threads': 4},/home/cgonzalez/mE-VRSPTW/src/Resultados/Sin_Restricciones/logs/RC1-25/RC101-25.xml_log.log,1,,11.0,,,,,,,,,,,,,"""src/Resultados/Sin Restricciones/logs/RC101-25.xml_log.log""",4,0,13.0.2,RC1-25,46.0,91076.0,
linux64,2026-06-17 07:05:43,8,8,4,99790,58965,389220,0xd02f01a0,375,58350,50190,1.0,40000.0,2.0,60.0,1.0,2000.0,1.0,40000.0,2.08,67900,58725,288795,152.0675,41818,40.36,0,1650,1868936,7200.35,4622.16,,311.1,,7.0,69.0,16.0,21.0,22.0,99.0,1.0,140.0,79.0,,37.0,9.0,8,0,TIME_LIMIT,MIP,{'Threads': 4},/home/cgonzalez/mE-VRSPTW/src/Resultados/Sin_Restricciones/logs/RC1-25/RC102-25.xml_log.log,1,,35.0,,,,,,,,,,,,3.0,"""src/Resultados/Sin Restricciones/logs/RC102-25.xml_log.log""",4,0,13.0.2,RC1-25,538.0,100328.0,
linux64,2026-06-17 11:06:25,8,8,4,100345,59520,394770,0x4fa044c0,375,58905,50745,1.0,40000.0,2.0,60.0,1.0,2000.0,1.0,40000.0,1.73,68545,59280,294495,124.9915,41161,38.83,0,20958,3714955,7203.68,6090.89,,258.6,,5.0,97.0,39.0,1.0,94.0,33.0,17.0,327.0,21.0,,4.0,12.0,8,0,TIME_LIMIT,MIP,{'Threads': 4},/home/cgonzalez/mE-VRSPTW/src/Resultados/Sin_Restricciones/logs/RC1-25/RC103-25.xml_log.log,1,2.0,27.0,,4.0,,,,,,,,,,,"""src/Resultados/Sin Restricciones/logs/RC103-25.xml_log.log""",4,0,13.0.2,RC1-25,683.0,101028.0,
linux64,2026-06-17 15:07:02,8,8,4,100615,59790,397470,0xbe83be45,375,59175,51015,1.0,40000.0,2.0,60.0,1.0,2000.0,1.0,40000.0,2.64,68845,59550,297240,117.6855,53002,33.5,0,21239,4432307,7250.74,5997.94,377.4,247.4,0.344462,13.0,21.0,53.0,20.0,20.0,110.0,21.0,1347.0,6.0,,17.0,33.0,8,3,TIME_LIMIT,MIP,{'Threads': 4},/home/cgonzalez/mE-VRSPTW/src/Resultados/Sin_Restricciones/logs/RC1-25/RC104-25.xml_log.log,1,,32.0,,,,,,,,,,,1.0,,"""src/Resultados/Sin Restricciones/logs/RC104-25.xml_log.log""",4,0,13.0.2,RC1-25,1694.0,102309.0,34.4462
linux64,2026-06-17 19:08:34,8,8,4,96898,57315,378390,0x35d8ffde,345,56730,48555,1.0,40000.0,2.0,60.0,1.0,2000.0,1.0,40000.0,2.39,66133,57075,281700,194.2,60093,38.64,0,20716,3568198,7200.2,8503.07,,205.8,,1.0,43.0,65.0,,,27.0,1.0,1.0,29.0,,,13.0,8,0,TIME_LIMIT,MIP,{'Threads': 4},/home/cgonzalez/mE-VRSPTW/src/Resultados/Sin_Restricciones/logs/RC1-25/RC105-25.xml_log.log,1,,102.0,,,,,,,,,,,,,"""src/Resultados/Sin Restricciones/logs/RC105-25.xml_log.log""",4,0,13.0.2,RC1-25,282.0,97180.0,
linux64,2026-06-17 23:09:12,8,8,4,96610,57165,377520,0xd8b6c1ac,375,56550,48390,1.0,40000.0,2.0,60.0,1.0,2000.0,1.0,40000.0,2.37,66055,56925,281550,148.6938,40564,40.73,0,4525,4013760,7200.12,7729.48,,300.2,,,119.0,22.0,11.0,2.0,45.0,3.0,196.0,108.0,,61.0,22.0,8,0,TIME_LIMIT,MIP,{'Threads': 4},/home/cgonzalez/mE-VRSPTW/src/Resultados/Sin_Restricciones/logs/RC1-25/RC106-25.xml_log.log,1,6.0,106.0,,1.0,,,,,,,,,,,"""src/Resultados/Sin Restricciones/logs/RC106-25.xml_log.log""",4,0,13.0.2,RC1-25,702.0,97312.0,
linux64,2026-06-18 03:13:43,8,8,4,97633,58050,385740,0x9c2f1329,375,57435,49275,1.0,40000.0,2.0,60.0,1.0,2000.0,1.0,40000.0,2.07,66958,57810,289275,110.3755,48822,35.42,0,1584,3020863,7200.16,4684.46,365.2,265.0,0.27437,3.0,165.0,86.0,11.0,26.0,380.0,45.0,687.0,61.0,,6.0,69.0,8,8,TIME_LIMIT,MIP,{'Threads': 4},/home/cgonzalez/mE-VRSPTW/src/Resultados/Sin_Restricciones/logs/RC1-25/RC107-25.xml_log.log,1,2.0,125.0,,1.0,,,,,,,,,,1.0,"""src/Resultados/Sin Restricciones/logs/RC107-25.xml_log.log""",4,0,13.0.2,RC1-25,1668.0,99301.0,27.437
linux64,2026-06-18 07:14:20,8,8,4,97918,58335,388590,0x1a71566f,375,57720,49560,1.0,40000.0,2.0,60.0,1.0,2000.0,1.0,40000.0,1.82,67273,58095,292200,108.9589,62430,29.31,0,16036,4207173,7200.04,5704.56,,258.2,,6.0,42.0,27.0,1.0,16.0,50.0,17.0,199.0,5.0,2.0,3.0,1.0,8,0,TIME_LIMIT,MIP,{'Threads': 4},/home/cgonzalez/mE-VRSPTW/src/Resultados/Sin_Restricciones/logs/RC1-25/RC108-25.xml_log.log,1,,37.0,,,,,,,,,,,,,"""src/Resultados/Sin Restricciones/logs/RC108-25.xml_log.log""",4,0,13.0.2,RC1-25,406.0,98324.0,
linux64,2026-06-17 05:05:31,8,8,4,129045,78705,540795,0x7cac833c,735,77625,66750,1.0,40000.0,1.0,80.0,1.0,2000.0,1.0,40000.0,2.52,90285,78360,418335,517.3,84155,91.27,0,2425,2177413,7200.44,6604.75,,746.6,,2.0,273.0,19.0,254.0,113.0,65.0,9.0,508.0,269.0,,260.0,53.0,8,0,TIME_LIMIT,MIP,{'Threads': 4},/home/cgonzalez/mE-VRSPTW/src/Resultados/Sin_Restricciones/logs/RC1-50/RC101-50.xml_log.log,1,,169.0,,,,,,,,,,,,,"""src/Resultados/Sin Restricciones/logs/RC101-50.xml_log.log""",4,0,13.0.2,RC1-50,1994.0,131039.0,
linux64,2026-06-17 09:06:15,8,8,4,145135,90195,634695,0xa235e04a,750,89010,78135,1.0,40000.0,1.0,80.0,1.0,2000.0,1.0,40000.0,5.55,102025,89760,496860,273.8259,57921,102.11,0,3118,2040263,7200.22,6253.6,,501.9,,,201.0,18.0,13.0,221.0,92.0,27.0,233.0,310.0,,136.0,32.0,8,0,TIME_LIMIT,MIP,{'Threads': 4},/home/cgonzalez/mE-VRSPTW/src/Resultados/Sin_Restricciones/logs/RC1-50/RC102-50.xml_log.log,1,,157.0,,,,,,,,,,,,,"""src/Resultados/Sin Restricciones/logs/RC102-50.xml_log.log""",4,0,13.0.2,RC1-50,1440.0,146575.0,
linux64,2026-06-17 13:06:50,8,8,4,148210,93270,665445,0x7ce1649f,750,92040,81165,1.0,40000.0,1.0,80.0,1.0,2000.0,1.0,40000.0,3.55,105235,92790,527475,229.5839,18526,15.5,0,1818,2247550,7200.23,6175.23,,402.6,,6.0,191.0,25.0,41.0,191.0,80.0,13.0,600.0,229.0,,182.0,196.0,8,0,TIME_LIMIT,MIP,{'Threads': 4},/home/cgonzalez/mE-VRSPTW/src/Resultados/Sin_Restricciones/logs/RC1-50/RC103-50.xml_log.log,1,,165.0,,,,1.37,18.0,0.0,1.6876928e-11,20.0,,,,,"""src/Resultados/Sin Restricciones/logs/RC103-50.xml_log.log""",4,0,13.0.2,RC1-50,1919.0,150129.0,
linux64,2026-06-17 17:08:20,8,8,4,150910,95970,692445,0xd2f7aa5e,750,94770,83895,1.0,40000.0,1.0,80.0,1.0,2000.0,1.0,40000.0,5.28,108145,95520,555105,207.2137,18677,25.69,0,1528,1357186,7200.14,6354.78,,473.9,,17.0,168.0,83.0,55.0,47.0,331.0,7.0,274.0,97.0,,65.0,79.0,8,0,TIME_LIMIT,MIP,{'Threads': 4},/home/cgonzalez/mE-VRSPTW/src/Resultados/Sin_Restricciones/logs/RC1-50/RC104-50.xml_log.log,1,,115.0,,,,3.45,19.0,0.0,1.9623381e-11,33.0,,,1.0,,"""src/Resultados/Sin Restricciones/logs/RC104-50.xml_log.log""",4,0,13.0.2,RC1-50,1339.0,152249.0,
linux64,2026-06-17 21:08:58,8,8,4,139459,86175,602055,0x99ab11bc,720,85110,74220,1.0,40000.0,1.0,80.0,1.0,2000.0,1.0,40000.0,3.8,97954,85830,470115,371.5,90305,76.53,0,1262,2264529,7202.18,5778.59,,532.7,,3.0,137.0,19.0,19.0,85.0,23.0,7.0,156.0,249.0,,65.0,25.0,8,0,TIME_LIMIT,MIP,{'Threads': 4},/home/cgonzalez/mE-VRSPTW/src/Resultados/Sin_Restricciones/logs/RC1-50/RC105-50.xml_log.log,1,,137.0,,,,,,,,,,,,,"""src/Resultados/Sin Restricciones/logs/RC105-50.xml_log.log""",4,0,13.0.2,RC1-50,925.0,140384.0,
linux64,2026-06-18 01:09:33,8,8,4,140040,86940,610545,0x1da5bb9a,750,85845,74970,1.0,40000.0,1.0,80.0,1.0,2000.0,1.0,40000.0,3.2,98775,86595,479490,246.4084,56493,89.27,0,1319,2678472,7439.31,6148.66,,485.4,,3.0,199.0,20.0,16.0,152.0,38.0,13.0,238.0,333.0,,181.0,37.0,8,0,TIME_LIMIT,MIP,{'Threads': 4},/home/cgonzalez/mE-VRSPTW/src/Resultados/Sin_Restricciones/logs/RC1-50/RC106-50.xml_log.log,1,1.0,251.0,,,,,,,,,,,,,"""src/Resultados/Sin Restricciones/logs/RC106-50.xml_log.log""",4,0,13.0.2,RC1-50,1482.0,141522.0,
linux64,2026-06-18 05:14:10,8,8,4,144874,91590,656205,0xf0fe3f4f,750,90495,79620,1.0,40000.0,1.0,80.0,1.0,2000.0,1.0,40000.0,5.44,103489,91245,524655,207.527,17679,18.28,0,1735,1758874,7200.19,6627.31,,480.2,,6.0,134.0,24.0,23.0,20.0,42.0,4.0,135.0,107.0,,54.0,30.0,8,0,TIME_LIMIT,MIP,{'Threads': 4},/home/cgonzalez/mE-VRSPTW/src/Resultados/Sin_Restricciones/logs/RC1-50/RC107-50.xml_log.log,1,,118.0,,,,1.81,20.0,0.0,1.8246073e-11,25.0,,,,6.0,"""src/Resultados/Sin Restricciones/logs/RC107-50.xml_log.log""",4,0,13.0.2,RC1-50,703.0,145577.0,
linux64,2026-06-18 09:14:41,8,8,4,147469,94185,682155,0xfb82d686,750,93090,82215,1.0,40000.0,1.0,80.0,1.0,2000.0,1.0,40000.0,4.53,106234,93840,550875,201.5965,17660,20.3,0,1829,1674523,7200.28,5882.75,,461.8,,5.0,69.0,45.0,64.0,6.0,237.0,6.0,795.0,7.0,,25.0,71.0,8,0,TIME_LIMIT,MIP,{'Threads': 4},/home/cgonzalez/mE-VRSPTW/src/Resultados/Sin_Restricciones/logs/RC1-50/RC108-50.xml_log.log,1,,136.0,,,,2.62,17.0,0.0,1.5031102e-12,26.0,,,,1.0,"""src/Resultados/Sin Restricciones/logs/RC108-50.xml_log.log""",4,0,13.0.2,RC1-50,1467.0,148936.0,
linux64,2026-06-18 11:14:54,8,8,4,110805,64920,425760,0x03560fd7,330,64470,56295,1.0,200000.0,2.0,60.0,1.0,2000.0,1.0,200000.0,2.59,74025,64800,305535,284.1,53286,24.5,0,5722,3905480,7200.09,5424.56,534.8,350.5,0.344615,6.0,112.0,23.0,38.0,11.0,40.0,6.0,223.0,59.0,,21.0,22.0,8,10,TIME_LIMIT,MIP,{'Threads': 4},/home/cgonzalez/mE-VRSPTW/src/Resultados/Sin_Restricciones/logs/RC2-25/RC201-25.xml_log.log,1,,93.0,,4.0,,,,,,,,,,,"""src/Resultados/Sin Restricciones/logs/RC201-25.xml_log.log""",4,0,13.0.2,RC2-25,658.0,111463.0,34.4615
linux64,2026-06-18 15:15:35,8,8,4,114690,67425,444510,0x39c1c6b7,375,66930,58800,1.0,200000.0,2.0,60.0,1.0,2000.0,1.0,200000.0,2.76,76635,67305,319290,127.1971,46464,57.11,0,7033,3036122,7200.02,7205.88,459.0,229.2,0.5006539999999999,3.0,77.0,70.0,526.0,24.0,48.0,5.0,199.0,132.0,,34.0,117.0,8,10,TIME_LIMIT,MIP,{'Threads': 4},/home/cgonzalez/mE-VRSPTW/src/Resultados/Sin_Restricciones/logs/RC2-25/RC202-25.xml_log.log,1,,70.0,,,,,,,,,,,1.0,,"""src/Resultados/Sin Restricciones/logs/RC202-25.xml_log.log""",4,0,13.0.2,RC2-25,1306.0,115996.0,50.0654
linux64,2026-06-18 19:16:26,8,8,4,115230,67965,449910,0xe2a6a88c,375,67470,59340,1.0,200000.0,2.0,60.0,1.0,2000.0,1.0,200000.0,2.51,77265,67845,324300,110.3145,44863,44.22,0,5308,1440829,7200.09,4531.5,437.1,171.1,0.608556,1.0,34.0,30.0,7.0,3.0,25.0,,75.0,49.0,,18.0,9.0,8,10,TIME_LIMIT,MIP,{'Threads': 4},/home/cgonzalez/mE-VRSPTW/src/Resultados/Sin_Restricciones/logs/RC2-25/RC203-25.xml_log.log,1,,43.0,,5.0,,,,,,,,,2.0,,"""src/Resultados/Sin Restricciones/logs/RC203-25.xml_log.log""",4,0,13.0.2,RC2-25,301.0,115531.0,60.855599999999995
linux64,2026-06-18 23:17:11,8,8,4,115485,68220,452460,0x109dab6f,375,67725,59595,1.0,200000.0,2.0,60.0,1.0,2000.0,1.0,200000.0,1.84,77550,68100,326640,103.1731,44775,55.77,0,20757,3140998,7245.26,7714.58,304.4,237.6,0.219448,29.0,59.0,24.0,221.0,10.0,42.0,11.0,55.0,6.0,1.0,23.0,8.0,8,7,TIME_LIMIT,MIP,{'Threads': 4},/home/cgonzalez/mE-VRSPTW/src/Resultados/Sin_Restricciones/logs/RC2-25/RC204-25.xml_log.log,1,,56.0,,,,,,,,,,,,,"""src/Resultados/Sin Restricciones/logs/RC204-25.xml_log.log""",4,0,13.0.2,RC2-25,545.0,116030.0,21.9448
linux64,2026-06-19 03:18:39,8,8,4,113085,66510,438510,0xc8fd6eb2,375,66015,57885,1.0,200000.0,2.0,60.0,1.0,2000.0,1.0,200000.0,2.15,75630,66390,315390,191.8,62936,25.22,0,20515,3732896,7200.06,8221.19,534.6,331.3,0.38028399999999996,3.0,59.0,104.0,380.0,114.0,21.0,19.0,336.0,33.0,,13.0,322.0,8,4,TIME_LIMIT,MIP,{'Threads': 4},/home/cgonzalez/mE-VRSPTW/src/Resultados/Sin_Restricciones/logs/RC2-25/RC205-25.xml_log.log,1,,61.0,,2.0,,,,,,,,,,,"""src/Resultados/Sin Restricciones/logs/RC205-25.xml_log.log""",4,0,13.0.2,RC2-25,1467.0,114552.0,38.0284
linux64,2026-06-19 07:19:18,8,8,4,111510,65625,432810,0x4f7f4694,375,65130,57000,1.0,200000.0,2.0,60.0,1.0,2000.0,1.0,200000.0,1.85,74730,65505,311865,134.008,46471,46.22,0,5777,2712608,7201.95,5422.48,441.0,322.2,0.269388,10.0,289.0,11.0,203.0,16.0,37.0,10.0,895.0,106.0,,15.0,218.0,8,7,TIME_LIMIT,MIP,{'Threads': 4},/home/cgonzalez/mE-VRSPTW/src/Resultados/Sin_Restricciones/logs/RC2-25/RC206-25.xml_log.log,1,,112.0,,,,,,,,,,,,,"""src/Resultados/Sin Restricciones/logs/RC206-25.xml_log.log""",4,0,13.0.2,RC2-25,1922.0,113432.0,26.9388
linux64,2026-06-19 11:20:03,8,8,4,114004,67245,445020,0xd81ff8ce,375,66750,58620,1.0,200000.0,2.0,60.0,1.0,2000.0,1.0,200000.0,1.77,76414,67125,320835,103.2486,65780,60.29,0,3349,1823332,7200.75,4997.48,370.6999976298,169.0,0.544106,11.0,109.0,43.0,8.0,2.0,80.0,14.0,120.0,76.0,1.0,11.0,12.0,8,10,TIME_LIMIT,MIP,{'Threads': 4},/home/cgonzalez/mE-VRSPTW/src/Resultados/Sin_Restricciones/logs/RC2-25/RC207-25.xml_log.log,1,,46.0,,2.0,,,,,,,,,,,"""src/Resultados/Sin Restricciones/logs/RC207-25.xml_log.log""",4,0,13.0.2,RC2-25,535.0,114539.0,54.410599999999995
linux64,2026-06-19 15:20:52,8,8,4,114696,67845,450600,0x6e8278be,375,67350,59220,1.0,200000.0,2.0,60.0,1.0,2000.0,1.0,200000.0,1.8,77046,67725,325695,96.50689,46019,40.06,0,20738,3549361,7200.07,7751.14,294.5,224.6,0.23735099999999998,2.0,1.0,1.0,3.0,1.0,3.0,,1.0,,,2.0,,8,3,TIME_LIMIT,MIP,{'Threads': 4},/home/cgonzalez/mE-VRSPTW/src/Resultados/Sin_Restricciones/logs/RC2-25/RC208-25.xml_log.log,1,,8.0,,,,,,,,,,,,,"""src/Resultados/Sin Restricciones/logs/RC208-25.xml_log.log""",4,0,13.0.2,RC2-25,22.0,114718.0,23.7351
linux64,2026-06-18 13:15:21,8,8,4,227925,136185,926685,0x458cc57c,750,135240,118995,1.0,200000.0,1.0,80.0,1.0,2000.0,1.0,200000.0,5.21,154320,135990,676680,376.4,77658,16.62,0,4163,1829780,7200.14,5763.84,,659.8,,9.0,247.0,33.0,748.0,46.0,59.0,16.0,1161.0,135.0,,97.0,232.0,8,0,TIME_LIMIT,MIP,{'Threads': 4},/home/cgonzalez/mE-VRSPTW/src/Resultados/Sin_Restricciones/logs/RC2-50/RC201-50.xml_log.log,1,,125.0,,,,1.42,16.0,0.0,8.7985175e-15,24.0,,,,,"""src/Resultados/Sin Restricciones/logs/RC201-50.xml_log.log""",4,0,13.0.2,RC2-50,2908.0,230833.0,
linux64,2026-06-18 17:16:11,8,8,4,238380,143880,991035,0x70cfd767,750,142935,126690,1.0,200000.0,1.0,80.0,1.0,2000.0,1.0,200000.0,7.9,162225,143685,728160,248.7514,42246,27.86,0,1163,2706386,7200.94,5398.73,,466.9,,12.0,222.0,37.0,566.0,1.0,80.0,8.0,661.0,161.0,,34.0,55.0,8,0,TIME_LIMIT,MIP,{'Threads': 4},/home/cgonzalez/mE-VRSPTW/src/Resultados/Sin_Restricciones/logs/RC2-50/RC202-50.xml_log.log,1,,96.0,,,,1.89,19.0,0.0,4.2167567e-11,39.0,,,,,"""src/Resultados/Sin Restricciones/logs/RC202-50.xml_log.log""",4,0,13.0.2,RC2-50,1933.0,240313.0,
linux64,2026-06-18 21:17:01,8,8,4,240765,146265,1014885,0x88b7c4b7,750,145320,129075,1.0,200000.0,1.0,80.0,1.0,2000.0,1.0,200000.0,7.77,164790,146070,749940,209.725,42366,28.98,0,1247,1586870,7200.04,5618.16,,391.7,,27.0,137.0,90.0,306.0,25.0,161.0,26.0,705.0,136.0,,81.0,82.0,8,0,TIME_LIMIT,MIP,{'Threads': 4},/home/cgonzalez/mE-VRSPTW/src/Resultados/Sin_Restricciones/logs/RC2-50/RC203-50.xml_log.log,1,,271.0,,1.0,,1.86,22.0,0.0,7.188778e-05,40.0,,,1.0,,"""src/Resultados/Sin Restricciones/logs/RC203-50.xml_log.log""",4,0,13.0.2,RC2-50,2049.0,242814.0,
linux64,2026-06-19 01:18:28,8,8,4,242625,148125,1033485,0xc2ed52c6,750,147180,130935,1.0,200000.0,1.0,80.0,1.0,2000.0,1.0,200000.0,5.55,166830,147930,767010,190.6835,43078,30.6,0,1630,2131799,7200.39,5230.9,,344.3,,7.0,112.0,146.0,99.0,104.0,160.0,6.0,1114.0,63.0,,55.0,116.0,8,0,TIME_LIMIT,MIP,{'Threads': 4},/home/cgonzalez/mE-VRSPTW/src/Resultados/Sin_Restricciones/logs/RC2-50/RC204-50.xml_log.log,1,,243.0,,4.0,,1.73,20.0,0.0,2.0867363e-11,39.0,,,,,"""src/Resultados/Sin Restricciones/logs/RC204-50.xml_log.log""",4,0,13.0.2,RC2-50,2229.0,244854.0,
linux64,2026-06-19 05:19:07,8,8,4,233895,140775,966285,0x3fedab7c,750,139830,123585,1.0,200000.0,1.0,80.0,1.0,2000.0,1.0,200000.0,4.99,158955,140580,708960,363.8,80470,23.3,0,1288,1659816,7200.34,5873.43,,509.8,,8.0,430.0,60.0,824.0,352.0,378.0,47.0,1084.0,340.0,,29.0,359.0,8,0,TIME_LIMIT,MIP,{'Threads': 4},/home/cgonzalez/mE-VRSPTW/src/Resultados/Sin_Restricciones/logs/RC2-50/RC205-50.xml_log.log,1,,151.0,,,,1.45,18.0,0.0,3.4361403e-14,30.0,,,1.0,2.0,"""src/Resultados/Sin Restricciones/logs/RC205-50.xml_log.log""",4,0,13.0.2,RC2-50,4065.0,237960.0,
linux64,2026-06-19 09:19:49,8,8,4,231107,139275,957165,0xf6d644b2,750,138330,122085,1.0,200000.0,1.0,80.0,1.0,2000.0,1.0,200000.0,6.02,157427,139080,703860,244.0025,40554,24.68,0,1224,2330869,7204.29,5524.26,,498.3,,11.0,61.0,14.0,71.0,12.0,27.0,2.0,198.0,96.0,,37.0,8.0,8,0,TIME_LIMIT,MIP,{'Threads': 4},/home/cgonzalez/mE-VRSPTW/src/Resultados/Sin_Restricciones/logs/RC2-50/RC206-50.xml_log.log,1,,147.0,,1.0,,1.64,21.0,0.0,3.1412429e-11,33.0,,,,,"""src/Resultados/Sin Restricciones/logs/RC206-50.xml_log.log""",4,0,13.0.2,RC2-50,685.0,231792.0,
linux64,2026-06-19 13:20:41,8,8,4,237983,144495,1001805,0xfcd67690,750,143550,127305,1.0,200000.0,1.0,80.0,1.0,2000.0,1.0,200000.0,7.06,162728,144300,740010,208.1268,41784,29.53,0,1577,1965760,7200.05,5736.65,,402.0,,5.0,244.0,82.0,70.0,73.0,111.0,7.0,502.0,259.0,,111.0,186.0,8,0,TIME_LIMIT,MIP,{'Threads': 4},/home/cgonzalez/mE-VRSPTW/src/Resultados/Sin_Restricciones/logs/RC2-50/RC207-50.xml_log.log,1,,230.0,,,,1.93,22.0,0.0,1.8283387e-11,40.0,,,,,"""src/Resultados/Sin Restricciones/logs/RC207-50.xml_log.log""",4,0,13.0.2,RC2-50,1880.0,239863.0,
linux64,2026-06-19 17:21:20,8,8,4,241197,147525,1031265,0xd5f6d7c0,750,146580,130335,1.0,200000.0,1.0,80.0,1.0,2000.0,1.0,200000.0,5.57,165807,147330,766200,185.1493,42127,31.56,0,1430,2845916,7200.06,5434.26,,329.1,,6.0,197.0,96.0,73.0,26.0,326.0,23.0,527.0,49.0,,60.0,81.0,8,0,TIME_LIMIT,MIP,{'Threads': 4},/home/cgonzalez/mE-VRSPTW/src/Resultados/Sin_Restricciones/logs/RC2-50/RC208-50.xml_log.log,1,,219.0,,2.0,,1.84,21.0,0.0,3.2877697e-11,39.0,,,1.0,,"""src/Resultados/Sin Restricciones/logs/RC208-50.xml_log.log""",4,0,13.0.2,RC2-50,1686.0,242883.0,
