Platform,Time,PhysicalCores,LogicalProcessors,Threads,NumConstrs,NumVars,NumNZs,Fingerprint,PresolvedNumConVars,PresolvedNumIntVars,PresolvedNumBinVars,MinCoeff,MaxCoeff,MinObjCoeff,MaxObjCoeff,MinBound,MaxBound,MinRHS,MaxRHS,PresolveTime,PresolvedNumConstrs,PresolvedNumVars,PresolvedNumNZs,RelaxObj,RelaxIterCount,RelaxTime,PreTreeSolutions,NodeCount,IterCount,Runtime,Work,ObjVal,ObjBound,MIPGap,Cuts: Gomory,Cuts: Cover,Cuts: Implied bound,Cuts: Projected implied bound,Cuts: Clique,Cuts: MIR,Cuts: StrongCG,Cuts: Flow cover,Cuts: GUB cover,Cuts: Inf proof,Cuts: RLT,Cuts: Relax-and-lift,Cuts: BQP,Cores,SolCount,Status,ModelType,ChangedParams,LogFilePath,LogNumber,Cuts: Learned,Cuts: Zero half,Cuts: Mod-K,Cuts: Network,Cuts: Lift-and-project,OrderingTime,BarIterCount,PushPhasePInf,PushPhaseDInf,PushPhaseEndTime,Cuts: PSD,Cuts: Mixing,Cuts: Knapsack,LogFile (Parameter),Threads (Parameter),Seed,Version,Group,TotalCuts,TotalInequalities,MIPGapPct
linux64,2026-06-19 20:48:30,8,8,4,125287,74985,507015,0xf93a4e8f,0,74865,64320,1.0,40000.0,1.0,60.0,1.0,2000.0,1.0,40000.0,3.92,85837,74865,380010,191.3,50246,56.12,0,24231,5216862,7200.11,8576.36,221.4,191.3,0.135953,1.0,1994.0,4.0,7.0,555.0,18.0,3.0,130.0,14.0,5.0,5.0,41.0,98.0,8,5,TIME_LIMIT,MIP,{'Threads': 4},/home/cgonzalez/mE-VRSPTW/src/Resultados/Restriccion_cota_global/logs/C1-25/C101-25.xml_log.log,1,,,,,,,,,,,,,,"""src/Resultados/Restriccion cota global/logs/C101-25.xml_log.log""",4,0,13.0.2,C1-25,2875.0,128162.0,13.595299999999998
linux64,2026-06-20 00:49:14,8,8,4,146487,88365,605115,0xb7379fc2,345,87900,77670,1.0,40000.0,1.0,60.0,1.0,2000.0,1.0,40000.0,2.88,99927,88245,454320,172.1,70663,58.94,0,17016,6318149,7200.1,8163.99,190.3,181.6,0.045717,17.0,596.0,32.0,214.0,10.0,63.0,4.0,1009.0,53.0,,39.0,108.0,,8,6,TIME_LIMIT,MIP,{'Threads': 4},/home/cgonzalez/mE-VRSPTW/src/Resultados/Restriccion_cota_global/logs/C1-25/C102-25.xml_log.log,1,1.0,8.0,,,,,,,,,,,,"""src/Resultados/Restriccion cota global/logs/C102-25.xml_log.log""",4,0,13.0.2,C1-25,2154.0,148641.0,4.5717
linux64,2026-06-20 04:50:01,8,8,4,149084,90870,629745,0xc59661c3,360,90390,80175,1.0,40000.0,1.0,60.0,1.0,2000.0,1.0,40000.0,3.13,102464,90750,481110,162.6,41549,22.32,0,4399,3142294,7200.09,7184.15,,175.2,,8.0,100.0,38.0,142.0,27.0,41.0,4.0,707.0,119.0,,41.0,279.0,,8,0,TIME_LIMIT,MIP,{'Threads': 4},/home/cgonzalez/mE-VRSPTW/src/Resultados/Restriccion_cota_global/logs/C1-25/C103-25.xml_log.log,1,,26.0,,,,,,,,,,,,"""src/Resultados/Restriccion cota global/logs/C103-25.xml_log.log""",4,0,13.0.2,C1-25,1532.0,150616.0,
linux64,2026-06-20 08:50:58,8,8,4,149984,91770,638745,0x7da80551,360,91290,81075,1.0,40000.0,1.0,60.0,1.0,2000.0,1.0,40000.0,3.15,103394,91650,490170,159.0,60040,38.09,0,6923,3891628,7200.01,7086.42,,169.2,,13.0,97.0,36.0,55.0,18.0,85.0,5.0,203.0,108.0,,35.0,77.0,,8,0,TIME_LIMIT,MIP,{'Threads': 4},/home/cgonzalez/mE-VRSPTW/src/Resultados/Restriccion_cota_global/logs/C1-25/C104-25.xml_log.log,1,4.0,22.0,1.0,,,,,,,,,,,"""src/Resultados/Restriccion cota global/logs/C104-25.xml_log.log""",4,0,13.0.2,C1-25,759.0,150743.0,
linux64,2026-06-20 12:51:41,8,8,4,128583,77085,522555,0x0a3d58f0,345,76620,66420,1.0,40000.0,1.0,60.0,1.0,2000.0,1.0,40000.0,2.74,87963,76965,394005,191.2,52634,42.28,0,28263,6675707,4776.16,5559.65,204.2,204.2,0.0,9.0,19.0,22.0,3.0,211.0,23.0,5.0,45.0,26.0,,31.0,11.0,3.0,8,4,OPTIMAL,MIP,{'Threads': 4},/home/cgonzalez/mE-VRSPTW/src/Resultados/Restriccion_cota_global/logs/C1-25/C105-25.xml_log.log,1,1.0,3.0,,1.0,,,,,,,,,,"""src/Resultados/Restriccion cota global/logs/C105-25.xml_log.log""",4,0,13.0.2,C1-25,413.0,128996.0,0.0
linux64,2026-06-20 16:12:12,8,8,4,127043,76005,513855,0xe3b920af,30,75855,65340,1.0,40000.0,1.0,60.0,1.0,2000.0,1.0,40000.0,3.46,86873,75885,384450,191.3,49710,28.38,0,16652,5161180,7200.09,9654.95,221.4,191.3,0.135953,2.0,1662.0,12.0,2.0,161.0,136.0,134.0,173.0,12.0,,5.0,148.0,,8,4,TIME_LIMIT,MIP,{'Threads': 4},/home/cgonzalez/mE-VRSPTW/src/Resultados/Restriccion_cota_global/logs/C1-25/C106-25.xml_log.log,1,,2.0,,,,,,,,,,,,"""src/Resultados/Restriccion cota global/logs/C106-25.xml_log.log""",4,0,13.0.2,C1-25,2449.0,129492.0,13.595299999999998
linux64,2026-06-20 20:12:54,8,8,4,133152,79860,542115,0x3a0f49e7,375,79365,69165,1.0,40000.0,1.0,60.0,1.0,2000.0,1.0,40000.0,2.38,91227,79740,409320,191.2,53529,39.64,0,1,190061,221.99,169.22,191.3,191.3,0.0,2.0,243.0,513.0,,134.0,226.0,8.0,12.0,4.0,,57.0,246.0,1.0,8,6,OPTIMAL,MIP,{'Threads': 4},/home/cgonzalez/mE-VRSPTW/src/Resultados/Restriccion_cota_global/logs/C1-25/C107-25.xml_log.log,1,,2.0,,,1.0,,,,,,,,,"""src/Resultados/Restriccion cota global/logs/C107-25.xml_log.log""",4,0,13.0.2,C1-25,1449.0,134601.0,0.0
linux64,2026-06-20 21:09:14,8,8,4,135745,81855,559335,0x7af6d0fe,375,81360,71160,1.0,40000.0,1.0,60.0,1.0,2000.0,1.0,40000.0,2.64,93235,81735,424590,129.9,72337,47.93,0,20851,5601559,7200.38,9996.82,191.3,137.8,0.279665,,21.0,80.0,,10.0,35.0,,,7.0,,108.0,5.0,,8,8,TIME_LIMIT,MIP,{'Threads': 4},/home/cgonzalez/mE-VRSPTW/src/Resultados/Restriccion_cota_global/logs/C1-25/C108-25.xml_log.log,1,,,,,,,,,,,,,,"""src/Resultados/Restriccion cota global/logs/C108-25.xml_log.log""",4,0,13.0.2,C1-25,266.0,136011.0,27.9665
linux64,2026-06-21 01:10:04,8,8,4,145167,87735,601965,0xef003057,375,87240,77040,1.0,40000.0,1.0,60.0,1.0,2000.0,1.0,40000.0,4.08,99192,87615,455655,129.9,53652,30.56,0,20944,5648453,7200.03,10433.4,191.3,131.2,0.314166,,3.0,40.0,,,22.0,,,3.0,,59.0,5.0,,8,8,TIME_LIMIT,MIP,{'Threads': 4},/home/cgonzalez/mE-VRSPTW/src/Resultados/Restriccion_cota_global/logs/C1-25/C109-25.xml_log.log,1,,1.0,,,,,,,,,,,,"""src/Resultados/Restriccion cota global/logs/C109-25.xml_log.log""",4,0,13.0.2,C1-25,133.0,145300.0,31.4166
linux64,2026-06-19 22:48:56,8,8,4,292073,177240,1233345,0xefe5f6db,0,177045,155910,1.0,40000.0,1.0,60.0,1.0,2000.0,1.0,40000.0,7.29,200078,177045,934590,361.2,99921,43.85,0,5572,2891976,7200.23,6652.77,423.8,361.3,0.147475,1.0,,2.0,,71.0,1.0,,,,,5.0,1.0,,8,6,TIME_LIMIT,MIP,{'Threads': 4},/home/cgonzalez/mE-VRSPTW/src/Resultados/Restriccion_cota_global/logs/C1-50/C101-50.xml_log.log,1,,,,,,4.09,14.0,0.0,5.2249871e-15,54.0,,,,"""src/Resultados/Restriccion cota global/logs/C101-50.xml_log.log""",4,0,13.0.2,C1-50,81.0,292154.0,14.747499999999999
linux64,2026-06-20 02:49:44,8,8,4,306518,190305,1357695,0xd14f3410,690,189420,168975,1.0,40000.0,1.0,60.0,1.0,2000.0,1.0,40000.0,8.71,213338,190110,1054710,302.5,101092,104.53,0,1076,1071239,7200.35,6648.23,,333.1,,3.0,1817.0,2336.0,,621.0,985.0,22.0,33.0,4.0,,172.0,3005.0,110.0,8,0,TIME_LIMIT,MIP,{'Threads': 4},/home/cgonzalez/mE-VRSPTW/src/Resultados/Restriccion_cota_global/logs/C1-50/C102-50.xml_log.log,1,,3.0,,,,6.93,17.0,0.0,4.4738518e-15,117.0,1.0,,,"""src/Resultados/Restriccion cota global/logs/C102-50.xml_log.log""",4,0,13.0.2,C1-50,9112.0,315630.0,
linux64,2026-06-20 06:50:44,8,8,4,316122,199725,1451055,0x98e4cdb7,735,198795,178395,1.0,40000.0,1.0,60.0,1.0,2000.0,1.0,40000.0,12.65,222852,199530,1151025,281.8,100159,148.38,0,5144,1597662,7200.1,5996.83,,297.1,,20.0,492.0,90.0,495.0,369.0,81.0,15.0,1173.0,113.0,,176.0,381.0,,8,0,TIME_LIMIT,MIP,{'Threads': 4},/home/cgonzalez/mE-VRSPTW/src/Resultados/Restriccion_cota_global/logs/C1-50/C103-50.xml_log.log,1,,8.0,,,,10.28,13.0,0.0,4.3021142e-15,166.0,,,,"""src/Resultados/Restriccion cota global/logs/C103-50.xml_log.log""",4,0,13.0.2,C1-50,3413.0,319535.0,
linux64,2026-06-20 10:51:29,8,8,4,322137,205740,1511205,0x37572861,735,204810,184410,1.0,40000.0,1.0,60.0,1.0,2000.0,1.0,40000.0,10.93,229047,205545,1211520,278.7,102144,174.56,0,5129,1048677,7200.17,5965.81,,284.3,,7.0,89.0,88.0,109.0,151.0,373.0,6.0,888.0,46.0,,114.0,223.0,,8,0,TIME_LIMIT,MIP,{'Threads': 4},/home/cgonzalez/mE-VRSPTW/src/Resultados/Restriccion_cota_global/logs/C1-50/C104-50.xml_log.log,1,,10.0,,,,13.52,15.0,0.0,5.495604e-14,189.0,,,,"""src/Resultados/Restriccion cota global/logs/C104-50.xml_log.log""",4,0,13.0.2,C1-50,2104.0,324241.0,
linux64,2026-06-20 14:11:44,8,8,4,294428,179595,1256895,0x650f4e7a,750,178650,158265,1.0,40000.0,1.0,60.0,1.0,2000.0,1.0,40000.0,7.46,202433,179400,961440,359.7,100319,53.73,0,5285,2078319,7200.86,5598.59,417.6,362.4,0.132184,,1690.0,58.0,676.0,1773.0,415.0,109.0,506.0,508.0,,56.0,824.0,,8,6,TIME_LIMIT,MIP,{'Threads': 4},/home/cgonzalez/mE-VRSPTW/src/Resultados/Restriccion_cota_global/logs/C1-50/C105-50.xml_log.log,1,,7.0,2.0,,,5.56,12.0,0.0,9.3258734e-15,63.0,,,,"""src/Resultados/Restriccion cota global/logs/C105-50.xml_log.log""",4,0,13.0.2,C1-50,6624.0,301052.0,13.218399999999999
linux64,2026-06-20 18:12:39,8,8,4,293183,178350,1244445,0x136599d8,690,177465,157020,1.0,40000.0,1.0,60.0,1.0,2000.0,1.0,40000.0,7.63,201188,178155,945390,359.8,98951,50.94,0,5346,2085180,7200.12,6297.36,432.3,361.3,0.164238,,,,,,,,,,,,,,8,10,TIME_LIMIT,MIP,{'Threads': 4},/home/cgonzalez/mE-VRSPTW/src/Resultados/Restriccion_cota_global/logs/C1-50/C106-50.xml_log.log,1,,,,,,5.45,12.0,0.0,5.7315264e-15,61.0,,,,"""src/Resultados/Restriccion cota global/logs/C106-50.xml_log.log""",4,0,13.0.2,C1-50,0.0,293183.0,16.4238
linux64,2026-06-20 20:17:04,8,8,4,296453,181620,1277145,0x7d432982,750,180675,160290,1.0,40000.0,1.0,60.0,1.0,2000.0,1.0,40000.0,8.89,204458,181425,981720,359.7,99160,62.13,0,1047,845330,3117.54,2347.58,362.4,362.4,0.0,,,,,,,,,,,,,,8,4,OPTIMAL,MIP,{'Threads': 4},/home/cgonzalez/mE-VRSPTW/src/Resultados/Restriccion_cota_global/logs/C1-50/C107-50.xml_log.log,1,,,,,,6.29,12.0,0.0,6.7307271e-15,73.0,,,,"""src/Resultados/Restriccion cota global/logs/C107-50.xml_log.log""",4,0,13.0.2,C1-50,0.0,296453.0,0.0
linux64,2026-06-20 23:09:44,8,8,4,300473,185640,1317345,0x1792a502,750,184695,164310,1.0,40000.0,1.0,60.0,1.0,2000.0,1.0,40000.0,9.38,208478,185445,1021935,258.5,100033,85.97,0,5341,1806802,7200.04,6846.97,,261.2,,3.0,17.0,157.0,,5.0,75.0,,,5.0,,230.0,16.0,,8,0,TIME_LIMIT,MIP,{'Threads': 4},/home/cgonzalez/mE-VRSPTW/src/Resultados/Restriccion_cota_global/logs/C1-50/C108-50.xml_log.log,1,,,,,,8.76,14.0,0.0,5.9396932e-15,98.0,,,,"""src/Resultados/Restriccion cota global/logs/C108-50.xml_log.log""",4,0,13.0.2,C1-50,508.0,300981.0,
linux64,2026-06-21 03:10:34,8,8,4,305663,190830,1369245,0xac271156,750,189885,169500,1.0,40000.0,1.0,60.0,1.0,2000.0,1.0,40000.0,8.93,213668,190635,1073805,254.7,100873,89.86,0,5232,2040825,7206.15,5808.65,,272.1,,17.0,382.0,150.0,115.0,64.0,144.0,6.0,986.0,264.0,,97.0,139.0,,8,0,TIME_LIMIT,MIP,{'Threads': 4},/home/cgonzalez/mE-VRSPTW/src/Resultados/Restriccion_cota_global/logs/C1-50/C109-50.xml_log.log,1,,108.0,,,,9.27,12.0,0.0,3.8538617e-14,101.0,,,,"""src/Resultados/Restriccion cota global/logs/C109-50.xml_log.log""",4,0,13.0.2,C1-50,2472.0,308135.0,
linux64,2026-06-21 05:11:14,8,8,4,355764,205320,1353285,0x451b2364,300,204900,178500,1.0,100000.0,2.0,60.0,1.0,4000.0,1.0,100000.0,8.15,234519,205200,959625,232.3,132652,36.13,0,1764,2087511,7200.08,7026.96,298.7,232.9,0.220288,7.0,,7.0,12.0,,7.0,,141.0,,,6.0,120.0,,8,4,TIME_LIMIT,MIP,{'Threads': 4},/home/cgonzalez/mE-VRSPTW/src/Resultados/Restriccion_cota_global/logs/C2-25/C201-25.xml_log.log,1,,,,,,0.72,19.0,0.0,1.56819e-15,47.0,,,,"""src/Resultados/Restriccion cota global/logs/C201-25.xml_log.log""",4,0,13.0.2,C2-25,300.0,356064.0,22.0288
linux64,2026-06-21 09:12:23,8,8,4,374089,216975,1439385,0xd5cc4cb1,375,216480,190125,1.0,100000.0,2.0,60.0,1.0,4000.0,1.0,100000.0,9.0,246844,216855,1022760,211.4,138835,52.69,0,1650,2729078,7200.25,6782.96,304.2,212.1,0.302761,2.0,7.0,15.0,,7.0,20.0,,,,,31.0,6.0,,8,9,TIME_LIMIT,MIP,{'Threads': 4},/home/cgonzalez/mE-VRSPTW/src/Resultados/Restriccion_cota_global/logs/C2-25/C202-25.xml_log.log,1,,,,,1.0,2.26,17.0,0.0,3.0808689e-15,66.0,,,,"""src/Resultados/Restriccion cota global/logs/C202-25.xml_log.log""",4,0,13.0.2,C2-25,89.0,374178.0,30.2761
linux64,2026-06-21 13:13:41,8,8,4,376553,219255,1461345,0x0efda6a0,375,218760,192405,1.0,100000.0,2.0,60.0,1.0,4000.0,1.0,100000.0,8.8,249158,219135,1042095,206.1,139178,55.31,0,1157,1449903,7200.03,6253.86,,208.5,,2.0,25.0,1111.0,,14.0,277.0,2.0,37.0,10.0,,183.0,506.0,,8,0,TIME_LIMIT,MIP,{'Threads': 4},/home/cgonzalez/mE-VRSPTW/src/Resultados/Restriccion_cota_global/logs/C2-25/C203-25.xml_log.log,1,,2.0,,,,2.42,15.0,0.0,2.4424907e-15,68.0,,,,"""src/Resultados/Restriccion cota global/logs/C203-25.xml_log.log""",4,0,13.0.2,C2-25,2169.0,378722.0,
linux64,2026-06-21 17:14:53,8,8,4,377423,220125,1470045,0xf8d09f91,375,219630,193275,1.0,100000.0,2.0,60.0,1.0,4000.0,1.0,100000.0,8.42,250073,220005,1050030,201.8,138464,52.41,0,1460,2023203,7200.22,6504.08,,202.8,,4.0,11.0,36.0,,17.0,63.0,,,4.0,,115.0,22.0,,8,0,TIME_LIMIT,MIP,{'Threads': 4},/home/cgonzalez/mE-VRSPTW/src/Resultados/Restriccion_cota_global/logs/C2-25/C204-25.xml_log.log,1,,,,,,2.24,14.0,0.0,4.0245585e-15,64.0,,,,"""src/Resultados/Restriccion cota global/logs/C204-25.xml_log.log""",4,0,13.0.2,C2-25,272.0,377695.0,
linux64,2026-06-21 21:16:08,8,8,4,365114,210990,1393185,0x16833468,375,210495,184140,1.0,100000.0,2.0,60.0,1.0,4000.0,1.0,100000.0,8.17,240719,210870,988245,211.0,132748,62.23,0,560,1528792,7200.17,6619.47,,215.1,,1.0,193.0,554.0,,44.0,1001.0,3.0,7.0,21.0,,200.0,320.0,,8,0,TIME_LIMIT,MIP,{'Threads': 4},/home/cgonzalez/mE-VRSPTW/src/Resultados/Restriccion_cota_global/logs/C2-25/C205-25.xml_log.log,1,2.0,11.0,,,,0.74,14.0,0.0,7.0221606e-15,74.0,,,,"""src/Resultados/Restriccion cota global/logs/C205-25.xml_log.log""",4,0,13.0.2,C2-25,2357.0,367471.0,
linux64,2026-06-22 01:17:18,8,8,4,372529,215415,1423785,0x458453a4,375,214920,188565,1.0,100000.0,2.0,60.0,1.0,4000.0,1.0,100000.0,8.55,245224,215295,1008600,207.6,139466,47.57,0,2297,1792072,7200.59,5048.64,,211.8,,25.0,60.0,28.0,98.0,23.0,24.0,3.0,205.0,49.0,,38.0,39.0,,8,0,TIME_LIMIT,MIP,{'Threads': 4},/home/cgonzalez/mE-VRSPTW/src/Resultados/Restriccion_cota_global/logs/C2-25/C206-25.xml_log.log,1,,2.0,,,,0.78,17.0,0.0,1.1379786e-15,59.0,,,,"""src/Resultados/Restriccion cota global/logs/C206-25.xml_log.log""",4,0,13.0.2,C2-25,594.0,373123.0,
linux64,2026-06-22 05:18:35,8,8,4,373699,216585,1435485,0xf2a6ac4a,375,216090,189735,1.0,100000.0,2.0,60.0,1.0,4000.0,1.0,100000.0,8.8,246439,216465,1019190,200.5,136018,62.97,0,1049,1839868,7205.67,5678.75,328.3,212.6,0.35242199999999996,,2.0,4.0,65.0,,14.0,7.0,106.0,1.0,,6.0,16.0,,8,10,TIME_LIMIT,MIP,{'Threads': 4},/home/cgonzalez/mE-VRSPTW/src/Resultados/Restriccion_cota_global/logs/C2-25/C207-25.xml_log.log,1,,7.0,,,,2.15,15.0,0.0,2.220446e-15,75.0,,1.0,,"""src/Resultados/Restriccion cota global/logs/C207-25.xml_log.log""",4,0,13.0.2,C2-25,229.0,373928.0,35.2422
linux64,2026-06-22 09:19:58,8,8,4,373024,215910,1428735,0x6aa01d25,375,215415,189060,1.0,100000.0,2.0,60.0,1.0,4000.0,1.0,100000.0,9.75,245734,215790,1013100,201.9,140110,46.36,0,1095,2273019,7200.12,4964.44,,207.0,,37.0,62.0,107.0,8.0,18.0,42.0,2.0,129.0,28.0,,49.0,126.0,1.0,8,0,TIME_LIMIT,MIP,{'Threads': 4},/home/cgonzalez/mE-VRSPTW/src/Resultados/Restriccion_cota_global/logs/C2-25/C208-25.xml_log.log,1,1.0,15.0,,,,0.81,15.0,0.0,2.220446e-15,59.0,,,,"""src/Resultados/Restriccion cota global/logs/C208-25.xml_log.log""",4,0,13.0.2,C2-25,625.0,373649.0,
linux64,2026-06-21 07:11:49,8,8,4,375064,223845,1533375,0xee72900f,735,222990,196635,1.0,100000.0,2.0,60.0,1.0,4000.0,1.0,100000.0,11.32,253009,223725,1141500,377.8,129510,83.95,0,914,2128679,7200.21,6826.98,524.3,377.8,0.27942,,20.0,106.0,,349.0,43.0,2.0,,,,51.0,16.0,7.0,8,2,TIME_LIMIT,MIP,{'Threads': 4},/home/cgonzalez/mE-VRSPTW/src/Resultados/Restriccion_cota_global/logs/C2-50/C201-50.xml_log.log,1,,1.0,,,,3.83,19.0,0.0,2.2563201e-12,99.0,,,,"""src/Resultados/Restriccion cota global/logs/C201-50.xml_log.log""",4,0,13.0.2,C2-50,595.0,375659.0,27.942
linux64,2026-06-21 11:13:07,8,8,4,400756,242775,1691805,0xadc8c7b9,750,241905,215550,1.0,100000.0,2.0,60.0,1.0,4000.0,1.0,100000.0,11.96,272776,242655,1280040,354.8,132027,120.06,0,2253,1431019,7200.23,6247.59,,354.8,,3.0,1156.0,1442.0,,636.0,1494.0,104.0,3.0,1.0,,124.0,762.0,,8,0,TIME_LIMIT,MIP,{'Threads': 4},/home/cgonzalez/mE-VRSPTW/src/Resultados/Restriccion_cota_global/logs/C2-50/C202-50.xml_log.log,1,13.0,1.0,,,,10.97,13.0,0.0,1.2446988e-13,136.0,,,,"""src/Resultados/Restriccion cota global/logs/C202-50.xml_log.log""",4,0,13.0.2,C2-50,5739.0,406495.0,
linux64,2026-06-21 15:14:19,8,8,4,408048,249975,1763385,0x90af055a,750,249105,222750,1.0,100000.0,2.0,60.0,1.0,4000.0,1.0,100000.0,10.7,280083,249855,1351410,333.5,140297,192.67,0,1067,1284219,7200.23,6937.33,,333.5,,5.0,150.0,129.0,,472.0,107.0,1.0,2.0,1.0,,266.0,75.0,,8,0,TIME_LIMIT,MIP,{'Threads': 4},/home/cgonzalez/mE-VRSPTW/src/Resultados/Restriccion_cota_global/logs/C2-50/C203-50.xml_log.log,1,,,,,,13.62,15.0,0.0,5.2534366e-14,207.0,,,,"""src/Resultados/Restriccion cota global/logs/C203-50.xml_log.log""",4,0,13.0.2,C2-50,1208.0,409256.0,
linux64,2026-06-21 19:15:33,8,8,4,412998,254925,1812885,0x48c76481,750,254055,227700,1.0,100000.0,2.0,60.0,1.0,4000.0,1.0,100000.0,12.49,285243,254805,1401315,324.7,140833,174.56,0,2961,1458254,7200.27,5164.53,,324.7,,10.0,53.0,422.0,,408.0,160.0,1.0,3.0,4.0,,366.0,212.0,1.0,8,0,TIME_LIMIT,MIP,{'Threads': 4},/home/cgonzalez/mE-VRSPTW/src/Resultados/Restriccion_cota_global/logs/C2-50/C204-50.xml_log.log,1,,7.0,,,2.0,16.22,13.0,0.0,2.095546e-15,191.0,,,,"""src/Resultados/Restriccion cota global/logs/C204-50.xml_log.log""",4,0,13.0.2,C2-50,1649.0,414647.0,
linux64,2026-06-21 23:16:44,8,8,4,386109,231210,1590225,0x5de85aea,750,230340,203985,1.0,100000.0,2.0,60.0,1.0,4000.0,1.0,100000.0,9.3,260994,231090,1188105,348.4,133726,112.5,0,1196,1243801,7200.19,5903.45,,348.4,,6.0,811.0,1008.0,,1352.0,218.0,2.0,2.0,,,214.0,249.0,147.0,8,0,TIME_LIMIT,MIP,{'Threads': 4},/home/cgonzalez/mE-VRSPTW/src/Resultados/Restriccion_cota_global/logs/C2-50/C205-50.xml_log.log,1,,2.0,,,2.0,5.35,14.0,0.0,1.0186296e-14,125.0,19.0,,,"""src/Resultados/Restriccion cota global/logs/C205-50.xml_log.log""",4,0,13.0.2,C2-50,4032.0,390141.0,
linux64,2026-06-22 03:18:01,8,8,4,394889,237000,1634475,0xa07e7804,750,236130,209775,1.0,100000.0,2.0,60.0,1.0,4000.0,1.0,100000.0,11.56,266864,236880,1222635,345.8,140946,151.01,0,5019,1584934,7200.35,6355.37,,345.8,,2.0,160.0,235.0,,497.0,136.0,1.0,1.0,2.0,,259.0,49.0,25.0,8,0,TIME_LIMIT,MIP,{'Threads': 4},/home/cgonzalez/mE-VRSPTW/src/Resultados/Restriccion_cota_global/logs/C2-50/C206-50.xml_log.log,1,2.0,6.0,,,2.0,6.03,15.0,0.0,3.8441472e-15,166.0,13.0,,,"""src/Resultados/Restriccion cota global/logs/C206-50.xml_log.log""",4,0,13.0.2,C2-50,1390.0,396279.0,
linux64,2026-06-22 07:19:24,8,8,4,398654,240765,1672125,0xaf3f9624,750,239895,213540,1.0,100000.0,2.0,60.0,1.0,4000.0,1.0,100000.0,11.62,270674,240645,1260360,344.2,140351,151.69,0,725,1567022,7200.27,5814.36,,352.8,,4.0,37.0,6459.0,,376.0,214.0,4.0,4.0,13.0,,325.0,4700.0,,8,0,TIME_LIMIT,MIP,{'Threads': 4},/home/cgonzalez/mE-VRSPTW/src/Resultados/Restriccion_cota_global/logs/C2-50/C207-50.xml_log.log,1,,2.0,,,,7.81,17.0,0.0,3.8302694e-15,167.0,,,,"""src/Resultados/Restriccion cota global/logs/C207-50.xml_log.log""",4,0,13.0.2,C2-50,12138.0,410792.0,
linux64,2026-06-22 11:20:43,8,8,4,396404,238515,1649625,0xfbc0a4d3,750,237645,211290,1.0,100000.0,2.0,60.0,1.0,4000.0,1.0,100000.0,10.7,268394,238395,1237830,344.1,135915,88.42,0,1,1822067,7200.01,3700.62,,354.0,,,113.0,1222.0,,241.0,345.0,14.0,15.0,11.0,,250.0,1213.0,1.0,8,0,TIME_LIMIT,MIP,{'Threads': 4},/home/cgonzalez/mE-VRSPTW/src/Resultados/Restriccion_cota_global/logs/C2-50/C208-50.xml_log.log,1,,1.0,,,,8.02,14.0,0.0,3.7470027e-15,103.0,,,,"""src/Resultados/Restriccion cota global/logs/C208-50.xml_log.log""",4,0,13.0.2,C2-50,3426.0,399830.0,
linux64,2026-06-22 13:20:55,8,8,4,96323,57015,377460,0x9ba690aa,0,56775,48525,1.0,40000.0,7.0,60.0,1.0,2000.0,1.0,40000.0,2.33,65108,56775,275865,617.1,57904,59.49,0,7324,5131366,7200.06,8463.56,669.0,617.1,0.077578,2.0,634.0,1.0,,173.0,213.0,173.0,221.0,467.0,,12.0,544.0,,8,2,TIME_LIMIT,MIP,{'Threads': 4},/home/cgonzalez/mE-VRSPTW/src/Resultados/Restriccion_cota_global/logs/R1-25/R101-25.xml_log.log,1,,10.0,,,,,,,,,,,,"""src/Resultados/Restriccion cota global/logs/R101-25.xml_log.log""",4,0,13.0.2,R1-25,2450.0,98773.0,7.7578
linux64,2026-06-22 17:21:35,8,8,4,111107,67245,458970,0x27eb738e,375,66720,58785,1.0,40000.0,7.0,60.0,1.0,2000.0,1.0,40000.0,2.14,76142,67095,334950,461.2,41227,37.16,0,4880,3522645,7203.62,5325.58,587.2,507.7,0.135388,4.0,284.0,72.0,290.0,43.0,18.0,17.0,525.0,228.0,,29.0,37.0,,8,6,TIME_LIMIT,MIP,{'Threads': 4},/home/cgonzalez/mE-VRSPTW/src/Resultados/Restriccion_cota_global/logs/R1-25/R102-25.xml_log.log,1,1.0,68.0,,,,,,,,,,,1.0,"""src/Resultados/Restriccion cota global/logs/R102-25.xml_log.log""",4,0,13.0.2,R1-25,1617.0,112724.0,13.5388
linux64,2026-06-22 21:22:16,8,8,4,112862,69000,476520,0x249582d0,375,68475,60540,1.0,40000.0,7.0,60.0,1.0,2000.0,1.0,40000.0,2.32,77942,68850,352470,363.8,53192,36.61,0,2378,2389733,7200.04,6061.75,,393.6,,,,,,,,,,,,,,,8,0,TIME_LIMIT,MIP,{'Threads': 4},/home/cgonzalez/mE-VRSPTW/src/Resultados/Restriccion_cota_global/logs/R1-25/R103-25.xml_log.log,1,,,,,,,,,,,,,,"""src/Resultados/Restriccion cota global/logs/R103-25.xml_log.log""",4,0,13.0.2,R1-25,0.0,112862.0,
linux64,2026-06-23 01:22:58,8,8,4,115550,70860,491340,0x9cd2cfa5,375,70305,62370,1.0,40000.0,7.0,60.0,1.0,2000.0,1.0,40000.0,3.42,79850,70680,364410,352.8,49853,76.81,0,5304,3425142,7202.56,6195.6,,373.6,,3.0,223.0,14.0,34.0,2.0,221.0,4.0,138.0,207.0,,61.0,16.0,,8,0,TIME_LIMIT,MIP,{'Threads': 4},/home/cgonzalez/mE-VRSPTW/src/Resultados/Restriccion_cota_global/logs/R1-25/R104-25.xml_log.log,1,,37.0,,,,,,,,,,,,"""src/Resultados/Restriccion cota global/logs/R104-25.xml_log.log""",4,0,13.0.2,R1-25,960.0,116510.0,
linux64,2026-06-23 05:23:48,8,8,4,101018,60330,404310,0xc14ea562,210,59910,51855,1.0,40000.0,7.0,60.0,1.0,2000.0,1.0,40000.0,2.46,68558,60120,297345,452.2,53282,49.63,0,4589,3270513,7200.45,5749.38,,516.3,,5.0,69.0,41.0,108.0,10.0,130.0,5.0,280.0,263.0,,50.0,80.0,1.0,8,0,TIME_LIMIT,MIP,{'Threads': 4},/home/cgonzalez/mE-VRSPTW/src/Resultados/Restriccion_cota_global/logs/R1-25/R105-25.xml_log.log,1,,41.0,,,,,,,,,,,,"""src/Resultados/Restriccion cota global/logs/R105-25.xml_log.log""",4,0,13.0.2,R1-25,1083.0,102101.0,
linux64,2026-06-23 09:24:19,8,8,4,111962,68100,467520,0x8d46d0a9,375,67575,59640,1.0,40000.0,7.0,60.0,1.0,2000.0,1.0,40000.0,2.17,76997,67950,343380,378.7,59030,56.7,0,9819,6068402,7200.09,9902.12,529.3,394.6,0.25448699999999996,,18.0,16.0,,2.0,11.0,,6.0,,,12.0,5.0,,8,6,TIME_LIMIT,MIP,{'Threads': 4},/home/cgonzalez/mE-VRSPTW/src/Resultados/Restriccion_cota_global/logs/R1-25/R106-25.xml_log.log,1,,,,,,,,,,,,,,"""src/Resultados/Restriccion cota global/logs/R106-25.xml_log.log""",4,0,13.0.2,R1-25,70.0,112032.0,25.448699999999995
linux64,2026-06-23 13:24:59,8,8,4,113342,69480,481320,0x36307497,375,68955,61020,1.0,40000.0,7.0,60.0,1.0,2000.0,1.0,40000.0,3.07,78422,69330,357270,354.5,47948,36.39,0,1291,2464851,7200.15,5770.19,490.1,382.9,0.218731,1.0,172.0,30.0,40.0,35.0,311.0,2.0,345.0,170.0,,56.0,18.0,,8,10,TIME_LIMIT,MIP,{'Threads': 4},/home/cgonzalez/mE-VRSPTW/src/Resultados/Restriccion_cota_global/logs/R1-25/R107-25.xml_log.log,1,,26.0,,,,,,,,,,,,"""src/Resultados/Restriccion cota global/logs/R107-25.xml_log.log""",4,0,13.0.2,R1-25,1206.0,114548.0,21.8731
linux64,2026-06-23 17:25:38,8,8,4,115895,71205,494790,0xd3f2f951,375,70665,62730,1.0,40000.0,7.0,60.0,1.0,2000.0,1.0,40000.0,2.89,80210,71040,368010,343.6,48795,32.4,0,12400,4812920,7200.18,9279.89,,353.6,,1.0,28.0,25.0,,11.0,20.0,,4.0,13.0,,50.0,8.0,,8,0,TIME_LIMIT,MIP,{'Threads': 4},/home/cgonzalez/mE-VRSPTW/src/Resultados/Restriccion_cota_global/logs/R1-25/R108-25.xml_log.log,1,,,,,,,,,,,,,,"""src/Resultados/Restriccion cota global/logs/R108-25.xml_log.log""",4,0,13.0.2,R1-25,160.0,116055.0,
linux64,2026-06-23 21:26:20,8,8,4,108539,65505,445350,0xca2e6a5f,375,64935,57000,1.0,40000.0,7.0,60.0,1.0,2000.0,1.0,40000.0,1.9,74294,65310,330015,374.7,55587,42.55,0,3558,3567559,7203.15,5717.87,446.8,400.3,0.104073,4.0,121.0,12.0,193.0,2.0,51.0,6.0,397.0,157.0,,86.0,51.0,,8,10,TIME_LIMIT,MIP,{'Threads': 4},/home/cgonzalez/mE-VRSPTW/src/Resultados/Restriccion_cota_global/logs/R1-25/R109-25.xml_log.log,1,,20.0,,,,,,,,,,,,"""src/Resultados/Restriccion cota global/logs/R109-25.xml_log.log""",4,0,13.0.2,R1-25,1100.0,109639.0,10.4073
linux64,2026-06-24 01:26:59,8,8,4,113990,69300,475740,0xc063ecef,375,68745,60810,1.0,40000.0,7.0,60.0,1.0,2000.0,1.0,40000.0,2.0,78170,69120,353175,344.7,37232,32.19,0,8483,5023172,7200.12,9335.88,,345.9,,2.0,34.0,45.0,,8.0,26.0,,7.0,8.0,,87.0,5.0,,8,0,TIME_LIMIT,MIP,{'Threads': 4},/home/cgonzalez/mE-VRSPTW/src/Resultados/Restriccion_cota_global/logs/R1-25/R110-25.xml_log.log,1,,,,,,,,,,,,,,"""src/Resultados/Restriccion cota global/logs/R110-25.xml_log.log""",4,0,13.0.2,R1-25,222.0,114212.0,
linux64,2026-06-24 05:27:37,8,8,4,112436,68850,476280,0x06b695c7,375,68310,60375,1.0,40000.0,7.0,60.0,1.0,2000.0,1.0,40000.0,2.36,77726,68685,355050,354.5,50989,41.58,0,2665,3096227,7201.28,6038.5,522.9,390.5,0.253203,3.0,212.0,19.0,146.0,34.0,142.0,5.0,134.0,165.0,,32.0,19.0,,8,7,TIME_LIMIT,MIP,{'Threads': 4},/home/cgonzalez/mE-VRSPTW/src/Resultados/Restriccion_cota_global/logs/R1-25/R111-25.xml_log.log,1,,17.0,,,,,,,,,,,,"""src/Resultados/Restriccion cota global/logs/R111-25.xml_log.log""",4,0,13.0.2,R1-25,928.0,113364.0,25.3203
linux64,2026-06-24 09:28:21,8,8,4,116390,71700,499740,0x901a1bc6,375,71190,63255,1.0,40000.0,7.0,60.0,1.0,2000.0,1.0,40000.0,2.78,80630,71565,370470,343.6,68318,65.36,0,5160,2470770,7200.07,7468.68,,356.200000001,,10.0,71.0,49.0,54.0,124.0,125.0,19.0,152.0,23.0,,114.0,134.0,,8,0,TIME_LIMIT,MIP,{'Threads': 4},/home/cgonzalez/mE-VRSPTW/src/Resultados/Restriccion_cota_global/logs/R1-25/R112-25.xml_log.log,1,,34.0,,,,,,,,,,,,"""src/Resultados/Restriccion cota global/logs/R112-25.xml_log.log""",4,0,13.0.2,R1-25,909.0,117299.0,
linux64,2026-06-22 15:21:24,8,8,4,197325,118740,814140,0x977e4b86,0,118230,101715,1.0,40000.0,5.0,60.0,1.0,2000.0,1.0,40000.0,5.78,133575,118230,598230,1031.2,63470,23.81,0,266,1710611,7200.12,5956.46,,1039.6,,1.0,271.0,240.0,,507.0,109.0,32.0,10.0,2.0,,34.0,269.0,,8,0,TIME_LIMIT,MIP,{'Threads': 4},/home/cgonzalez/mE-VRSPTW/src/Resultados/Restriccion_cota_global/logs/R1-50/R101-50.xml_log.log,1,,1.0,,,,1.38,22.0,0.0,9.3675068e-15,32.0,,,,"""src/Resultados/Restriccion cota global/logs/R101-50.xml_log.log""",4,0,13.0.2,R1-50,1476.0,198801.0,
linux64,2026-06-22 19:22:05,8,8,4,236259,146910,1046700,0x5329d65b,750,145665,129810,1.0,40000.0,5.0,60.0,1.0,2000.0,1.0,40000.0,6.68,164514,146415,799830,719.5,68525,36.13,0,378,1657986,7200.18,6292.17,,776.7,,,146.0,3410.0,,287.0,916.0,55.0,9.0,265.0,,17.0,6033.0,,8,0,TIME_LIMIT,MIP,{'Threads': 4},/home/cgonzalez/mE-VRSPTW/src/Resultados/Restriccion_cota_global/logs/R1-50/R102-50.xml_log.log,1,11.0,23.0,,,,2.07,13.0,0.0,5.1111892e-14,44.0,,,2.0,"""src/Resultados/Restriccion cota global/logs/R102-50.xml_log.log""",4,0,13.0.2,R1-50,11174.0,247433.0,
linux64,2026-06-22 23:22:43,8,8,4,249384,157275,1137750,0x0614bbd0,750,156090,140235,1.0,40000.0,5.0,60.0,1.0,2000.0,1.0,40000.0,7.31,175104,156840,876885,572.9,70338,43.68,0,793,1291774,7200.37,6992.1,,620.1,,,134.0,918.0,,322.0,90.0,16.0,30.0,30.0,,288.0,1212.0,,8,0,TIME_LIMIT,MIP,{'Threads': 4},/home/cgonzalez/mE-VRSPTW/src/Resultados/Restriccion_cota_global/logs/R1-50/R103-50.xml_log.log,1,,17.0,,,,2.46,15.0,0.0,5.6205041e-14,53.0,,,,"""src/Resultados/Restriccion cota global/logs/R103-50.xml_log.log""",4,0,13.0.2,R1-50,3057.0,252441.0,
linux64,2026-06-23 03:23:35,8,8,4,257433,164220,1202160,0x3232acec,750,163110,147255,1.0,40000.0,4.0,60.0,1.0,2000.0,1.0,40000.0,9.4,182283,163860,931245,502.9,71423,65.73,0,5389,1601134,7200.77,5672.94,,525.3,,17.0,418.0,142.0,217.0,146.0,235.0,35.0,366.0,246.0,,138.0,266.0,,8,0,TIME_LIMIT,MIP,{'Threads': 4},/home/cgonzalez/mE-VRSPTW/src/Resultados/Restriccion_cota_global/logs/R1-50/R104-50.xml_log.log,1,,78.0,,,3.0,2.95,15.0,0.0,4.6351811e-15,78.0,,,,"""src/Resultados/Restriccion cota global/logs/R104-50.xml_log.log""",4,0,13.0.2,R1-50,2307.0,259740.0,
linux64,2026-06-23 07:24:09,8,8,4,208200,126855,882690,0x7ccd84bf,570,125835,109845,1.0,40000.0,4.0,60.0,1.0,2000.0,1.0,40000.0,5.81,142770,126405,660360,804.7,64824,22.25,0,3038,1595080,7200.12,5933.36,,868.3,,12.0,264.0,55.0,376.0,23.0,149.0,130.0,840.0,445.0,,133.0,113.0,,8,0,TIME_LIMIT,MIP,{'Threads': 4},/home/cgonzalez/mE-VRSPTW/src/Resultados/Restriccion_cota_global/logs/R1-50/R105-50.xml_log.log,1,,19.0,,,,1.35,18.0,0.0,3.3329653e-12,30.0,,,,"""src/Resultados/Restriccion cota global/logs/R105-50.xml_log.log""",4,0,13.0.2,R1-50,2559.0,210759.0,
linux64,2026-06-23 11:24:45,8,8,4,239199,149850,1076100,0xae7418d5,750,148695,132840,1.0,40000.0,4.0,60.0,1.0,2000.0,1.0,40000.0,8.26,167544,149445,826875,562.7,69673,29.18,0,377,1506422,7200.22,5839.44,,645.1,,,247.0,110.0,,66.0,99.0,5.0,20.0,355.0,,134.0,220.0,,8,0,TIME_LIMIT,MIP,{'Threads': 4},/home/cgonzalez/mE-VRSPTW/src/Resultados/Restriccion_cota_global/logs/R1-50/R106-50.xml_log.log,1,3.0,4.0,,,,2.32,16.0,0.0,8.2156504e-15,39.0,,,,"""src/Resultados/Restriccion cota global/logs/R106-50.xml_log.log""",4,0,13.0.2,R1-50,1263.0,240462.0,
linux64,2026-06-23 15:25:24,8,8,4,251274,159165,1156650,0xcfff80ae,750,158025,142170,1.0,40000.0,4.0,60.0,1.0,2000.0,1.0,40000.0,7.69,177039,158775,895395,499.8,70342,55.65,0,266,1291368,7200.34,5931.01,,543.6,,1.0,230.0,174.0,,154.0,220.0,21.0,17.0,277.0,,211.0,335.0,1.0,8,0,TIME_LIMIT,MIP,{'Threads': 4},/home/cgonzalez/mE-VRSPTW/src/Resultados/Restriccion_cota_global/logs/R1-50/R107-50.xml_log.log,1,6.0,2.0,,,2.0,3.37,13.0,0.0,2.0627944e-13,66.0,,,,"""src/Resultados/Restriccion cota global/logs/R107-50.xml_log.log""",4,0,13.0.2,R1-50,1651.0,252925.0,
linux64,2026-06-23 19:26:10,8,8,4,258108,164895,1208910,0x3cec9d84,750,163785,147930,1.0,40000.0,4.0,60.0,1.0,2000.0,1.0,40000.0,9.9,182958,164535,937995,476.4,72337,57.18,0,461,960397,7200.14,6544.17,,497.7,,4.0,87.0,2495.0,,445.0,161.0,5.0,27.0,7.0,,392.0,2891.0,1.0,8,0,TIME_LIMIT,MIP,{'Threads': 4},/home/cgonzalez/mE-VRSPTW/src/Resultados/Restriccion_cota_global/logs/R1-50/R108-50.xml_log.log,1,,6.0,,,,3.69,13.0,0.0,8.3405505e-15,70.0,,,,"""src/Resultados/Restriccion cota global/logs/R108-50.xml_log.log""",4,0,13.0.2,R1-50,6521.0,264629.0,
linux64,2026-06-23 23:26:45,8,8,4,227052,141015,1002870,0xb2c1dce7,750,139830,123975,1.0,40000.0,4.0,60.0,1.0,2000.0,1.0,40000.0,5.91,158517,140580,771915,571.3,66949,37.2,0,1116,658479,7203.31,6983.27,,616.7,,3.0,248.0,50.0,229.0,74.0,192.0,3.0,263.0,59.0,,100.0,58.0,,8,0,TIME_LIMIT,MIP,{'Threads': 4},/home/cgonzalez/mE-VRSPTW/src/Resultados/Restriccion_cota_global/logs/R1-50/R109-50.xml_log.log,1,,,1.0,,,3.43,14.0,0.0,6.0479399e-14,45.0,,,,"""src/Resultados/Restriccion cota global/logs/R109-50.xml_log.log""",4,0,13.0.2,R1-50,1280.0,228332.0,
linux64,2026-06-24 03:27:24,8,8,4,241434,152085,1098450,0xb3163204,750,150930,135075,1.0,40000.0,4.0,60.0,1.0,2000.0,1.0,40000.0,7.22,169734,151680,851115,499.0,69927,38.09,0,1195,1207565,7202.6,6239.97,,527.8,,6.0,92.0,30.0,127.0,42.0,215.0,12.0,53.0,30.0,,146.0,22.0,,8,0,TIME_LIMIT,MIP,{'Threads': 4},/home/cgonzalez/mE-VRSPTW/src/Resultados/Restriccion_cota_global/logs/R1-50/R110-50.xml_log.log,1,,,,,,4.07,12.0,0.0,1.5071278e-14,47.0,,,,"""src/Resultados/Restriccion cota global/logs/R110-50.xml_log.log""",4,0,13.0.2,R1-50,775.0,242209.0,
linux64,2026-06-24 07:28:02,8,8,4,244554,155205,1129650,0xb3aab3de,750,154065,138210,1.0,40000.0,4.0,60.0,1.0,2000.0,1.0,40000.0,7.35,172929,154815,876795,496.6,69793,45.71,0,1130,1037467,7207.3,4863.13,,526.9,,2.0,165.0,36.0,620.0,124.0,322.0,138.0,884.0,197.0,,160.0,136.0,,8,0,TIME_LIMIT,MIP,{'Threads': 4},/home/cgonzalez/mE-VRSPTW/src/Resultados/Restriccion_cota_global/logs/R1-50/R111-50.xml_log.log,1,,1.0,,,,2.58,14.0,0.0,5.689893e-15,55.0,,,1.0,"""src/Resultados/Restriccion cota global/logs/R111-50.xml_log.log""",4,0,13.0.2,R1-50,2786.0,247340.0,
linux64,2026-06-24 11:28:47,8,8,4,249954,160605,1183650,0xf6eaa981,750,159510,143655,1.0,40000.0,4.0,60.0,1.0,2000.0,1.0,40000.0,8.19,178359,160260,922620,470.6,70199,53.91,0,3598,1475604,7200.15,5772.41,,495.4,,22.0,216.0,107.0,154.0,178.0,174.0,18.0,797.0,63.0,,93.0,116.0,,8,0,TIME_LIMIT,MIP,{'Threads': 4},/home/cgonzalez/mE-VRSPTW/src/Resultados/Restriccion_cota_global/logs/R1-50/R112-50.xml_log.log,1,,85.0,,,2.0,3.8,14.0,0.0,4.1050496e-14,64.0,,,,"""src/Resultados/Restriccion cota global/logs/R112-50.xml_log.log""",4,0,13.0.2,R1-50,2025.0,251979.0,
linux64,2026-06-24 13:29:03,8,8,4,121415,72585,489780,0xd3431b3d,375,72090,63660,1.0,200000.0,7.0,60.0,1.0,2000.0,1.0,200000.0,2.95,82100,72465,357465,423.0,68930,51.08,0,5438,4587013,7200.05,5897.5,545.1,462.2,0.152082,8.0,30.0,57.0,18.0,57.0,28.0,1.0,246.0,26.0,,20.0,94.0,,8,10,TIME_LIMIT,MIP,{'Threads': 4},/home/cgonzalez/mE-VRSPTW/src/Resultados/Restriccion_cota_global/logs/R2-25/R201-25.xml_log.log,1,1.0,6.0,,,,,,,,,,,,"""src/Resultados/Restriccion cota global/logs/R201-25.xml_log.log""",4,0,13.0.2,R2-25,592.0,122007.0,15.2082
linux64,2026-06-24 17:29:43,8,8,4,128128,77550,531450,0x7ceec12d,375,77055,68625,1.0,200000.0,7.0,60.0,1.0,2000.0,1.0,200000.0,3.34,87163,77430,390885,367.8,61779,52.67,0,1214,2993774,7210.99,5755.36,451.9,389.9,0.137198,9.0,120.0,27.0,20.0,1.0,43.0,7.0,298.0,134.0,,60.0,116.0,,8,10,TIME_LIMIT,MIP,{'Threads': 4},/home/cgonzalez/mE-VRSPTW/src/Resultados/Restriccion_cota_global/logs/R2-25/R202-25.xml_log.log,1,,10.0,,,,,,,,,,,,"""src/Resultados/Restriccion cota global/logs/R202-25.xml_log.log""",4,0,13.0.2,R2-25,845.0,128973.0,13.7198
linux64,2026-06-24 21:30:37,8,8,4,129268,78690,542850,0x6557267e,375,78195,69765,1.0,200000.0,7.0,60.0,1.0,2000.0,1.0,200000.0,3.64,88348,78570,401235,354.5,32815,22.37,0,5290,3265985,7200.14,5773.37,467.8,368.8,0.211629,5.0,109.0,45.0,164.0,15.0,49.0,4.0,535.0,114.0,,79.0,24.0,,8,10,TIME_LIMIT,MIP,{'Threads': 4},/home/cgonzalez/mE-VRSPTW/src/Resultados/Restriccion_cota_global/logs/R2-25/R203-25.xml_log.log,1,1.0,28.0,,,,,,,,,,,,"""src/Resultados/Restriccion cota global/logs/R203-25.xml_log.log""",4,0,13.0.2,R2-25,1172.0,130440.0,21.1629
linux64,2026-06-25 01:31:16,8,8,4,130369,79515,549840,0x0012846b,375,79020,70590,1.0,200000.0,7.0,60.0,1.0,2000.0,1.0,200000.0,2.37,89239,79395,406980,343.6,40676,24.83,0,7893,3541603,7200.05,8072.67,,356.8,,5.0,47.0,17.0,5.0,34.0,32.0,4.0,68.0,28.0,,33.0,14.0,,8,0,TIME_LIMIT,MIP,{'Threads': 4},/home/cgonzalez/mE-VRSPTW/src/Resultados/Restriccion_cota_global/logs/R2-25/R204-25.xml_log.log,1,,8.0,,,,,,,,,,,,"""src/Resultados/Restriccion cota global/logs/R204-25.xml_log.log""",4,0,13.0.2,R2-25,295.0,130664.0,
linux64,2026-06-25 05:31:56,8,8,4,123200,74370,507630,0xd3a14d1a,375,73875,65445,1.0,200000.0,7.0,60.0,1.0,2000.0,1.0,200000.0,2.15,83885,74250,373530,374.7,45851,41.43,0,5843,3648025,7200.06,7935.69,,389.0000000003,,5.0,65.0,13.0,130.0,31.0,35.0,17.0,302.0,26.0,,57.0,22.0,,8,0,TIME_LIMIT,MIP,{'Threads': 4},/home/cgonzalez/mE-VRSPTW/src/Resultados/Restriccion_cota_global/logs/R2-25/R205-25.xml_log.log,1,,21.0,,,,,,,,,,,,"""src/Resultados/Restriccion cota global/logs/R205-25.xml_log.log""",4,0,13.0.2,R2-25,724.0,123924.0,
linux64,2026-06-25 09:32:34,8,8,4,128848,78270,538650,0x858f6987,375,77775,69345,1.0,200000.0,7.0,60.0,1.0,2000.0,1.0,200000.0,2.49,87883,78150,397365,343.6,49315,31.67,0,2394,3657908,7200.21,5573.02,419.4,370.0,0.117787,1.0,108.0,15.0,241.0,1.0,40.0,1.0,314.0,109.0,,112.0,209.0,,8,10,TIME_LIMIT,MIP,{'Threads': 4},/home/cgonzalez/mE-VRSPTW/src/Resultados/Restriccion_cota_global/logs/R2-25/R206-25.xml_log.log,1,,23.0,1.0,,,,,,,,,,,"""src/Resultados/Restriccion cota global/logs/R206-25.xml_log.log""",4,0,13.0.2,R2-25,1175.0,130023.0,11.7787
linux64,2026-06-25 13:33:13,8,8,4,129463,78885,544800,0x101c273c,375,78390,69960,1.0,200000.0,7.0,60.0,1.0,2000.0,1.0,200000.0,2.63,88543,78765,402990,343.6,48777,43.54,0,3385,3283591,7200.61,5669.61,419.0,359.8,0.141289,4.0,113.0,31.0,19.0,25.0,51.0,11.0,129.0,51.0,,156.0,28.0,,8,10,TIME_LIMIT,MIP,{'Threads': 4},/home/cgonzalez/mE-VRSPTW/src/Resultados/Restriccion_cota_global/logs/R2-25/R207-25.xml_log.log,1,,42.0,,,,,,,,,,,,"""src/Resultados/Restriccion cota global/logs/R207-25.xml_log.log""",4,0,13.0.2,R2-25,660.0,130123.0,14.1289
linux64,2026-06-25 17:34:02,8,8,4,130444,79590,550590,0x7eb603e8,375,79095,70665,1.0,200000.0,7.0,60.0,1.0,2000.0,1.0,200000.0,2.73,89314,79470,407655,343.6,38531,16.58,0,6934,3187057,7200.01,7860.61,,356.2,,6.0,73.0,28.0,13.0,29.0,77.0,15.0,285.0,13.0,,85.0,13.0,,8,0,TIME_LIMIT,MIP,{'Threads': 4},/home/cgonzalez/mE-VRSPTW/src/Resultados/Restriccion_cota_global/logs/R2-25/R208-25.xml_log.log,1,,25.0,,,,,,,,,,,,"""src/Resultados/Restriccion cota global/logs/R208-25.xml_log.log""",4,0,13.0.2,R2-25,662.0,131106.0,
linux64,2026-06-25 21:35:11,8,8,4,128734,77880,533490,0x96e34552,375,77385,68955,1.0,200000.0,7.0,60.0,1.0,2000.0,1.0,200000.0,2.36,87469,77760,391980,355.7,61477,56.87,0,2167,2877052,7200.62,6496.27,489.5,365.8,0.252707,11.0,205.0,49.0,76.0,18.0,172.0,15.0,565.0,67.0,,63.0,40.0,,8,9,TIME_LIMIT,MIP,{'Threads': 4},/home/cgonzalez/mE-VRSPTW/src/Resultados/Restriccion_cota_global/logs/R2-25/R209-25.xml_log.log,1,,31.0,,,,,,,,,,,,"""src/Resultados/Restriccion cota global/logs/R209-25.xml_log.log""",4,0,13.0.2,R2-25,1312.0,130046.0,25.2707
linux64,2026-06-26 01:35:52,8,8,4,128531,78045,536820,0x652ed1b2,375,77550,69120,1.0,200000.0,7.0,60.0,1.0,2000.0,1.0,200000.0,2.37,87611,77925,395850,354.5,52715,34.32,0,1249,2815312,7201.27,6669.29,490.6,390.9,0.20322099999999998,2.0,104.0,29.0,6.0,4.0,122.0,11.0,229.0,133.0,,70.0,20.0,,8,9,TIME_LIMIT,MIP,{'Threads': 4},/home/cgonzalez/mE-VRSPTW/src/Resultados/Restriccion_cota_global/logs/R2-25/R210-25.xml_log.log,1,,83.0,,,,,,,,,,1.0,,"""src/Resultados/Restriccion cota global/logs/R210-25.xml_log.log""",4,0,13.0.2,R2-25,814.0,129345.0,20.3221
linux64,2026-06-26 05:36:32,8,8,4,130609,79755,552240,0x9cc65c4d,375,79260,70830,1.0,200000.0,7.0,60.0,1.0,2000.0,1.0,200000.0,3.04,89359,79635,408900,343.6,51987,43.45,0,7243,3736009,7200.01,7681.86,,356.2,,6.0,108.0,32.0,156.0,34.0,54.0,5.0,438.0,12.0,,163.0,40.0,,8,0,TIME_LIMIT,MIP,{'Threads': 4},/home/cgonzalez/mE-VRSPTW/src/Resultados/Restriccion_cota_global/logs/R2-25/R211-25.xml_log.log,1,,37.0,,,,,,,,,,,,"""src/Resultados/Restriccion cota global/logs/R211-25.xml_log.log""",4,0,13.0.2,R2-25,1085.0,131694.0,
linux64,2026-06-24 15:29:27,8,8,4,252099,154470,1084680,0xce700a37,750,153525,136680,1.0,200000.0,4.0,60.0,1.0,2000.0,1.0,200000.0,6.64,173544,154275,806655,720.4,82573,70.98,0,4121,1525424,7200.38,6089.53,,763.8,,,,,,,,,,,,,,,8,0,TIME_LIMIT,MIP,{'Threads': 4},/home/cgonzalez/mE-VRSPTW/src/Resultados/Restriccion_cota_global/logs/R2-50/R201-50.xml_log.log,1,,,,,,4.65,14.0,0.0,1.3743173e-13,80.0,,,,"""src/Resultados/Restriccion cota global/logs/R201-50.xml_log.log""",4,0,13.0.2,R2-50,0.0,252099.0,
linux64,2026-06-24 19:30:21,8,8,4,270742,169065,1212150,0x7af4a1c2,750,168120,151275,1.0,200000.0,4.0,60.0,1.0,2000.0,1.0,200000.0,7.11,188332,168870,911820,554.6,86985,46.7,0,275,857581,7200.3,6208.43,,578.3,,1.0,89.0,1940.0,,770.0,152.0,42.0,11.0,11.0,,284.0,2417.0,1.0,8,0,TIME_LIMIT,MIP,{'Threads': 4},/home/cgonzalez/mE-VRSPTW/src/Resultados/Restriccion_cota_global/logs/R2-50/R202-50.xml_log.log,1,5.0,10.0,,,,2.55,13.0,0.0,8.6361474e-14,56.0,,,,"""src/Resultados/Restriccion cota global/logs/R202-50.xml_log.log""",4,0,13.0.2,R2-50,5733.0,276475.0,
linux64,2026-06-24 23:31:04,8,8,4,277332,174735,1264650,0xe7193c97,750,173790,156945,1.0,200000.0,4.0,60.0,1.0,2000.0,1.0,200000.0,7.88,194127,174540,957030,499.8,87208,54.22,0,5224,1877052,7200.07,5944.93,,523.0,,21.0,249.0,45.0,174.0,288.0,69.0,4.0,302.0,168.0,,46.0,71.0,,8,0,TIME_LIMIT,MIP,{'Threads': 4},/home/cgonzalez/mE-VRSPTW/src/Resultados/Restriccion_cota_global/logs/R2-50/R203-50.xml_log.log,1,,12.0,,,,4.92,12.0,0.0,2.4424907e-14,64.0,,,,"""src/Resultados/Restriccion cota global/logs/R203-50.xml_log.log""",4,0,13.0.2,R2-50,1449.0,278781.0,
linux64,2026-06-25 03:31:44,8,8,4,281300,178335,1298970,0xf693b220,750,177390,160545,1.0,200000.0,4.0,60.0,1.0,2000.0,1.0,200000.0,7.83,197870,178140,987270,476.4,86263,66.05,0,4053,2002796,7200.69,5793.2,,496.3,,20.0,88.0,123.0,117.0,304.0,353.0,5.0,313.0,21.0,,72.0,104.0,,8,0,TIME_LIMIT,MIP,{'Threads': 4},/home/cgonzalez/mE-VRSPTW/src/Resultados/Restriccion_cota_global/logs/R2-50/R204-50.xml_log.log,1,,20.0,,,,5.42,12.0,0.0,2.9712344e-14,76.0,,,,"""src/Resultados/Restriccion cota global/logs/R204-50.xml_log.log""",4,0,13.0.2,R2-50,1540.0,282840.0,
linux64,2026-06-25 07:32:21,8,8,4,260414,161865,1154430,0x9b432032,750,160920,144075,1.0,200000.0,4.0,60.0,1.0,2000.0,1.0,200000.0,8.17,180959,161670,867120,574.0,84210,61.46,0,292,998756,7200.23,6194.76,,591.5,,1.0,89.0,255.0,,777.0,284.0,15.0,17.0,30.0,,312.0,578.0,,8,0,TIME_LIMIT,MIP,{'Threads': 4},/home/cgonzalez/mE-VRSPTW/src/Resultados/Restriccion_cota_global/logs/R2-50/R205-50.xml_log.log,1,,,,,2.0,6.03,12.0,0.0,7.2636341e-14,72.0,,,,"""src/Resultados/Restriccion cota global/logs/R205-50.xml_log.log""",4,0,13.0.2,R2-50,2360.0,262774.0,
linux64,2026-06-25 11:33:01,8,8,4,273577,171900,1240500,0x9be79b1c,750,170955,154110,1.0,200000.0,4.0,60.0,1.0,2000.0,1.0,200000.0,8.01,191167,171705,937275,501.7,85664,51.51,0,5228,1922211,7200.14,5934.07,,557.2,,10.0,126.0,108.0,522.0,328.0,130.0,1.0,289.0,222.0,,78.0,117.0,,8,0,TIME_LIMIT,MIP,{'Threads': 4},/home/cgonzalez/mE-VRSPTW/src/Resultados/Restriccion_cota_global/logs/R2-50/R206-50.xml_log.log,1,,24.0,,,,5.96,11.0,0.0,3.6831649e-14,61.0,,,,"""src/Resultados/Restriccion cota global/logs/R206-50.xml_log.log""",4,0,13.0.2,R2-50,1955.0,275532.0,
linux64,2026-06-25 15:33:50,8,8,4,278532,175935,1276650,0x0b75db1e,750,174990,158145,1.0,200000.0,4.0,60.0,1.0,2000.0,1.0,200000.0,9.93,195327,175740,967800,473.2,86973,71.89,0,5276,1583772,7200.7,6151.11,,509.9,,8.0,97.0,76.0,427.0,173.0,163.0,3.0,709.0,80.0,,204.0,539.0,,8,0,TIME_LIMIT,MIP,{'Threads': 4},/home/cgonzalez/mE-VRSPTW/src/Resultados/Restriccion_cota_global/logs/R2-50/R207-50.xml_log.log,1,,20.0,,,1.0,5.27,14.0,0.0,1.1508502e-13,85.0,,,,"""src/Resultados/Restriccion cota global/logs/R207-50.xml_log.log""",4,0,13.0.2,R2-50,2500.0,281032.0,
linux64,2026-06-25 19:34:31,8,8,4,281420,178455,1300170,0xb7c2eb3c,750,177510,160665,1.0,200000.0,4.0,60.0,1.0,2000.0,1.0,200000.0,8.06,197990,178260,988350,470.6,86337,89.72,0,5248,1452560,7227.33,5124.42,,491.8,,16.0,111.0,201.0,188.0,265.0,111.0,13.0,850.0,112.0,,46.0,179.0,,8,0,TIME_LIMIT,MIP,{'Threads': 4},/home/cgonzalez/mE-VRSPTW/src/Resultados/Restriccion_cota_global/logs/R2-50/R208-50.xml_log.log,1,,42.0,,,6.0,6.9,12.0,0.0,1.6506241e-13,100.0,,,,"""src/Resultados/Restriccion cota global/logs/R208-50.xml_log.log""",4,0,13.0.2,R2-50,2140.0,283560.0,
linux64,2026-06-25 23:35:40,8,8,4,271777,170100,1222500,0x7126f16d,750,169155,152310,1.0,200000.0,4.0,60.0,1.0,2000.0,1.0,200000.0,7.36,189292,169905,920940,532.5,86104,76.84,0,5232,977422,7200.45,5492.0,,539.3,,14.0,34.0,47.0,356.0,78.0,119.0,10.0,156.0,16.0,,33.0,14.0,,8,0,TIME_LIMIT,MIP,{'Threads': 4},/home/cgonzalez/mE-VRSPTW/src/Resultados/Restriccion_cota_global/logs/R2-50/R209-50.xml_log.log,1,,7.0,,,,8.24,11.0,0.0,2.9337643e-14,87.0,,,,"""src/Resultados/Restriccion cota global/logs/R209-50.xml_log.log""",4,0,13.0.2,R2-50,884.0,272661.0,
linux64,2026-06-26 03:36:20,8,8,4,272091,171150,1236360,0xf83750b3,750,170205,153360,1.0,200000.0,4.0,60.0,1.0,2000.0,1.0,200000.0,8.29,190311,170955,935160,506.5,86192,79.92,0,3021,1654557,7200.29,6435.64,,506.5,,,,,,,,,,,,,,,8,0,TIME_LIMIT,MIP,{'Threads': 4},/home/cgonzalez/mE-VRSPTW/src/Resultados/Restriccion_cota_global/logs/R2-50/R210-50.xml_log.log,1,,,,,,6.46,12.0,0.0,3.3824464e-12,91.0,,,,"""src/Resultados/Restriccion cota global/logs/R210-50.xml_log.log""",4,0,13.0.2,R2-50,0.0,272091.0,
linux64,2026-06-26 07:37:00,8,8,4,278422,176745,1288950,0x0fa4e757,750,175800,158955,1.0,200000.0,4.0,60.0,1.0,2000.0,1.0,200000.0,8.67,195952,176550,980775,470.6,86475,107.75,0,5313,1427883,7200.14,5914.84,,491.0,,12.0,76.0,82.0,176.0,173.0,86.0,5.0,568.0,21.0,,263.0,99.0,,8,0,TIME_LIMIT,MIP,{'Threads': 4},/home/cgonzalez/mE-VRSPTW/src/Resultados/Restriccion_cota_global/logs/R2-50/R211-50.xml_log.log,1,5.0,26.0,,,,9.52,12.0,0.0,3.9968029e-15,119.0,,,,"""src/Resultados/Restriccion cota global/logs/R211-50.xml_log.log""",4,0,13.0.2,R2-50,1592.0,280014.0,
linux64,2026-06-26 09:37:09,8,8,4,91031,53655,352545,0x7708b167,360,53055,44880,1.0,40000.0,2.0,60.0,1.0,2000.0,1.0,40000.0,1.83,62441,53415,263160,331.9,42874,14.74,0,4602,4476593,7200.56,4953.77,547.0,436.1,0.202742,,57.0,38.0,5.0,34.0,78.0,9.0,544.0,58.0,,72.0,20.0,,8,10,TIME_LIMIT,MIP,{'Threads': 4},/home/cgonzalez/mE-VRSPTW/src/Resultados/Restriccion_cota_global/logs/RC1-25/RC101-25.xml_log.log,1,13.0,30.0,,,,,,,,,,1.0,,"""src/Resultados/Restriccion cota global/logs/RC101-25.xml_log.log""",4,0,13.0.2,RC1-25,959.0,91990.0,20.2742
linux64,2026-06-26 13:37:48,8,8,4,99791,58965,389895,0x4e460e19,375,58350,50190,1.0,40000.0,2.0,60.0,1.0,2000.0,1.0,40000.0,1.57,67901,58725,289470,298.3,47908,30.79,0,15187,6578771,7200.04,8523.21,,313.9,,2.0,9.0,30.0,,15.0,13.0,,1.0,9.0,,48.0,5.0,,8,0,TIME_LIMIT,MIP,{'Threads': 4},/home/cgonzalez/mE-VRSPTW/src/Resultados/Restriccion_cota_global/logs/RC1-25/RC102-25.xml_log.log,1,4.0,,,,,,,,,,,,,"""src/Resultados/Restriccion cota global/logs/RC102-25.xml_log.log""",4,0,13.0.2,RC1-25,136.0,99927.0,
linux64,2026-06-26 17:38:28,8,8,4,100346,59520,395445,0x3459855c,375,58905,50745,1.0,40000.0,2.0,60.0,1.0,2000.0,1.0,40000.0,2.45,68546,59280,295170,279.4,46230,21.01,0,3693,4562680,7204.14,5080.34,,292.3,,7.0,124.0,42.0,22.0,7.0,192.0,15.0,949.0,44.0,1.0,24.0,6.0,,8,0,TIME_LIMIT,MIP,{'Threads': 4},/home/cgonzalez/mE-VRSPTW/src/Resultados/Restriccion_cota_global/logs/RC1-25/RC103-25.xml_log.log,1,3.0,31.0,,,,,,,,,,,3.0,"""src/Resultados/Restriccion cota global/logs/RC103-25.xml_log.log""",4,0,13.0.2,RC1-25,1470.0,101816.0,
linux64,2026-06-26 21:39:05,8,8,4,100616,59790,398145,0xf5812e1d,375,59175,51015,1.0,40000.0,2.0,60.0,1.0,2000.0,1.0,40000.0,1.83,68846,59550,297915,277.6,46188,28.13,0,15877,4601280,7200.01,5649.0,,284.3,,13.0,48.0,39.0,25.0,10.0,93.0,3.0,465.0,5.0,1.0,20.0,47.0,,8,0,TIME_LIMIT,MIP,{'Threads': 4},/home/cgonzalez/mE-VRSPTW/src/Resultados/Restriccion_cota_global/logs/RC1-25/RC104-25.xml_log.log,1,,2.0,,,,,,,,,,,,"""src/Resultados/Restriccion cota global/logs/RC104-25.xml_log.log""",4,0,13.0.2,RC1-25,771.0,101387.0,
linux64,2026-06-27 01:39:36,8,8,4,96899,57315,379065,0x09c54e28,345,56730,48555,1.0,40000.0,2.0,60.0,1.0,2000.0,1.0,40000.0,1.55,66134,57075,282375,362.6,51211,26.36,0,19770,6999442,7200.01,8937.57,,373.8,,1.0,1.0,20.0,,,4.0,,,17.0,,28.0,3.0,,8,0,TIME_LIMIT,MIP,{'Threads': 4},/home/cgonzalez/mE-VRSPTW/src/Resultados/Restriccion_cota_global/logs/RC1-25/RC105-25.xml_log.log,1,,,,,,,,,,,,,,"""src/Resultados/Restriccion cota global/logs/RC105-25.xml_log.log""",4,0,13.0.2,RC1-25,74.0,96973.0,
linux64,2026-06-27 05:40:10,8,8,4,96611,57165,378195,0xc8c4f47f,375,56550,48390,1.0,40000.0,2.0,60.0,1.0,2000.0,1.0,40000.0,1.56,66056,56925,282225,297.5,47483,30.69,0,20836,4589018,7200.07,6100.94,510.7,328.1,0.35754800000000003,3.0,140.0,113.0,16.0,43.0,127.0,9.0,760.0,58.0,,145.0,49.0,,8,10,TIME_LIMIT,MIP,{'Threads': 4},/home/cgonzalez/mE-VRSPTW/src/Resultados/Restriccion_cota_global/logs/RC1-25/RC106-25.xml_log.log,1,11.0,24.0,,,,,,,,,,,,"""src/Resultados/Restriccion cota global/logs/RC106-25.xml_log.log""",4,0,13.0.2,RC1-25,1498.0,98109.0,35.7548
linux64,2026-06-27 09:40:40,8,8,4,97634,58050,386415,0xa29417cb,375,57435,49275,1.0,40000.0,2.0,60.0,1.0,2000.0,1.0,40000.0,2.5,66959,57810,289950,271.9,42635,24.65,0,34458,5603224,7200.05,6869.38,,282.5,,11.0,81.0,25.0,3.0,45.0,115.0,15.0,604.0,11.0,1.0,81.0,11.0,,8,0,TIME_LIMIT,MIP,{'Threads': 4},/home/cgonzalez/mE-VRSPTW/src/Resultados/Restriccion_cota_global/logs/RC1-25/RC107-25.xml_log.log,1,,15.0,,,2.0,,,,,,,,,"""src/Resultados/Restriccion cota global/logs/RC107-25.xml_log.log""",4,0,13.0.2,RC1-25,1020.0,98654.0,
linux64,2026-06-27 13:41:17,8,8,4,97919,58335,389265,0x515df93f,375,57720,49560,1.0,40000.0,2.0,60.0,1.0,2000.0,1.0,40000.0,1.57,67274,58095,292875,271.3,41801,24.04,0,21211,4393298,7204.81,5882.35,294.5,278.9000000041,0.052971000000000004,27.0,48.0,79.0,15.0,39.0,74.0,22.0,1413.0,9.0,1.0,107.0,149.0,,8,10,TIME_LIMIT,MIP,{'Threads': 4},/home/cgonzalez/mE-VRSPTW/src/Resultados/Restriccion_cota_global/logs/RC1-25/RC108-25.xml_log.log,1,,5.0,,,,,,,,,,,,"""src/Resultados/Restriccion cota global/logs/RC108-25.xml_log.log""",4,0,13.0.2,RC1-25,1988.0,99907.0,5.2971
linux64,2026-06-26 11:37:39,8,8,4,129046,78705,542190,0xe73faff2,735,77625,66750,1.0,40000.0,1.0,80.0,1.0,2000.0,1.0,40000.0,3.13,90286,78360,418350,651.2,91315,92.91,0,2233,2441092,7200.04,5666.99,,758.7,,2.0,245.0,13.0,33.0,102.0,90.0,22.0,222.0,276.0,,154.0,17.0,,8,0,TIME_LIMIT,MIP,{'Threads': 4},/home/cgonzalez/mE-VRSPTW/src/Resultados/Restriccion_cota_global/logs/RC1-50/RC101-50.xml_log.log,1,,109.0,,,,,,,,,,,,"""src/Resultados/Restriccion cota global/logs/RC101-50.xml_log.log""",4,0,13.0.2,RC1-50,1285.0,130331.0,
linux64,2026-06-26 15:38:17,8,8,4,145136,90195,636090,0x914a4619,750,89010,78135,1.0,40000.0,1.0,80.0,1.0,2000.0,1.0,40000.0,5.34,102026,89760,496875,511.4,63040,114.33,0,2692,2785622,7200.24,5523.54,,554.9,,,,,,,,,,,,,,,8,0,TIME_LIMIT,MIP,{'Threads': 4},/home/cgonzalez/mE-VRSPTW/src/Resultados/Restriccion_cota_global/logs/RC1-50/RC102-50.xml_log.log,1,,,,,,,,,,,,,,"""src/Resultados/Restriccion cota global/logs/RC102-50.xml_log.log""",4,0,13.0.2,RC1-50,0.0,145136.0,
linux64,2026-06-26 19:38:55,8,8,4,148211,93270,666840,0xd0025823,750,92040,81165,1.0,40000.0,1.0,80.0,1.0,2000.0,1.0,40000.0,3.4,105236,92790,527490,474.7,44359,17.69,0,5338,3157305,7200.41,5693.45,,508.7,,6.0,168.0,32.0,212.0,27.0,65.0,22.0,504.0,210.0,,122.0,83.0,,8,0,TIME_LIMIT,MIP,{'Threads': 4},/home/cgonzalez/mE-VRSPTW/src/Resultados/Restriccion_cota_global/logs/RC1-50/RC103-50.xml_log.log,1,,145.0,,,,1.66,12.0,0.0,2.653433e-14,22.0,,,3.0,"""src/Resultados/Restriccion cota global/logs/RC103-50.xml_log.log""",4,0,13.0.2,RC1-50,1599.0,149810.0,
linux64,2026-06-26 23:39:26,8,8,4,150911,95970,693840,0x7ba08b63,750,94770,83895,1.0,40000.0,1.0,80.0,1.0,2000.0,1.0,40000.0,4.44,108146,95520,555120,464.1,45142,18.1,0,5204,2446411,7200.32,5954.11,,487.2,,,,,,,,,,,,,,,8,0,TIME_LIMIT,MIP,{'Threads': 4},/home/cgonzalez/mE-VRSPTW/src/Resultados/Restriccion_cota_global/logs/RC1-50/RC104-50.xml_log.log,1,,,,,,2.67,13.0,0.0,3.1585845e-13,24.0,,,,"""src/Resultados/Restriccion cota global/logs/RC104-50.xml_log.log""",4,0,13.0.2,RC1-50,0.0,150911.0,
linux64,2026-06-27 03:40:01,8,8,4,139460,86175,603450,0xffa45b9b,720,85110,74220,1.0,40000.0,1.0,80.0,1.0,2000.0,1.0,40000.0,2.94,97955,85830,470130,585.3,67896,136.16,0,5277,2550021,7200.15,5633.96,,624.1,,2.0,237.0,26.0,19.0,66.0,219.0,12.0,626.0,347.0,,130.0,41.0,,8,0,TIME_LIMIT,MIP,{'Threads': 4},/home/cgonzalez/mE-VRSPTW/src/Resultados/Restriccion_cota_global/logs/RC1-50/RC105-50.xml_log.log,1,1.0,138.0,,,,,,,,,,,1.0,"""src/Resultados/Restriccion cota global/logs/RC105-50.xml_log.log""",4,0,13.0.2,RC1-50,1865.0,141325.0,
linux64,2026-06-27 07:40:29,8,8,4,140041,86940,611940,0xa3cf4fe8,750,85845,74970,1.0,40000.0,1.0,80.0,1.0,2000.0,1.0,40000.0,3.41,98776,86595,479505,498.0,83962,76.22,0,5490,2721361,7200.09,6051.56,,549.5,,7.0,62.0,2.0,33.0,2.0,27.0,4.0,70.0,90.0,,119.0,5.0,,8,0,TIME_LIMIT,MIP,{'Threads': 4},/home/cgonzalez/mE-VRSPTW/src/Resultados/Restriccion_cota_global/logs/RC1-50/RC106-50.xml_log.log,1,,45.0,,,,,,,,,,,,"""src/Resultados/Restriccion cota global/logs/RC106-50.xml_log.log""",4,0,13.0.2,RC1-50,466.0,140507.0,
linux64,2026-06-27 11:41:07,8,8,4,144875,91590,657600,0xee5e771a,750,90495,79620,1.0,40000.0,1.0,80.0,1.0,2000.0,1.0,40000.0,5.1,103490,91245,524670,468.7,43747,13.8,0,1676,2435235,7200.16,5326.43,,489.5,,10.0,221.0,22.0,14.0,18.0,275.0,8.0,636.0,136.0,,138.0,266.0,,8,0,TIME_LIMIT,MIP,{'Threads': 4},/home/cgonzalez/mE-VRSPTW/src/Resultados/Restriccion_cota_global/logs/RC1-50/RC107-50.xml_log.log,1,,34.0,,,,1.58,12.0,0.0,1.8873791e-14,20.0,,,2.0,"""src/Resultados/Restriccion cota global/logs/RC107-50.xml_log.log""",4,0,13.0.2,RC1-50,1780.0,146655.0,
linux64,2026-06-27 15:41:44,8,8,4,147470,94185,683550,0xa7a5a214,750,93090,82215,1.0,40000.0,1.0,80.0,1.0,2000.0,1.0,40000.0,4.07,106235,93840,550890,460.7,43347,18.88,0,3035,2395934,7200.27,5739.31,,478.8,,13.0,175.0,56.0,23.0,20.0,425.0,34.0,701.0,43.0,,188.0,50.0,,8,0,TIME_LIMIT,MIP,{'Threads': 4},/home/cgonzalez/mE-VRSPTW/src/Resultados/Restriccion_cota_global/logs/RC1-50/RC108-50.xml_log.log,1,,119.0,,,,2.74,13.0,0.0,3.0420111e-14,24.0,,,1.0,"""src/Resultados/Restriccion cota global/logs/RC108-50.xml_log.log""",4,0,13.0.2,RC1-50,1848.0,149318.0,
linux64,2026-06-27 17:41:55,8,8,4,110806,64920,426435,0x2b91e340,330,64470,56295,1.0,200000.0,2.0,60.0,1.0,2000.0,1.0,200000.0,2.16,74026,64800,306210,325.3,35252,28.64,0,3170,3718391,7200.97,5615.19,536.3,350.3,0.346821,9.0,103.0,19.0,5.0,79.0,57.0,6.0,98.0,39.0,,50.0,14.0,,8,10,TIME_LIMIT,MIP,{'Threads': 4},/home/cgonzalez/mE-VRSPTW/src/Resultados/Restriccion_cota_global/logs/RC2-25/RC201-25.xml_log.log,1,,26.0,,,,,,,,,,,,"""src/Resultados/Restriccion cota global/logs/RC201-25.xml_log.log""",4,0,13.0.2,RC2-25,505.0,111311.0,34.6821
linux64,2026-06-27 21:42:36,8,8,4,114691,67425,445185,0x5b407683,375,66930,58800,1.0,200000.0,2.0,60.0,1.0,2000.0,1.0,200000.0,2.73,76636,67305,319965,291.2,35891,20.22,0,5425,3646261,7200.03,5566.64,459.0,321.4,0.299782,7.0,79.0,39.0,28.0,23.0,32.0,2.0,123.0,69.0,,69.0,25.0,,8,10,TIME_LIMIT,MIP,{'Threads': 4},/home/cgonzalez/mE-VRSPTW/src/Resultados/Restriccion_cota_global/logs/RC2-25/RC202-25.xml_log.log,1,,21.0,,,,,,,,,,,,"""src/Resultados/Restriccion cota global/logs/RC202-25.xml_log.log""",4,0,13.0.2,RC2-25,517.0,115208.0,29.9782
linux64,2026-06-28 01:43:16,8,8,4,115231,67965,450585,0x197a11eb,375,67470,59340,1.0,200000.0,2.0,60.0,1.0,2000.0,1.0,200000.0,1.9,77266,67845,324975,279.4,48417,26.66,0,7621,4224355,7200.08,6226.23,,289.8,,8.0,86.0,32.0,51.0,8.0,151.0,10.0,206.0,50.0,,33.0,58.0,,8,0,TIME_LIMIT,MIP,{'Threads': 4},/home/cgonzalez/mE-VRSPTW/src/Resultados/Restriccion_cota_global/logs/RC2-25/RC203-25.xml_log.log,1,1.0,28.0,,,,,,,,,,,,"""src/Resultados/Restriccion cota global/logs/RC203-25.xml_log.log""",4,0,13.0.2,RC2-25,722.0,115953.0,
linux64,2026-06-28 05:44:00,8,8,4,115486,68220,453135,0x1928be67,375,67725,59595,1.0,200000.0,2.0,60.0,1.0,2000.0,1.0,200000.0,2.65,77551,68100,327315,277.6,50965,33.51,0,8168,4005469,7200.15,5916.43,307.0,287.2,0.064495,9.0,63.0,35.0,36.0,1.0,35.0,6.0,181.0,28.0,,59.0,26.0,,8,10,TIME_LIMIT,MIP,{'Threads': 4},/home/cgonzalez/mE-VRSPTW/src/Resultados/Restriccion_cota_global/logs/RC2-25/RC204-25.xml_log.log,1,3.0,53.0,,,,,,,,,,,,"""src/Resultados/Restriccion cota global/logs/RC204-25.xml_log.log""",4,0,13.0.2,RC2-25,535.0,116021.0,6.4495
linux64,2026-06-28 09:44:44,8,8,4,113086,66510,439185,0xf72c861f,375,66015,57885,1.0,200000.0,2.0,60.0,1.0,2000.0,1.0,200000.0,2.49,75631,66390,316065,303.2,44977,24.62,0,3039,4811831,7200.05,7443.41,,322.8,,6.0,65.0,36.0,23.0,4.0,109.0,2.0,205.0,95.0,,71.0,36.0,,8,0,TIME_LIMIT,MIP,{'Threads': 4},/home/cgonzalez/mE-VRSPTW/src/Resultados/Restriccion_cota_global/logs/RC2-25/RC205-25.xml_log.log,1,,60.0,,,,,,,,,,,,"""src/Resultados/Restriccion cota global/logs/RC205-25.xml_log.log""",4,0,13.0.2,RC2-25,712.0,113798.0,
linux64,2026-06-28 13:45:21,8,8,4,111511,65625,433485,0x494b32db,375,65130,57000,1.0,200000.0,2.0,60.0,1.0,2000.0,1.0,200000.0,2.1,74731,65505,312540,302.5,48213,26.75,0,3167,3885947,7200.12,6004.09,441.0,316.4,0.28254,11.0,283.0,17.0,17.0,8.0,60.0,2.0,284.0,48.0,,85.0,28.0,,8,6,TIME_LIMIT,MIP,{'Threads': 4},/home/cgonzalez/mE-VRSPTW/src/Resultados/Restriccion_cota_global/logs/RC2-25/RC206-25.xml_log.log,1,,20.0,,,,,,,,,,,,"""src/Resultados/Restriccion cota global/logs/RC206-25.xml_log.log""",4,0,13.0.2,RC2-25,863.0,112374.0,28.254
linux64,2026-06-28 17:46:02,8,8,4,114005,67245,445695,0x2d20efb0,375,66750,58620,1.0,200000.0,2.0,60.0,1.0,2000.0,1.0,200000.0,2.7,76415,67125,321510,275.9,36749,17.99,0,20728,5972520,7203.94,9047.29,366.4,278.6,0.239629,5.0,17.0,31.0,,1.0,16.0,,1.0,,,34.0,6.0,,8,5,TIME_LIMIT,MIP,{'Threads': 4},/home/cgonzalez/mE-VRSPTW/src/Resultados/Restriccion_cota_global/logs/RC2-25/RC207-25.xml_log.log,1,1.0,,,,,,,,,,,,1.0,"""src/Resultados/Restriccion cota global/logs/RC207-25.xml_log.log""",4,0,13.0.2,RC2-25,113.0,114118.0,23.9629
linux64,2026-06-28 21:46:48,8,8,4,114697,67845,451275,0x51e9b531,375,67350,59220,1.0,200000.0,2.0,60.0,1.0,2000.0,1.0,200000.0,2.91,77047,67725,326370,271.3,44987,44.24,0,12222,3251540,7200.17,5810.11,294.5,278.9,0.052971000000000004,7.0,129.0,54.0,89.0,14.0,67.0,9.0,216.0,21.0,,142.0,31.0,,8,9,TIME_LIMIT,MIP,{'Threads': 4},/home/cgonzalez/mE-VRSPTW/src/Resultados/Restriccion_cota_global/logs/RC2-25/RC208-25.xml_log.log,1,,60.0,,,,,,,,,,,,"""src/Resultados/Restriccion cota global/logs/RC208-25.xml_log.log""",4,0,13.0.2,RC2-25,839.0,115536.0,5.2971
linux64,2026-06-27 19:42:22,8,8,4,227926,136185,928080,0x9ed5bd96,750,135240,118995,1.0,200000.0,1.0,80.0,1.0,2000.0,1.0,200000.0,5.11,154321,135990,676695,564.0,81038,19.83,0,3095,1820805,7200.15,6208.16,,650.4,,13.0,177.0,43.0,391.0,24.0,70.0,7.0,334.0,72.0,,114.0,55.0,,8,0,TIME_LIMIT,MIP,{'Threads': 4},/home/cgonzalez/mE-VRSPTW/src/Resultados/Restriccion_cota_global/logs/RC2-50/RC201-50.xml_log.log,1,3.0,21.0,,,,1.45,16.0,0.0,6.299115e-13,27.0,,,,"""src/Resultados/Restriccion cota global/logs/RC201-50.xml_log.log""",4,0,13.0.2,RC2-50,1324.0,229250.0,
linux64,2026-06-27 23:43:05,8,8,4,238381,143880,992430,0xb10e030c,750,142935,126690,1.0,200000.0,1.0,80.0,1.0,2000.0,1.0,200000.0,6.93,162226,143685,728175,511.4,81640,34.87,0,3648,2434840,7200.16,7515.38,,514.3,,3.0,1.0,37.0,,3.0,21.0,,1.0,,,70.0,3.0,,8,0,TIME_LIMIT,MIP,{'Threads': 4},/home/cgonzalez/mE-VRSPTW/src/Resultados/Restriccion_cota_global/logs/RC2-50/RC202-50.xml_log.log,1,,,,,,1.54,15.0,0.0,7.2164497e-15,44.0,,,,"""src/Resultados/Restriccion cota global/logs/RC202-50.xml_log.log""",4,0,13.0.2,RC2-50,139.0,238520.0,
linux64,2026-06-28 03:43:47,8,8,4,240766,146265,1016280,0x0a773d40,750,145320,129075,1.0,200000.0,1.0,80.0,1.0,2000.0,1.0,200000.0,5.66,164791,146070,749955,474.7,81540,49.6,0,7327,1960340,7200.26,7507.72,,478.2,,6.0,2.0,71.0,,13.0,26.0,2.0,,,,123.0,9.0,,8,0,TIME_LIMIT,MIP,{'Threads': 4},/home/cgonzalez/mE-VRSPTW/src/Resultados/Restriccion_cota_global/logs/RC2-50/RC203-50.xml_log.log,1,,,,,,1.56,14.0,0.0,9.4368957e-15,58.0,,,,"""src/Resultados/Restriccion cota global/logs/RC203-50.xml_log.log""",4,0,13.0.2,RC2-50,252.0,241018.0,
linux64,2026-06-28 07:44:30,8,8,4,242626,148125,1034880,0x34dcc1b0,750,147180,130935,1.0,200000.0,1.0,80.0,1.0,2000.0,1.0,200000.0,7.58,166831,147930,767025,464.1,81485,56.29,0,2034,2790369,7200.34,5421.9,,486.5,,17.0,193.0,91.0,1067.0,57.0,138.0,10.0,1842.0,69.0,,228.0,541.0,,8,0,TIME_LIMIT,MIP,{'Threads': 4},/home/cgonzalez/mE-VRSPTW/src/Resultados/Restriccion_cota_global/logs/RC2-50/RC204-50.xml_log.log,1,5.0,53.0,,,4.0,1.93,14.0,0.0,6.5702555e-12,67.0,,,,"""src/Resultados/Restriccion cota global/logs/RC204-50.xml_log.log""",4,0,13.0.2,RC2-50,4315.0,246941.0,
linux64,2026-06-28 11:45:11,8,8,4,233896,140775,967680,0xa42611a3,750,139830,123585,1.0,200000.0,1.0,80.0,1.0,2000.0,1.0,200000.0,5.31,158956,140580,708975,525.7,81570,45.18,0,5406,1825239,7200.09,6465.25,,547.6,,5.0,90.0,47.0,57.0,6.0,63.0,1.0,8.0,103.0,,129.0,22.0,,8,0,TIME_LIMIT,MIP,{'Threads': 4},/home/cgonzalez/mE-VRSPTW/src/Resultados/Restriccion_cota_global/logs/RC2-50/RC205-50.xml_log.log,1,,1.0,,,,1.55,15.0,0.0,6.1894934e-14,53.0,,,15.0,"""src/Resultados/Restriccion cota global/logs/RC205-50.xml_log.log""",4,0,13.0.2,RC2-50,547.0,234443.0,
linux64,2026-06-28 15:45:49,8,8,4,231108,139275,958560,0xf13ac5f9,750,138330,122085,1.0,200000.0,1.0,80.0,1.0,2000.0,1.0,200000.0,5.49,157428,139080,703875,519.0,79611,28.71,0,3411,1446319,7202.1,6807.26,,548.7,,17.0,181.0,58.0,34.0,7.0,150.0,17.0,164.0,112.0,,134.0,27.0,,8,0,TIME_LIMIT,MIP,{'Threads': 4},/home/cgonzalez/mE-VRSPTW/src/Resultados/Restriccion_cota_global/logs/RC2-50/RC206-50.xml_log.log,1,,26.0,,,,1.51,13.0,0.0,1.1145168e-11,36.0,,1.0,,"""src/Resultados/Restriccion cota global/logs/RC206-50.xml_log.log""",4,0,13.0.2,RC2-50,928.0,232036.0,
linux64,2026-06-28 19:46:35,8,8,4,237984,144495,1003200,0x5ad4a3cc,750,143550,127305,1.0,200000.0,1.0,80.0,1.0,2000.0,1.0,200000.0,5.95,162729,144300,740025,483.6,80737,28.28,0,5362,1799002,7200.08,6557.12,,499.7,,1.0,169.0,469.0,,339.0,352.0,18.0,22.0,86.0,,388.0,838.0,,8,0,TIME_LIMIT,MIP,{'Threads': 4},/home/cgonzalez/mE-VRSPTW/src/Resultados/Restriccion_cota_global/logs/RC2-50/RC207-50.xml_log.log,1,1.0,6.0,,,,1.51,13.0,0.0,5.7270855e-13,36.0,,,,"""src/Resultados/Restriccion cota global/logs/RC207-50.xml_log.log""",4,0,13.0.2,RC2-50,2689.0,240673.0,
linux64,2026-06-28 23:47:19,8,8,4,241198,147525,1032660,0x5f7874b0,750,146580,130335,1.0,200000.0,1.0,80.0,1.0,2000.0,1.0,200000.0,7.37,165808,147330,766215,460.7,82934,40.14,0,4053,2592441,7200.11,5469.15,,479.4,,13.0,93.0,81.0,78.0,51.0,89.0,5.0,315.0,32.0,,474.0,129.0,,8,0,TIME_LIMIT,MIP,{'Threads': 4},/home/cgonzalez/mE-VRSPTW/src/Resultados/Restriccion_cota_global/logs/RC2-50/RC208-50.xml_log.log,1,,92.0,,,,1.8,13.0,0.0,2.1815882e-14,49.0,,,,"""src/Resultados/Restriccion cota global/logs/RC208-50.xml_log.log""",4,0,13.0.2,RC2-50,1452.0,242650.0,
