Platform,Time,PhysicalCores,LogicalProcessors,Threads,NumConstrs,NumVars,NumNZs,Fingerprint,PresolvedNumConVars,PresolvedNumIntVars,PresolvedNumBinVars,MinCoeff,MaxCoeff,MinObjCoeff,MaxObjCoeff,MinBound,MaxBound,MinRHS,MaxRHS,PresolveTime,PresolvedNumConstrs,PresolvedNumVars,PresolvedNumNZs,RelaxObj,RelaxIterCount,RelaxTime,PreTreeSolutions,NodeCount,IterCount,Runtime,Work,ObjVal,ObjBound,MIPGap,Cuts: Learned,Cuts: Gomory,Cuts: Cover,Cuts: Implied bound,Cuts: Projected implied bound,Cuts: Clique,Cuts: MIR,Cuts: StrongCG,Cuts: Flow cover,Cuts: GUB cover,Cuts: Zero half,Cuts: Network,Cuts: RLT,Cuts: Relax-and-lift,Cuts: BQP,Cores,SolCount,Status,ModelType,ChangedParams,LogFilePath,LogNumber,Cuts: Mod-K,Cuts: Lift-and-project,OrderingTime,BarIterCount,PushPhasePInf,PushPhaseDInf,PushPhaseEndTime,Cuts: PSD,Cuts: Knapsack,Cuts: Mixing,Cuts: Inf proof,LogFile (Parameter),Threads (Parameter),Seed,Version,Group,TotalCuts,TotalInequalities,MIPGapPct
linux64,2026-07-08 16:51:19,8,8,4,125318,74985,544470,0x69407984,0,74865,64320,1.0,40000.0,1.0,60.0,1.0,2000.0,1.0,40000.0,3.47,85837,74865,380010,191.3,50246,54.3,0,12873,4116388,7201.6,8530.66,221.4,191.3,0.135953,174.0,5.0,1552.0,59.0,18.0,790.0,140.0,51.0,118.0,56.0,3.0,1.0,12.0,966.0,22.0,8,5,TIME_LIMIT,MIP,{'Threads': 4},/home/cgonzalez/mE-VRSPTW/src/Resultados/Restriccion_solo_cliques/logs/C1-25/C101-25.xml_log.log,1,,,,,,,,,,,,"""src/Resultados/Restriccion_solo_cliques/logs/C101-25.xml_log.log""",4,0,13.0.2,C1-25,3967.0,129285.0,13.595299999999998
linux64,2026-07-08 20:53:05,8,8,4,146487,88365,605115,0xb7379fc2,345,87900,77670,1.0,40000.0,1.0,60.0,1.0,2000.0,1.0,40000.0,4.61,99927,88245,454320,172.1,70663,70.38,0,14980,5787660,7200.44,7303.63,190.3,181.6,0.045717,,17.0,592.0,32.0,213.0,10.0,60.0,4.0,970.0,53.0,8.0,,38.0,105.0,,8,6,TIME_LIMIT,MIP,{'Threads': 4},/home/cgonzalez/mE-VRSPTW/src/Resultados/Restriccion_solo_cliques/logs/C1-25/C102-25.xml_log.log,1,,,,,,,,,,,,"""src/Resultados/Restriccion_solo_cliques/logs/C102-25.xml_log.log""",4,0,13.0.2,C1-25,2102.0,148589.0,4.5717
linux64,2026-07-09 00:55:00,8,8,4,149084,90870,629745,0xc59661c3,360,90390,80175,1.0,40000.0,1.0,60.0,1.0,2000.0,1.0,40000.0,5.96,102464,90750,481110,162.6,41549,35.69,0,4350,3000167,7200.15,6467.15,,175.2,,,8.0,100.0,38.0,142.0,27.0,41.0,4.0,707.0,119.0,26.0,,41.0,279.0,,8,0,TIME_LIMIT,MIP,{'Threads': 4},/home/cgonzalez/mE-VRSPTW/src/Resultados/Restriccion_solo_cliques/logs/C1-25/C103-25.xml_log.log,1,,,,,,,,,,,,"""src/Resultados/Restriccion_solo_cliques/logs/C103-25.xml_log.log""",4,0,13.0.2,C1-25,1532.0,150616.0,
linux64,2026-07-09 04:57:13,8,8,4,149984,91770,638745,0x7da80551,360,91290,81075,1.0,40000.0,1.0,60.0,1.0,2000.0,1.0,40000.0,7.27,103394,91650,490170,159.0,60040,55.53,0,5409,3099929,7200.02,5926.11,,169.2,,4.0,13.0,97.0,36.0,55.0,18.0,85.0,5.0,203.0,108.0,22.0,,35.0,77.0,,8,0,TIME_LIMIT,MIP,{'Threads': 4},/home/cgonzalez/mE-VRSPTW/src/Resultados/Restriccion_solo_cliques/logs/C1-25/C104-25.xml_log.log,1,1.0,,,,,,,,,,,"""src/Resultados/Restriccion_solo_cliques/logs/C104-25.xml_log.log""",4,0,13.0.2,C1-25,759.0,150743.0,
linux64,2026-07-09 08:58:00,8,8,4,128583,77085,522555,0x0a3d58f0,345,76620,66420,1.0,40000.0,1.0,60.0,1.0,2000.0,1.0,40000.0,2.53,87963,76965,394005,191.2,52634,51.45,0,28263,6675707,5445.45,5559.65,204.2,204.2,0.0,1.0,9.0,19.0,22.0,3.0,211.0,23.0,5.0,45.0,26.0,3.0,1.0,31.0,11.0,3.0,8,4,OPTIMAL,MIP,{'Threads': 4},/home/cgonzalez/mE-VRSPTW/src/Resultados/Restriccion_solo_cliques/logs/C1-25/C105-25.xml_log.log,1,,,,,,,,,,,,"""src/Resultados/Restriccion_solo_cliques/logs/C105-25.xml_log.log""",4,0,13.0.2,C1-25,413.0,128996.0,0.0
linux64,2026-07-09 12:30:09,8,8,4,127072,76005,551625,0x66eabcb7,30,75855,65340,1.0,40000.0,1.0,60.0,1.0,2000.0,1.0,40000.0,4.47,86873,75885,384450,191.3,49710,37.63,0,9683,4424181,7200.72,8268.95,221.4,191.3,0.135953,2.0,5.0,1553.0,8.0,,644.0,97.0,13.0,266.0,38.0,27.0,,2.0,226.0,,8,10,TIME_LIMIT,MIP,{'Threads': 4},/home/cgonzalez/mE-VRSPTW/src/Resultados/Restriccion_solo_cliques/logs/C1-25/C106-25.xml_log.log,1,,,,,,,,,,,,"""src/Resultados/Restriccion_solo_cliques/logs/C106-25.xml_log.log""",4,0,13.0.2,C1-25,2881.0,129953.0,13.595299999999998
linux64,2026-07-09 16:32:07,8,8,4,133152,79860,542115,0x3a0f49e7,375,79365,69165,1.0,40000.0,1.0,60.0,1.0,2000.0,1.0,40000.0,3.57,91227,79740,409320,191.2,53529,57.19,0,1,190061,305.37,169.22,191.3,191.3,0.0,,2.0,243.0,513.0,,134.0,226.0,8.0,12.0,4.0,2.0,,57.0,246.0,1.0,8,6,OPTIMAL,MIP,{'Threads': 4},/home/cgonzalez/mE-VRSPTW/src/Resultados/Restriccion_solo_cliques/logs/C1-25/C107-25.xml_log.log,1,,1.0,,,,,,,,,,"""src/Resultados/Restriccion_solo_cliques/logs/C107-25.xml_log.log""",4,0,13.0.2,C1-25,1449.0,134601.0,0.0
linux64,2026-07-09 17:40:27,8,8,4,135745,81855,559335,0x7af6d0fe,375,81360,71160,1.0,40000.0,1.0,60.0,1.0,2000.0,1.0,40000.0,3.54,93235,81735,424590,129.9,72337,64.74,0,18422,5172651,7200.62,8224.99,191.3,137.7,0.280188,,,21.0,80.0,,10.0,35.0,,,7.0,,,108.0,5.0,,8,8,TIME_LIMIT,MIP,{'Threads': 4},/home/cgonzalez/mE-VRSPTW/src/Resultados/Restriccion_solo_cliques/logs/C1-25/C108-25.xml_log.log,1,,,,,,,,,,,,"""src/Resultados/Restriccion_solo_cliques/logs/C108-25.xml_log.log""",4,0,13.0.2,C1-25,266.0,136011.0,28.0188
linux64,2026-07-09 21:42:34,8,8,4,145167,87735,601965,0xef003057,375,87240,77040,1.0,40000.0,1.0,60.0,1.0,2000.0,1.0,40000.0,6.69,99192,87615,455655,129.9,53652,47.97,0,20558,5623224,7200.64,8988.85,191.3,131.2,0.314166,,,3.0,40.0,,,22.0,,,3.0,1.0,,59.0,5.0,,8,8,TIME_LIMIT,MIP,{'Threads': 4},/home/cgonzalez/mE-VRSPTW/src/Resultados/Restriccion_solo_cliques/logs/C1-25/C109-25.xml_log.log,1,,,,,,,,,,,,"""src/Resultados/Restriccion_solo_cliques/logs/C109-25.xml_log.log""",4,0,13.0.2,C1-25,133.0,145300.0,31.4166
linux64,2026-07-08 18:52:19,8,8,4,292278,177240,2250450,0x9d9970df,0,177045,155910,1.0,40000.0,1.0,60.0,1.0,2000.0,1.0,40000.0,16.89,200078,177045,934590,361.2,99921,60.67,0,5127,1732352,7201.24,4954.02,,361.3,,,,,,,,,,,,,,,,,8,0,TIME_LIMIT,MIP,{'Threads': 4},/home/cgonzalez/mE-VRSPTW/src/Resultados/Restriccion_solo_cliques/logs/C1-50/C101-50.xml_log.log,1,,,5.68,14.0,0.0,7.0984885e-15,85.0,,,,,"""src/Resultados/Restriccion_solo_cliques/logs/C101-50.xml_log.log""",4,0,13.0.2,C1-50,0.0,292278.0,
linux64,2026-07-08 22:54:14,8,8,4,306704,190305,2647260,0xf963cb10,690,189420,168975,1.0,40000.0,1.0,60.0,1.0,2000.0,1.0,40000.0,17.39,213338,190110,1054710,302.5,96051,92.02,0,1253,1574271,7201.13,4529.33,,345.9,,,3.0,637.0,42.0,292.0,199.0,101.0,3.0,1035.0,143.0,8.0,,51.0,132.0,1.0,8,0,TIME_LIMIT,MIP,{'Threads': 4},/home/cgonzalez/mE-VRSPTW/src/Resultados/Restriccion_solo_cliques/logs/C1-50/C102-50.xml_log.log,1,,,9.03,15.0,0.0,9.0136232e-15,117.0,,,,,"""src/Resultados/Restriccion_solo_cliques/logs/C102-50.xml_log.log""",4,0,13.0.2,C1-50,2647.0,309351.0,
linux64,2026-07-09 02:56:08,8,8,4,316241,199725,2583030,0x29abf957,735,198795,178395,1.0,40000.0,1.0,60.0,1.0,2000.0,1.0,40000.0,21.3,222852,199530,1151025,281.8,102317,160.86,0,3740,1467316,7200.15,4894.56,,281.8,,2.0,4.0,460.0,352.0,,489.0,140.0,453.0,149.0,9.0,1.0,,342.0,110.0,1.0,8,0,TIME_LIMIT,MIP,{'Threads': 4},/home/cgonzalez/mE-VRSPTW/src/Resultados/Restriccion_solo_cliques/logs/C1-50/C103-50.xml_log.log,1,,,22.86,14.0,0.0,3.350098e-14,189.0,,,,,"""src/Resultados/Restriccion_solo_cliques/logs/C103-50.xml_log.log""",4,0,13.0.2,C1-50,2512.0,318753.0,
linux64,2026-07-09 06:57:48,8,8,4,322137,205740,1511205,0x37572861,735,204810,184410,1.0,40000.0,1.0,60.0,1.0,2000.0,1.0,40000.0,10.11,229047,205545,1211520,278.7,102144,196.97,0,5126,866515,7200.56,5593.76,,278.7,,,,,,,,,,,,,,,,,8,0,TIME_LIMIT,MIP,{'Threads': 4},/home/cgonzalez/mE-VRSPTW/src/Resultados/Restriccion_solo_cliques/logs/C1-50/C104-50.xml_log.log,1,,,13.64,15.0,0.0,5.495604e-14,194.0,,,,,"""src/Resultados/Restriccion_solo_cliques/logs/C104-50.xml_log.log""",4,0,13.0.2,C1-50,0.0,322137.0,
linux64,2026-07-09 10:29:21,8,8,4,294493,179595,1608510,0x1a7e327b,750,178650,158265,1.0,40000.0,1.0,60.0,1.0,2000.0,1.0,40000.0,9.6,202433,179400,961440,359.7,100147,86.51,0,4381,1931106,7203.5,4408.21,382.4,362.4,0.052301,,19.0,52.0,25.0,394.0,91.0,32.0,59.0,527.0,13.0,,,24.0,81.0,40.0,8,5,TIME_LIMIT,MIP,{'Threads': 4},/home/cgonzalez/mE-VRSPTW/src/Resultados/Restriccion_solo_cliques/logs/C1-50/C105-50.xml_log.log,1,1.0,,6.28,13.0,0.0,6.3837824e-15,99.0,,,,,"""src/Resultados/Restriccion_solo_cliques/logs/C105-50.xml_log.log""",4,0,13.0.2,C1-50,1358.0,295851.0,5.2301
linux64,2026-07-09 14:31:12,8,8,4,293370,178350,2149515,0x5f0f7174,690,177465,157020,1.0,40000.0,1.0,60.0,1.0,2000.0,1.0,40000.0,15.04,201188,178155,945390,359.8,98951,61.56,0,5299,743529,7200.33,4380.42,,359.8,,,1.0,368.0,140.0,,83.0,2363.0,34.0,1.0,,1.0,,146.0,6743.0,,8,0,TIME_LIMIT,MIP,{'Threads': 4},/home/cgonzalez/mE-VRSPTW/src/Resultados/Restriccion_solo_cliques/logs/C1-50/C106-50.xml_log.log,1,,,7.78,12.0,0.0,8.5209617e-15,81.0,,,,,"""src/Resultados/Restriccion_solo_cliques/logs/C106-50.xml_log.log""",4,0,13.0.2,C1-50,9880.0,303250.0,
linux64,2026-07-09 16:37:48,8,8,4,296453,181620,1277145,0x7d432982,750,180675,160290,1.0,40000.0,1.0,60.0,1.0,2000.0,1.0,40000.0,10.5,204458,181425,981720,359.7,99160,72.12,0,1047,845330,3736.67,2347.58,362.4,362.4,0.0,,,,,,,,,,,,,,,,8,4,OPTIMAL,MIP,{'Threads': 4},/home/cgonzalez/mE-VRSPTW/src/Resultados/Restriccion_solo_cliques/logs/C1-50/C107-50.xml_log.log,1,,,6.56,12.0,0.0,6.7307271e-15,86.0,,,,,"""src/Resultados/Restriccion_solo_cliques/logs/C107-50.xml_log.log""",4,0,13.0.2,C1-50,0.0,296453.0,0.0
linux64,2026-07-09 19:41:27,8,8,4,300473,185640,1317345,0x1792a502,750,184695,164310,1.0,40000.0,1.0,60.0,1.0,2000.0,1.0,40000.0,8.5,208478,185445,1021935,258.5,100033,100.91,0,3381,1188660,7201.55,5252.15,,258.9,,5.0,4.0,193.0,805.0,,490.0,174.0,1.0,7.0,6.0,2.0,,385.0,501.0,,8,0,TIME_LIMIT,MIP,{'Threads': 4},/home/cgonzalez/mE-VRSPTW/src/Resultados/Restriccion_solo_cliques/logs/C1-50/C108-50.xml_log.log,1,,,9.21,14.0,0.0,5.9396932e-15,114.0,,,,,"""src/Resultados/Restriccion_solo_cliques/logs/C108-50.xml_log.log""",4,0,13.0.2,C1-50,2573.0,303046.0,
linux64,2026-07-09 23:43:43,8,8,4,305663,190830,1369245,0xac271156,750,189885,169500,1.0,40000.0,1.0,60.0,1.0,2000.0,1.0,40000.0,12.63,213668,190635,1073805,254.7,100873,134.31,0,5211,1485102,7201.34,4426.48,,270.4,,,13.0,246.0,82.0,55.0,70.0,96.0,3.0,653.0,121.0,32.0,,89.0,63.0,,8,0,TIME_LIMIT,MIP,{'Threads': 4},/home/cgonzalez/mE-VRSPTW/src/Resultados/Restriccion_solo_cliques/logs/C1-50/C109-50.xml_log.log,1,,,12.58,12.0,0.0,3.8538617e-14,151.0,,,,,"""src/Resultados/Restriccion_solo_cliques/logs/C109-50.xml_log.log""",4,0,13.0.2,C1-50,1523.0,307186.0,
linux64,2026-07-10 01:45:16,8,8,4,355792,205320,1393890,0xe7a16e3a,300,204900,178500,1.0,100000.0,2.0,60.0,1.0,4000.0,1.0,100000.0,18.85,234519,205200,959625,232.3,132652,75.83,0,1149,1623353,7214.05,4944.35,301.6,232.3,0.22977499999999998,,,4500.0,563.0,,,2583.0,1.0,,,,,13.0,6088.0,,8,8,TIME_LIMIT,MIP,{'Threads': 4},/home/cgonzalez/mE-VRSPTW/src/Resultados/Restriccion_solo_cliques/logs/C2-25/C201-25.xml_log.log,1,,,1.54,19.0,0.0,1.8249291e-15,109.0,,,,,"""src/Resultados/Restriccion_solo_cliques/logs/C201-25.xml_log.log""",4,0,13.0.2,C2-25,13748.0,369540.0,22.9775
linux64,2026-07-10 05:49:13,8,8,4,374117,216975,1498770,0x9ad6c1d5,375,216480,190125,1.0,100000.0,2.0,60.0,1.0,4000.0,1.0,100000.0,12.23,246844,216855,1022760,211.4,138835,76.63,0,1065,1751842,7203.22,4208.25,299.2,219.4,0.266711,,10.0,22.0,23.0,380.0,1.0,35.0,5.0,421.0,33.0,52.0,,27.0,121.0,,8,9,TIME_LIMIT,MIP,{'Threads': 4},/home/cgonzalez/mE-VRSPTW/src/Resultados/Restriccion_solo_cliques/logs/C2-25/C202-25.xml_log.log,1,,,6.86,17.0,0.0,3.3445469e-15,95.0,,,,,"""src/Resultados/Restriccion_solo_cliques/logs/C202-25.xml_log.log""",4,0,13.0.2,C2-25,1130.0,375247.0,26.6711
linux64,2026-07-10 09:53:04,8,8,4,376581,219255,1538640,0x557b2b15,375,218760,192405,1.0,100000.0,2.0,60.0,1.0,4000.0,1.0,100000.0,17.62,249158,219135,1042095,206.1,139178,86.81,0,5557,1606616,7201.54,4684.0,327.7,207.5,0.36679900000000004,,1.0,,15.0,,,28.0,,,,,,51.0,9.0,,8,6,TIME_LIMIT,MIP,{'Threads': 4},/home/cgonzalez/mE-VRSPTW/src/Resultados/Restriccion_solo_cliques/logs/C2-25/C203-25.xml_log.log,1,,,6.46,15.0,0.0,1.047773e-14,113.0,,,,,"""src/Resultados/Restriccion_solo_cliques/logs/C203-25.xml_log.log""",4,0,13.0.2,C2-25,104.0,376685.0,36.6799
linux64,2026-07-10 13:57:37,8,8,4,377451,220125,1552875,0xd0e9bb02,375,219630,193275,1.0,100000.0,2.0,60.0,1.0,4000.0,1.0,100000.0,24.1,250073,220005,1050030,201.8,138464,117.87,0,1094,922546,7200.2,4404.34,,206.8,,,4.0,11.0,10.0,51.0,,8.0,17.0,100.0,4.0,,,17.0,117.0,,8,0,TIME_LIMIT,MIP,{'Threads': 4},/home/cgonzalez/mE-VRSPTW/src/Resultados/Restriccion_solo_cliques/logs/C2-25/C204-25.xml_log.log,1,,,13.37,14.0,0.0,7.7299278e-15,160.0,,,,,"""src/Resultados/Restriccion_solo_cliques/logs/C204-25.xml_log.log""",4,0,13.0.2,C2-25,339.0,377790.0,
linux64,2026-07-10 18:08:10,8,8,4,365142,210990,1440210,0xf3e72f6b,375,210495,184140,1.0,100000.0,2.0,60.0,1.0,4000.0,1.0,100000.0,15.85,240719,210870,988245,211.0,132748,96.77,0,4844,1064379,7207.19,3970.8,452.3,218.6,0.5166919999999999,,17.0,23.0,41.0,26.0,,25.0,,3808.0,6.0,2.0,,39.0,218.0,,8,1,TIME_LIMIT,MIP,{'Threads': 4},/home/cgonzalez/mE-VRSPTW/src/Resultados/Restriccion_solo_cliques/logs/C2-25/C205-25.xml_log.log,1,,,2.78,14.0,0.0,5.3013149e-15,121.0,,,,,"""src/Resultados/Restriccion_solo_cliques/logs/C205-25.xml_log.log""",4,0,13.0.2,C2-25,4205.0,369347.0,51.66919999999999
linux64,2026-07-10 22:14:06,8,8,4,372557,215415,1474890,0x221f98d5,375,214920,188565,1.0,100000.0,2.0,60.0,1.0,4000.0,1.0,100000.0,24.42,245224,215295,1008600,207.6,139466,124.25,0,1081,1627112,7203.91,3932.5,294.8,211.0000198715,0.28425999999999996,,4.0,52.0,130.0,,4.0,42.0,,67.0,16.0,,,70.0,60.0,,8,10,TIME_LIMIT,MIP,{'Threads': 4},/home/cgonzalez/mE-VRSPTW/src/Resultados/Restriccion_solo_cliques/logs/C2-25/C206-25.xml_log.log,1,,5.0,5.64,17.0,0.0,1.2628787e-15,164.0,,,,,"""src/Resultados/Restriccion_solo_cliques/logs/C206-25.xml_log.log""",4,0,13.0.2,C2-25,450.0,373007.0,28.425999999999995
linux64,2026-07-11 02:19:30,8,8,4,373727,216585,1494840,0xa455d008,375,216090,189735,1.0,100000.0,2.0,60.0,1.0,4000.0,1.0,100000.0,30.28,246439,216465,1019190,200.5,136017,230.58,0,894,1335485,7207.67,4120.46,435.9,211.0,0.515944,,,77.0,6195.0,,33.0,1947.0,39.0,16.0,6.0,3.0,,188.0,2912.0,,8,8,TIME_LIMIT,MIP,{'Threads': 4},/home/cgonzalez/mE-VRSPTW/src/Resultados/Restriccion_solo_cliques/logs/C2-25/C207-25.xml_log.log,1,,,21.11,15.0,0.0,4.4547699e-15,287.0,,,,,"""src/Resultados/Restriccion_solo_cliques/logs/C207-25.xml_log.log""",4,0,13.0.2,C2-25,11416.0,385143.0,51.59439999999999
linux64,2026-07-11 06:24:21,8,8,4,373052,215910,1482870,0xf53d0262,375,215415,189060,1.0,100000.0,2.0,60.0,1.0,4000.0,1.0,100000.0,19.65,245734,215790,1013100,201.9,140110,122.6,0,2797,917640,7200.31,4673.81,,209.4,,,15.0,64.0,105.0,299.0,10.0,61.0,6.0,700.0,52.0,34.0,,12.0,113.0,,8,0,TIME_LIMIT,MIP,{'Threads': 4},/home/cgonzalez/mE-VRSPTW/src/Resultados/Restriccion_solo_cliques/logs/C2-25/C208-25.xml_log.log,1,,,3.52,15.0,0.0,3.5110803e-15,133.0,,,,,"""src/Resultados/Restriccion_solo_cliques/logs/C208-25.xml_log.log""",4,0,13.0.2,C2-25,1471.0,374523.0,
linux64,2026-07-10 03:47:19,8,8,4,375178,223845,2169420,0x0a47da27,735,222990,196635,1.0,100000.0,2.0,60.0,1.0,4000.0,1.0,100000.0,23.54,253009,223725,1141500,377.8,133853,141.04,0,858,1567487,7202.26,4549.04,,377.8,,1.0,,674.0,5.0,,459.0,31.0,,,,2.0,,99.0,103.0,,8,0,TIME_LIMIT,MIP,{'Threads': 4},/home/cgonzalez/mE-VRSPTW/src/Resultados/Restriccion_solo_cliques/logs/C2-50/C201-50.xml_log.log,1,,,8.87,19.0,0.0,2.7782637e-13,172.0,,,,,"""src/Resultados/Restriccion_solo_cliques/logs/C201-50.xml_log.log""",4,0,13.0.2,C2-50,1374.0,376552.0,
linux64,2026-07-10 07:51:10,8,8,4,400870,242775,2479710,0x8a692ea4,750,241905,215550,1.0,100000.0,2.0,60.0,1.0,4000.0,1.0,100000.0,24.28,272776,242655,1280040,354.8,132027,141.86,0,1612,1446270,7201.17,4653.4,,354.8,,,6.0,463.0,397.0,,497.0,2033.0,175.0,8.0,3.0,6.0,,146.0,463.0,39.0,8,0,TIME_LIMIT,MIP,{'Threads': 4},/home/cgonzalez/mE-VRSPTW/src/Resultados/Restriccion_solo_cliques/logs/C2-50/C202-50.xml_log.log,1,,,14.58,13.0,0.0,8.3016927e-14,175.0,12.0,,,,"""src/Resultados/Restriccion_solo_cliques/logs/C202-50.xml_log.log""",4,0,13.0.2,C2-50,4248.0,405118.0,
linux64,2026-07-10 11:55:10,8,8,4,408162,249975,2686335,0x0ecf6340,750,249105,222750,1.0,100000.0,2.0,60.0,1.0,4000.0,1.0,100000.0,28.3,280083,249855,1351410,333.5,141224,224.92,0,2386,1464279,7204.1,3932.93,,333.5,,,3.0,174.0,685.0,,378.0,576.0,,,5.0,,,239.0,311.0,63.0,8,0,TIME_LIMIT,MIP,{'Threads': 4},/home/cgonzalez/mE-VRSPTW/src/Resultados/Restriccion_solo_cliques/logs/C2-50/C203-50.xml_log.log,1,,,17.65,14.0,0.0,5.6135652e-15,262.0,,,,,"""src/Resultados/Restriccion_solo_cliques/logs/C203-50.xml_log.log""",4,0,13.0.2,C2-50,2434.0,410596.0,
linux64,2026-07-10 15:59:34,8,8,4,413112,254925,2811060,0x67b1c0c8,750,254055,227700,1.0,100000.0,2.0,60.0,1.0,4000.0,1.0,100000.0,22.9,285243,254805,1401315,324.7,140833,221.16,0,1021,1190355,7526.5,3139.67,,324.7,,,6.0,54.0,201.0,,337.0,545.0,,,6.0,4.0,,318.0,134.0,,8,0,TIME_LIMIT,MIP,{'Threads': 4},/home/cgonzalez/mE-VRSPTW/src/Resultados/Restriccion_solo_cliques/logs/C2-50/C204-50.xml_log.log,1,,3.0,27.38,13.0,0.0,5.9952043e-14,252.0,,,,,"""src/Resultados/Restriccion_solo_cliques/logs/C204-50.xml_log.log""",4,0,13.0.2,C2-50,1608.0,414720.0,
linux64,2026-07-10 20:10:30,8,8,4,386223,231210,2278770,0xfeea45f8,750,230340,203985,1.0,100000.0,2.0,60.0,1.0,4000.0,1.0,100000.0,30.77,260994,231090,1188105,348.4,133824,156.4,0,3285,1248640,7285.07,5065.68,,348.4,,,6.0,189.0,670.0,,870.0,659.0,1.0,1.0,2.0,3.0,,196.0,568.0,,8,0,TIME_LIMIT,MIP,{'Threads': 4},/home/cgonzalez/mE-VRSPTW/src/Resultados/Restriccion_solo_cliques/logs/C2-50/C205-50.xml_log.log,1,,,12.33,16.0,0.0,5.8703042e-15,199.0,,,,,"""src/Resultados/Restriccion_solo_cliques/logs/C205-50.xml_log.log""",4,0,13.0.2,C2-50,3165.0,389388.0,
linux64,2026-07-11 00:16:21,8,8,4,395003,237000,2361840,0xc8b78de0,750,236130,209775,1.0,100000.0,2.0,60.0,1.0,4000.0,1.0,100000.0,34.32,266864,236880,1222635,345.8,140946,256.72,0,2959,1350148,7209.14,4003.29,,345.8,,,7.0,55.0,267.0,,515.0,1320.0,,2.0,4.0,,,224.0,488.0,,8,0,TIME_LIMIT,MIP,{'Threads': 4},/home/cgonzalez/mE-VRSPTW/src/Resultados/Restriccion_solo_cliques/logs/C2-50/C206-50.xml_log.log,1,,,11.49,15.0,0.0,3.6359804e-15,306.0,,,,,"""src/Resultados/Restriccion_solo_cliques/logs/C206-50.xml_log.log""",4,0,13.0.2,C2-50,2882.0,397885.0,
linux64,2026-07-11 04:22:13,8,8,4,398768,240765,2473860,0xc0d6bcae,750,239895,213540,1.0,100000.0,2.0,60.0,1.0,4000.0,1.0,100000.0,25.8,270674,240645,1260360,344.2,140331,198.88,0,1,1503688,7200.04,3205.26,,353.8,,,2.0,86.0,2180.0,,582.0,966.0,5.0,2.0,15.0,5.0,,359.0,942.0,1.0,8,0,TIME_LIMIT,MIP,{'Threads': 4},/home/cgonzalez/mE-VRSPTW/src/Resultados/Restriccion_solo_cliques/logs/C2-50/C207-50.xml_log.log,1,,,16.62,14.0,0.0,1.1060597e-14,234.0,,,,,"""src/Resultados/Restriccion_solo_cliques/logs/C207-50.xml_log.log""",4,0,13.0.2,C2-50,5145.0,403913.0,
linux64,2026-07-11 08:26:28,8,8,4,396518,238515,2403585,0x17383682,750,237645,211290,1.0,100000.0,2.0,60.0,1.0,4000.0,1.0,100000.0,17.48,268394,238395,1237830,344.1,135915,123.21,0,19,1421906,7200.32,3393.23,,354.0,,,,85.0,6125.0,,404.0,215.0,7.0,30.0,21.0,3.0,,242.0,3292.0,,8,0,TIME_LIMIT,MIP,{'Threads': 4},/home/cgonzalez/mE-VRSPTW/src/Resultados/Restriccion_solo_cliques/logs/C2-50/C208-50.xml_log.log,1,,,10.12,14.0,0.0,4.1702752e-14,147.0,,,,,"""src/Resultados/Restriccion_solo_cliques/logs/C208-50.xml_log.log""",4,0,13.0.2,C2-50,10424.0,406942.0,
linux64,2026-07-11 10:27:41,8,8,4,96527,57015,552810,0x645fcadc,0,56775,48525,1.0,40000.0,7.0,60.0,1.0,2000.0,1.0,40000.0,2.81,65108,56775,275865,617.1,51468,99.43,0,4665,6114165,7200.35,8140.74,,617.1,,,3.0,855.0,10.0,,279.0,226.0,259.0,497.0,570.0,24.0,,16.0,392.0,5.0,8,0,TIME_LIMIT,MIP,{'Threads': 4},/home/cgonzalez/mE-VRSPTW/src/Resultados/Restriccion_solo_cliques/logs/R1-25/R101-25.xml_log.log,1,,,,,,,,,,,,"""src/Resultados/Restriccion_solo_cliques/logs/R101-25.xml_log.log""",4,0,13.0.2,R1-25,3136.0,99663.0,
linux64,2026-07-11 14:29:17,8,8,4,111241,67245,688845,0x2d00f1c5,375,66720,58785,1.0,40000.0,7.0,60.0,1.0,2000.0,1.0,40000.0,3.69,76142,67095,334950,461.2,48581,45.43,0,3980,3412216,7205.27,5183.6,571.5,507.1,0.112686,,1.0,288.0,46.0,110.0,44.0,30.0,7.0,147.0,206.0,96.0,,33.0,35.0,,8,4,TIME_LIMIT,MIP,{'Threads': 4},/home/cgonzalez/mE-VRSPTW/src/Resultados/Restriccion_solo_cliques/logs/R1-25/R102-25.xml_log.log,1,,,,,,,,,1.0,,,"""src/Resultados/Restriccion_solo_cliques/logs/R102-25.xml_log.log""",4,0,13.0.2,R1-25,1044.0,112285.0,11.2686
linux64,2026-07-11 18:31:49,8,8,4,112928,69000,602190,0x2c762bfb,375,68475,60540,1.0,40000.0,7.0,60.0,1.0,2000.0,1.0,40000.0,5.43,77942,68850,352470,363.8,61196,70.21,0,6103,4815118,7200.08,8822.2,,368.9,,,1.0,20.0,16.0,,1.0,3.0,,3.0,12.0,,,40.0,13.0,,8,0,TIME_LIMIT,MIP,{'Threads': 4},/home/cgonzalez/mE-VRSPTW/src/Resultados/Restriccion_solo_cliques/logs/R1-25/R103-25.xml_log.log,1,,,,,,,,,,,,"""src/Resultados/Restriccion_solo_cliques/logs/R103-25.xml_log.log""",4,0,13.0.2,R1-25,109.0,113037.0,
linux64,2026-07-11 22:34:35,8,8,4,115616,70860,646215,0xcc241a83,375,70305,62370,1.0,40000.0,7.0,60.0,1.0,2000.0,1.0,40000.0,6.73,79850,70680,364410,352.8,32600,32.31,0,7620,3996759,7200.48,9139.15,535.4,358.9,0.32966,,,33.0,51.0,,3.0,8.0,,3.0,29.0,,,74.0,22.0,,8,1,TIME_LIMIT,MIP,{'Threads': 4},/home/cgonzalez/mE-VRSPTW/src/Resultados/Restriccion_solo_cliques/logs/R1-25/R104-25.xml_log.log,1,,,,,,,,,,,,"""src/Resultados/Restriccion_solo_cliques/logs/R104-25.xml_log.log""",4,0,13.0.2,R1-25,223.0,115839.0,32.966
linux64,2026-07-12 02:37:38,8,8,4,101082,60330,461580,0xd1fbc3ec,210,59910,51855,1.0,40000.0,7.0,60.0,1.0,2000.0,1.0,40000.0,3.35,68558,60120,297345,452.2,51516,54.26,0,5246,3797982,7202.35,5079.89,,516.7,,,2.0,68.0,31.0,509.0,1.0,28.0,3.0,858.0,233.0,109.0,,71.0,305.0,1.0,8,0,TIME_LIMIT,MIP,{'Threads': 4},/home/cgonzalez/mE-VRSPTW/src/Resultados/Restriccion_solo_cliques/logs/R1-25/R105-25.xml_log.log,1,,,,,,,,,,,,"""src/Resultados/Restriccion_solo_cliques/logs/R105-25.xml_log.log""",4,0,13.0.2,R1-25,2219.0,103301.0,
linux64,2026-07-12 06:40:25,8,8,4,112035,68100,606900,0x802fb174,375,67575,59640,1.0,40000.0,7.0,60.0,1.0,2000.0,1.0,40000.0,4.12,76997,67950,343380,378.7,63603,40.0,0,4392,4318351,7200.07,9128.06,,394.7,,,,14.0,17.0,,2.0,1.0,,2.0,,,,13.0,1.0,,8,0,TIME_LIMIT,MIP,{'Threads': 4},/home/cgonzalez/mE-VRSPTW/src/Resultados/Restriccion_solo_cliques/logs/R1-25/R106-25.xml_log.log,1,,,,,,,,,,,,"""src/Resultados/Restriccion_solo_cliques/logs/R106-25.xml_log.log""",4,0,13.0.2,R1-25,50.0,112085.0,
linux64,2026-07-12 10:42:53,8,8,4,113415,69480,641415,0x9e07e62f,375,68955,61020,1.0,40000.0,7.0,60.0,1.0,2000.0,1.0,40000.0,12.07,78422,69330,357270,354.5,33659,26.97,0,9646,5773138,7200.14,8929.93,,363.6,,,1.0,20.0,14.0,,11.0,8.0,1.0,5.0,7.0,,,34.0,8.0,,8,0,TIME_LIMIT,MIP,{'Threads': 4},/home/cgonzalez/mE-VRSPTW/src/Resultados/Restriccion_solo_cliques/logs/R1-25/R107-25.xml_log.log,1,,,,,,,,,,,,"""src/Resultados/Restriccion_solo_cliques/logs/R107-25.xml_log.log""",4,0,13.0.2,R1-25,109.0,113524.0,
linux64,2026-07-12 14:45:23,8,8,4,115965,71205,656355,0x1c8e53d3,375,70665,62730,1.0,40000.0,7.0,60.0,1.0,2000.0,1.0,40000.0,3.52,80210,71040,368010,343.6,49742,41.37,0,12377,5091405,7200.36,8614.72,538.9,357.6,0.336426,,2.0,33.0,50.0,,13.0,14.0,,1.0,14.0,,,72.0,10.0,,8,5,TIME_LIMIT,MIP,{'Threads': 4},/home/cgonzalez/mE-VRSPTW/src/Resultados/Restriccion_solo_cliques/logs/R1-25/R108-25.xml_log.log,1,,,,,,,,,,,,"""src/Resultados/Restriccion_solo_cliques/logs/R108-25.xml_log.log""",4,0,13.0.2,R1-25,209.0,116174.0,33.6426
linux64,2026-07-12 18:48:22,8,8,4,108609,65505,552990,0x29f3d918,375,64935,57000,1.0,40000.0,7.0,60.0,1.0,2000.0,1.0,40000.0,4.12,74294,65310,330015,374.7,38721,28.12,0,3979,2664427,7200.51,5001.27,486.3,405.1,0.166975,,,,,,,,,,,,,,,,8,9,TIME_LIMIT,MIP,{'Threads': 4},/home/cgonzalez/mE-VRSPTW/src/Resultados/Restriccion_solo_cliques/logs/R1-25/R109-25.xml_log.log,1,,,,,,,,,,,,"""src/Resultados/Restriccion_solo_cliques/logs/R109-25.xml_log.log""",4,0,13.0.2,R1-25,0.0,108609.0,16.6975
linux64,2026-07-12 22:51:20,8,8,4,114060,69300,608595,0x0ead6c6a,375,68745,60810,1.0,40000.0,7.0,60.0,1.0,2000.0,1.0,40000.0,3.91,78170,69120,353175,344.7,50193,42.42,0,4857,4315868,7200.19,8567.55,,350.1,,,,27.0,55.0,,7.0,36.0,,8.0,10.0,,,75.0,10.0,,8,0,TIME_LIMIT,MIP,{'Threads': 4},/home/cgonzalez/mE-VRSPTW/src/Resultados/Restriccion_solo_cliques/logs/R1-25/R110-25.xml_log.log,1,,,,,,,,,,,,"""src/Resultados/Restriccion_solo_cliques/logs/R110-25.xml_log.log""",4,0,13.0.2,R1-25,228.0,114288.0,
linux64,2026-07-13 02:54:13,8,8,4,112506,68850,623715,0x1eeed861,375,68310,60375,1.0,40000.0,7.0,60.0,1.0,2000.0,1.0,40000.0,4.64,77726,68685,355050,354.5,60237,65.44,0,2723,3292250,7206.07,5235.25,479.6,393.6,0.179316,,2.0,208.0,20.0,32.0,27.0,84.0,3.0,143.0,195.0,63.0,,60.0,30.0,,8,10,TIME_LIMIT,MIP,{'Threads': 4},/home/cgonzalez/mE-VRSPTW/src/Resultados/Restriccion_solo_cliques/logs/R1-25/R111-25.xml_log.log,1,,,,,,,,,,,,"""src/Resultados/Restriccion_solo_cliques/logs/R111-25.xml_log.log""",4,0,13.0.2,R1-25,867.0,113373.0,17.9316
linux64,2026-07-13 06:56:37,8,8,4,116460,71700,667920,0x1eede40e,375,71190,63255,1.0,40000.0,7.0,60.0,1.0,2000.0,1.0,40000.0,4.3,80630,71565,370470,343.6,54393,39.34,0,8935,3699059,7200.39,8010.43,431.2,356.1,0.174165,1.0,26.0,93.0,46.0,79.0,33.0,54.0,7.0,122.0,15.0,54.0,,107.0,46.0,,8,10,TIME_LIMIT,MIP,{'Threads': 4},/home/cgonzalez/mE-VRSPTW/src/Resultados/Restriccion_solo_cliques/logs/R1-25/R112-25.xml_log.log,1,,,,,,,,,1.0,,,"""src/Resultados/Restriccion_solo_cliques/logs/R112-25.xml_log.log""",4,0,13.0.2,R1-25,684.0,117144.0,17.4165
linux64,2026-07-11 12:28:22,8,8,4,197913,118740,2320470,0x839729b7,0,118230,101715,1.0,40000.0,5.0,60.0,1.0,2000.0,1.0,40000.0,8.32,133575,118230,598230,1031.2,63476,26.98,0,242,1467267,7200.24,5463.98,,1039.8,,82.0,1.0,1486.0,592.0,,812.0,446.0,57.0,131.0,1.0,32.0,,70.0,547.0,203.0,8,0,TIME_LIMIT,MIP,{'Threads': 4},/home/cgonzalez/mE-VRSPTW/src/Resultados/Restriccion_solo_cliques/logs/R1-50/R101-50.xml_log.log,1,,,1.4,22.0,0.0,1.650069e-14,37.0,103.0,,,,"""src/Resultados/Restriccion_solo_cliques/logs/R101-50.xml_log.log""",4,0,13.0.2,R1-50,4563.0,202476.0,
linux64,2026-07-11 16:30:45,8,8,4,236745,146910,3485430,0xed7bc0e5,750,145665,129810,1.0,40000.0,5.0,60.0,1.0,2000.0,1.0,40000.0,15.0,164514,146415,799830,719.5,68526,41.83,0,495,1287715,7200.41,5765.96,,762.1,,,,70.0,319.0,,330.0,104.0,11.0,17.0,30.0,32.0,,163.0,249.0,1.0,8,0,TIME_LIMIT,MIP,{'Threads': 4},/home/cgonzalez/mE-VRSPTW/src/Resultados/Restriccion_solo_cliques/logs/R1-50/R102-50.xml_log.log,1,,,3.42,13.0,0.0,9.7227781e-14,60.0,,,,,"""src/Resultados/Restriccion_solo_cliques/logs/R102-50.xml_log.log""",4,0,13.0.2,R1-50,1326.0,238071.0,
linux64,2026-07-11 20:33:07,8,8,4,249750,157275,3657840,0x2a82a7d4,750,156090,140235,1.0,40000.0,5.0,60.0,1.0,2000.0,1.0,40000.0,15.2,175104,156840,876885,572.9,70050,54.1,0,238,1153705,7201.62,5220.89,,631.9,,2.0,,124.0,1897.0,,126.0,1314.0,23.0,14.0,300.0,1.0,,56.0,1818.0,,8,0,TIME_LIMIT,MIP,{'Threads': 4},/home/cgonzalez/mE-VRSPTW/src/Resultados/Restriccion_solo_cliques/logs/R1-50/R103-50.xml_log.log,1,,,3.04,14.0,0.0,3.4389158e-14,72.0,,,,,"""src/Resultados/Restriccion_solo_cliques/logs/R103-50.xml_log.log""",4,0,13.0.2,R1-50,5675.0,255425.0,
linux64,2026-07-12 00:36:20,8,8,4,257677,164220,3189225,0xe94885ec,750,163110,147255,1.0,40000.0,4.0,60.0,1.0,2000.0,1.0,40000.0,22.57,182283,163860,931245,502.9,72506,69.81,0,4968,1821205,7200.51,4766.89,,522.3,,1.0,10.0,396.0,126.0,72.0,209.0,165.0,10.0,457.0,160.0,73.0,,114.0,148.0,10.0,8,0,TIME_LIMIT,MIP,{'Threads': 4},/home/cgonzalez/mE-VRSPTW/src/Resultados/Restriccion_solo_cliques/logs/R1-50/R104-50.xml_log.log,1,,,6.34,13.0,0.0,2.7616798e-14,98.0,,,,,"""src/Resultados/Restriccion_solo_cliques/logs/R104-50.xml_log.log""",4,0,13.0.2,R1-50,1951.0,259628.0,
linux64,2026-07-12 04:39:03,8,8,4,208397,126855,1613145,0x0979c07e,570,125835,109845,1.0,40000.0,4.0,60.0,1.0,2000.0,1.0,40000.0,12.68,142770,126405,660360,804.7,64824,25.63,0,601,1165080,7200.43,4768.25,,849.2,,,,193.0,5020.0,,1142.0,839.0,7.0,27.0,105.0,9.0,,286.0,11522.0,,8,0,TIME_LIMIT,MIP,{'Threads': 4},/home/cgonzalez/mE-VRSPTW/src/Resultados/Restriccion_solo_cliques/logs/R1-50/R105-50.xml_log.log,1,,,1.78,18.0,0.0,3.5849489e-12,41.0,,,,,"""src/Resultados/Restriccion_solo_cliques/logs/R105-50.xml_log.log""",4,0,13.0.2,R1-50,19150.0,227547.0,
linux64,2026-07-12 08:41:33,8,8,4,239410,149850,2395800,0xc72e2684,750,148695,132840,1.0,40000.0,4.0,60.0,1.0,2000.0,1.0,40000.0,15.49,167544,149445,826875,562.7,69686,34.14,0,770,1133275,7200.68,5028.35,,599.5,,,,225.0,1852.0,,797.0,296.0,31.0,57.0,16.0,5.0,,275.0,2150.0,,8,0,TIME_LIMIT,MIP,{'Threads': 4},/home/cgonzalez/mE-VRSPTW/src/Resultados/Restriccion_solo_cliques/logs/R1-50/R106-50.xml_log.log,1,,,2.35,16.0,0.0,3.5527137e-14,52.0,,,,,"""src/Resultados/Restriccion_solo_cliques/logs/R106-50.xml_log.log""",4,0,13.0.2,R1-50,5704.0,245114.0,
linux64,2026-07-12 12:44:06,8,8,4,251480,159165,2614410,0xfc46e52a,750,158025,142170,1.0,40000.0,4.0,60.0,1.0,2000.0,1.0,40000.0,15.18,177039,158775,895395,499.8,72140,45.46,0,579,1056974,7200.66,5855.64,,519.4,,,5.0,238.0,2941.0,,713.0,381.0,17.0,108.0,12.0,9.0,,350.0,3483.0,,8,0,TIME_LIMIT,MIP,{'Threads': 4},/home/cgonzalez/mE-VRSPTW/src/Resultados/Restriccion_solo_cliques/logs/R1-50/R107-50.xml_log.log,1,,2.0,2.77,13.0,0.0,1.2073675e-14,64.0,,,,,"""src/Resultados/Restriccion_solo_cliques/logs/R107-50.xml_log.log""",4,0,13.0.2,R1-50,8259.0,259739.0,
linux64,2026-07-12 16:47:03,8,8,4,258308,164895,2760375,0x5ba84b5c,750,163785,147930,1.0,40000.0,4.0,60.0,1.0,2000.0,1.0,40000.0,18.39,182958,164535,937995,476.4,72517,63.35,0,1298,1170443,7200.17,4559.79,,494.3,,,2.0,112.0,1245.0,,462.0,271.0,12.0,33.0,13.0,6.0,,347.0,1486.0,,8,0,TIME_LIMIT,MIP,{'Threads': 4},/home/cgonzalez/mE-VRSPTW/src/Resultados/Restriccion_solo_cliques/logs/R1-50/R108-50.xml_log.log,1,,,5.88,13.0,0.0,2.239875e-14,86.0,,,,,"""src/Resultados/Restriccion_solo_cliques/logs/R108-50.xml_log.log""",4,0,13.0.2,R1-50,3989.0,262297.0,
linux64,2026-07-12 20:50:04,8,8,4,227252,141015,2008620,0x895ae364,750,139830,123975,1.0,40000.0,4.0,60.0,1.0,2000.0,1.0,40000.0,11.88,158517,140580,771915,571.3,67160,45.96,0,1195,1305362,7201.01,5224.27,,640.4,,,8.0,207.0,49.0,63.0,74.0,188.0,17.0,343.0,182.0,46.0,,143.0,58.0,,8,0,TIME_LIMIT,MIP,{'Threads': 4},/home/cgonzalez/mE-VRSPTW/src/Resultados/Restriccion_solo_cliques/logs/R1-50/R109-50.xml_log.log,1,,,3.9,14.0,0.0,5.6982197e-14,61.0,,,1.0,,"""src/Resultados/Restriccion_solo_cliques/logs/R109-50.xml_log.log""",4,0,13.0.2,R1-50,1379.0,228631.0,
linux64,2026-07-13 00:52:59,8,8,4,241634,152085,2373015,0x616d543e,750,150930,135075,1.0,40000.0,4.0,60.0,1.0,2000.0,1.0,40000.0,16.07,169734,151680,851115,499.0,69488,58.68,0,604,618172,7201.04,5735.1,,527.8,,6.0,5.0,178.0,2779.0,,844.0,237.0,20.0,26.0,25.0,3.0,,420.0,5040.0,3.0,8,0,TIME_LIMIT,MIP,{'Threads': 4},/home/cgonzalez/mE-VRSPTW/src/Resultados/Restriccion_solo_cliques/logs/R1-50/R110-50.xml_log.log,1,,,5.91,13.0,0.0,1.7208457e-14,78.0,,,,,"""src/Resultados/Restriccion_solo_cliques/logs/R110-50.xml_log.log""",4,0,13.0.2,R1-50,9586.0,251220.0,
linux64,2026-07-13 04:55:08,8,8,4,244754,155205,2501625,0x27d44a35,750,154065,138210,1.0,40000.0,4.0,60.0,1.0,2000.0,1.0,40000.0,14.58,172929,154815,876795,496.6,69451,55.2,0,240,1043300,7200.79,4718.69,,520.6,,,2.0,170.0,680.0,,310.0,279.0,13.0,47.0,20.0,5.0,,359.0,858.0,,8,0,TIME_LIMIT,MIP,{'Threads': 4},/home/cgonzalez/mE-VRSPTW/src/Resultados/Restriccion_solo_cliques/logs/R1-50/R111-50.xml_log.log,1,,,3.0,14.0,0.0,5.6482596e-15,73.0,,,,,"""src/Resultados/Restriccion_solo_cliques/logs/R111-50.xml_log.log""",4,0,13.0.2,R1-50,2743.0,247497.0,
linux64,2026-07-13 08:58:06,8,8,4,250154,160605,2770155,0xf760d39e,750,159510,143655,1.0,40000.0,4.0,60.0,1.0,2000.0,1.0,40000.0,12.6,178359,160260,922620,470.6,70199,45.51,0,5373,1810167,7215.63,4846.89,,495.9,,1.0,11.0,130.0,139.0,208.0,327.0,220.0,10.0,727.0,54.0,111.0,,60.0,143.0,,8,0,TIME_LIMIT,MIP,{'Threads': 4},/home/cgonzalez/mE-VRSPTW/src/Resultados/Restriccion_solo_cliques/logs/R1-50/R112-50.xml_log.log,1,,,3.61,14.0,0.0,4.3992587e-14,61.0,,,,,"""src/Resultados/Restriccion_solo_cliques/logs/R112-50.xml_log.log""",4,0,13.0.2,R1-50,2141.0,252295.0,
linux64,2026-07-09 10:21:14,8,8,4,121485,72585,590430,0xf394482a,375,72090,63660,1.0,200000.0,7.0,60.0,1.0,2000.0,1.0,200000.0,2.71,82100,72465,357465,423.0,47244,38.9,0,4077,4439721,7200.63,7343.21,507.2,462.1,0.08892,4.0,10.0,41.0,34.0,23.0,23.0,28.0,2.0,60.0,8.0,13.0,,50.0,9.0,,8,10,TIME_LIMIT,MIP,{'Threads': 4},/home/cgonzalez/mE-VRSPTW/src/Resultados/Restriccion_solo_cliques/logs/R2-25/R201-25.xml_log.log,1,,,,,,,,,,,,"""src/Resultados/Restriccion_solo_cliques/logs/R201-25.xml_log.log""",4,0,13.0.2,R2-25,305.0,121790.0,8.892
linux64,2026-07-09 14:22:22,8,8,4,128198,77550,672345,0xf3cd18ab,375,77055,68625,1.0,200000.0,7.0,60.0,1.0,2000.0,1.0,200000.0,6.86,87163,77430,390885,367.8,66357,66.95,0,5274,3376942,7202.08,5665.34,471.0,390.5,0.170913,1.0,2.0,108.0,14.0,281.0,,82.0,2.0,394.0,217.0,9.0,,84.0,101.0,,8,10,TIME_LIMIT,MIP,{'Threads': 4},/home/cgonzalez/mE-VRSPTW/src/Resultados/Restriccion_solo_cliques/logs/R2-25/R202-25.xml_log.log,1,,,,,,,,,,,,"""src/Resultados/Restriccion_solo_cliques/logs/R202-25.xml_log.log""",4,0,13.0.2,R2-25,1295.0,129493.0,17.0913
linux64,2026-07-09 18:24:31,8,8,4,129338,78690,700140,0x68d8fef4,375,78195,69765,1.0,200000.0,7.0,60.0,1.0,2000.0,1.0,200000.0,5.21,88348,78570,401235,354.5,34083,40.02,0,5328,3150823,7201.05,5417.62,451.9,369.8,0.181677,,4.0,107.0,39.0,2.0,10.0,81.0,8.0,185.0,107.0,37.0,,103.0,16.0,,8,10,TIME_LIMIT,MIP,{'Threads': 4},/home/cgonzalez/mE-VRSPTW/src/Resultados/Restriccion_solo_cliques/logs/R2-25/R203-25.xml_log.log,1,,,,,,,,,,,,"""src/Resultados/Restriccion_solo_cliques/logs/R203-25.xml_log.log""",4,0,13.0.2,R2-25,699.0,130037.0,18.1677
linux64,2026-07-09 22:26:46,8,8,4,130439,79515,714570,0x7d4232d7,375,79020,70590,1.0,200000.0,7.0,60.0,1.0,2000.0,1.0,200000.0,7.11,89239,79395,406980,343.6,44489,42.37,0,6405,3470947,7200.7,6255.48,457.7,357.0,0.22001300000000001,,7.0,61.0,18.0,7.0,56.0,48.0,2.0,140.0,26.0,14.0,,63.0,5.0,,8,10,TIME_LIMIT,MIP,{'Threads': 4},/home/cgonzalez/mE-VRSPTW/src/Resultados/Restriccion_solo_cliques/logs/R2-25/R204-25.xml_log.log,1,,,,,,,,,,,,"""src/Resultados/Restriccion_solo_cliques/logs/R204-25.xml_log.log""",4,0,13.0.2,R2-25,447.0,130886.0,22.0013
linux64,2026-07-10 02:29:51,8,8,4,123270,74370,633960,0x0b8c7594,375,73875,65445,1.0,200000.0,7.0,60.0,1.0,2000.0,1.0,200000.0,4.63,83885,74250,373530,374.7,45275,47.37,0,5619,3093272,7200.5,5863.28,435.4,389.0,0.106569,,6.0,74.0,66.0,8.0,39.0,77.0,22.0,121.0,20.0,8.0,,76.0,8.0,,8,10,TIME_LIMIT,MIP,{'Threads': 4},/home/cgonzalez/mE-VRSPTW/src/Resultados/Restriccion_solo_cliques/logs/R2-25/R205-25.xml_log.log,1,,,,,,,,,,,,"""src/Resultados/Restriccion_solo_cliques/logs/R205-25.xml_log.log""",4,0,13.0.2,R2-25,525.0,123795.0,10.6569
linux64,2026-07-10 06:32:21,8,8,4,128918,78270,690090,0x48db6063,375,77775,69345,1.0,200000.0,7.0,60.0,1.0,2000.0,1.0,200000.0,5.43,87883,78150,397365,343.6,50445,36.07,0,2656,2901570,7200.75,5123.24,507.4,368.5,0.273749,,,7.0,,,,11.0,10.0,18.0,3.0,28.0,,5.0,,,8,10,TIME_LIMIT,MIP,{'Threads': 4},/home/cgonzalez/mE-VRSPTW/src/Resultados/Restriccion_solo_cliques/logs/R2-25/R206-25.xml_log.log,1,,,,,,,,,,,,"""src/Resultados/Restriccion_solo_cliques/logs/R206-25.xml_log.log""",4,0,13.0.2,R2-25,82.0,129000.0,27.374900000000004
linux64,2026-07-10 10:35:05,8,8,4,129533,78885,704955,0x36517bcf,375,78390,69960,1.0,200000.0,7.0,60.0,1.0,2000.0,1.0,200000.0,8.53,88543,78765,402990,343.6,43303,55.82,0,3263,2840624,7203.44,4691.43,471.9,358.9,0.23945799999999998,,3.0,242.0,32.0,16.0,12.0,96.0,89.0,584.0,49.0,24.0,,182.0,58.0,,8,10,TIME_LIMIT,MIP,{'Threads': 4},/home/cgonzalez/mE-VRSPTW/src/Resultados/Restriccion_solo_cliques/logs/R2-25/R207-25.xml_log.log,1,,1.0,,,,,,,,,,"""src/Resultados/Restriccion_solo_cliques/logs/R207-25.xml_log.log""",4,0,13.0.2,R2-25,1388.0,130921.0,23.9458
linux64,2026-07-10 14:37:54,8,8,4,130514,79590,716460,0x519ea4ce,375,79095,70665,1.0,200000.0,7.0,60.0,1.0,2000.0,1.0,200000.0,6.16,89314,79470,407655,343.6,44909,41.64,0,4938,2680048,7200.16,4692.68,,356.2,,,2.0,84.0,37.0,92.0,3.0,83.0,16.0,238.0,34.0,42.0,,78.0,21.0,,8,0,TIME_LIMIT,MIP,{'Threads': 4},/home/cgonzalez/mE-VRSPTW/src/Resultados/Restriccion_solo_cliques/logs/R2-25/R208-25.xml_log.log,1,,,,,,,,,,,,"""src/Resultados/Restriccion_solo_cliques/logs/R208-25.xml_log.log""",4,0,13.0.2,R2-25,730.0,131244.0,
linux64,2026-07-10 18:42:13,8,8,4,128804,77880,673560,0x20be5d4a,375,77385,68955,1.0,200000.0,7.0,60.0,1.0,2000.0,1.0,200000.0,14.25,87469,77760,391980,355.7,43698,56.26,0,2395,2970252,7200.38,4777.24,,364.7,,,1.0,150.0,19.0,257.0,2.0,59.0,6.0,193.0,135.0,17.0,,25.0,22.0,,8,0,TIME_LIMIT,MIP,{'Threads': 4},/home/cgonzalez/mE-VRSPTW/src/Resultados/Restriccion_solo_cliques/logs/R2-25/R209-25.xml_log.log,1,,,,,,,,,,,,"""src/Resultados/Restriccion_solo_cliques/logs/R209-25.xml_log.log""",4,0,13.0.2,R2-25,886.0,129690.0,
linux64,2026-07-10 22:45:38,8,8,4,128601,78045,685815,0x0f28111b,375,77550,69120,1.0,200000.0,7.0,60.0,1.0,2000.0,1.0,200000.0,10.61,87611,77925,395850,354.5,57380,62.65,0,3058,2736352,7206.9,5424.95,453.4,391.8,0.135862,,4.0,107.0,31.0,670.0,15.0,77.0,8.0,815.0,112.0,47.0,,98.0,139.0,,8,10,TIME_LIMIT,MIP,{'Threads': 4},/home/cgonzalez/mE-VRSPTW/src/Resultados/Restriccion_solo_cliques/logs/R2-25/R210-25.xml_log.log,1,,,,,,,,,,1.0,,"""src/Resultados/Restriccion_solo_cliques/logs/R210-25.xml_log.log""",4,0,13.0.2,R2-25,2124.0,130725.0,13.586200000000002
linux64,2026-07-11 02:48:33,8,8,4,130679,79755,720240,0xe5ddcf73,375,79260,70830,1.0,200000.0,7.0,60.0,1.0,2000.0,1.0,200000.0,8.27,89359,79635,408900,343.6,33632,35.4,0,4817,2824284,7200.21,6722.02,,356.2,,,8.0,62.0,29.0,65.0,7.0,51.0,9.0,227.0,15.0,36.0,,84.0,19.0,,8,0,TIME_LIMIT,MIP,{'Threads': 4},/home/cgonzalez/mE-VRSPTW/src/Resultados/Restriccion_solo_cliques/logs/R2-25/R211-25.xml_log.log,1,,,,,,,,,,,,"""src/Resultados/Restriccion_solo_cliques/logs/R211-25.xml_log.log""",4,0,13.0.2,R2-25,612.0,131291.0,
linux64,2026-07-09 12:21:50,8,8,4,252299,154470,2022630,0xd4c8aa70,750,153525,136680,1.0,200000.0,4.0,60.0,1.0,2000.0,1.0,200000.0,11.53,173544,154275,806655,720.4,84280,74.33,0,1068,1092221,7200.93,5456.18,,720.4,,,,,,,,,,,,,,,,,8,0,TIME_LIMIT,MIP,{'Threads': 4},/home/cgonzalez/mE-VRSPTW/src/Resultados/Restriccion_solo_cliques/logs/R2-50/R201-50.xml_log.log,1,,,4.72,12.0,0.0,7.0554673e-14,90.0,,,,,"""src/Resultados/Restriccion_solo_cliques/logs/R201-50.xml_log.log""",4,0,13.0.2,R2-50,0.0,252299.0,
linux64,2026-07-09 16:23:19,8,8,4,270942,169065,2502180,0x985f46bb,750,168120,151275,1.0,200000.0,4.0,60.0,1.0,2000.0,1.0,200000.0,12.2,188332,168870,911820,554.6,86985,60.28,0,198,1084688,7204.93,4730.02,,577.0,,,3.0,92.0,3234.0,,610.0,335.0,50.0,12.0,3.0,21.0,,311.0,3607.0,,8,0,TIME_LIMIT,MIP,{'Threads': 4},/home/cgonzalez/mE-VRSPTW/src/Resultados/Restriccion_solo_cliques/logs/R2-50/R202-50.xml_log.log,1,,,5.82,13.0,0.0,4.241052e-14,76.0,,,,,"""src/Resultados/Restriccion_solo_cliques/logs/R202-50.xml_log.log""",4,0,13.0.2,R2-50,8278.0,279220.0,
linux64,2026-07-09 20:25:36,8,8,4,277532,174735,2721900,0x6935fd31,750,173790,156945,1.0,200000.0,4.0,60.0,1.0,2000.0,1.0,200000.0,16.36,194127,174540,957030,499.8,87158,61.87,0,5273,1430093,7201.39,5291.17,,499.8,,5.0,,593.0,300.0,,863.0,350.0,149.0,5.0,3.0,1.0,,192.0,63.0,20.0,8,0,TIME_LIMIT,MIP,{'Threads': 4},/home/cgonzalez/mE-VRSPTW/src/Resultados/Restriccion_solo_cliques/logs/R2-50/R203-50.xml_log.log,1,,,6.82,12.0,0.0,6.1020633e-14,85.0,,,,,"""src/Resultados/Restriccion_solo_cliques/logs/R203-50.xml_log.log""",4,0,13.0.2,R2-50,2544.0,280076.0,
linux64,2026-07-10 00:28:21,8,8,4,281500,178335,2879895,0x15ae22c0,750,177390,160545,1.0,200000.0,4.0,60.0,1.0,2000.0,1.0,200000.0,19.52,197870,178140,987270,476.4,85858,96.36,0,4548,1246356,7234.54,4443.38,,493.9,,,19.0,105.0,135.0,562.0,334.0,120.0,12.0,1017.0,26.0,26.0,,180.0,168.0,,8,0,TIME_LIMIT,MIP,{'Threads': 4},/home/cgonzalez/mE-VRSPTW/src/Resultados/Restriccion_solo_cliques/logs/R2-50/R204-50.xml_log.log,1,,2.0,8.88,13.0,0.0,1.9717997e-12,122.0,,,,,"""src/Resultados/Restriccion_solo_cliques/logs/R204-50.xml_log.log""",4,0,13.0.2,R2-50,2706.0,284206.0,
linux64,2026-07-10 04:31:24,8,8,4,260614,161865,2331030,0xa96129eb,750,160920,144075,1.0,200000.0,4.0,60.0,1.0,2000.0,1.0,200000.0,23.3,180959,161670,867120,574.0,84845,67.56,0,492,1035325,7201.25,5450.86,,588.1,,,3.0,63.0,2448.0,,844.0,781.0,18.0,11.0,25.0,1.0,,346.0,2232.0,,8,0,TIME_LIMIT,MIP,{'Threads': 4},/home/cgonzalez/mE-VRSPTW/src/Resultados/Restriccion_solo_cliques/logs/R2-50/R205-50.xml_log.log,1,,,8.01,12.0,0.0,2.1346813e-13,97.0,,,,,"""src/Resultados/Restriccion_solo_cliques/logs/R205-50.xml_log.log""",4,0,13.0.2,R2-50,6772.0,267386.0,
linux64,2026-07-10 08:33:41,8,8,4,273777,171900,2641725,0x419f4892,750,170955,154110,1.0,200000.0,4.0,60.0,1.0,2000.0,1.0,200000.0,14.72,191167,171705,937275,501.7,84582,68.44,0,5236,1383323,7200.57,4670.52,,501.7,,2.0,4.0,842.0,1120.0,,730.0,394.0,18.0,2.0,1.0,,,239.0,88.0,551.0,8,0,TIME_LIMIT,MIP,{'Threads': 4},/home/cgonzalez/mE-VRSPTW/src/Resultados/Restriccion_solo_cliques/logs/R2-50/R206-50.xml_log.log,1,,,9.99,12.0,0.0,9.742207e-15,88.0,,,,,"""src/Resultados/Restriccion_solo_cliques/logs/R206-50.xml_log.log""",4,0,13.0.2,R2-50,3991.0,277768.0,
linux64,2026-07-10 12:36:27,8,8,4,278732,175935,2781120,0x081d2992,750,174990,158145,1.0,200000.0,4.0,60.0,1.0,2000.0,1.0,200000.0,22.65,195327,175740,967800,473.2,86682,73.56,0,3973,993190,7200.88,4327.51,,482.7,,,9.0,25.0,32.0,635.0,293.0,94.0,,448.0,42.0,,,39.0,183.0,,8,0,TIME_LIMIT,MIP,{'Threads': 4},/home/cgonzalez/mE-VRSPTW/src/Resultados/Restriccion_solo_cliques/logs/R2-50/R207-50.xml_log.log,1,,,7.17,11.0,0.0,4.0425996e-14,101.0,,,,,"""src/Resultados/Restriccion_solo_cliques/logs/R207-50.xml_log.log""",4,0,13.0.2,R2-50,1800.0,280532.0,
linux64,2026-07-10 16:39:48,8,8,4,281620,178455,2886750,0xeb089808,750,177510,160665,1.0,200000.0,4.0,60.0,1.0,2000.0,1.0,200000.0,22.75,197990,178260,988350,470.6,86570,126.26,0,3612,814490,7203.36,2854.5,,470.6,,,9.0,67.0,285.0,,591.0,154.0,,,5.0,,,324.0,116.0,,8,0,TIME_LIMIT,MIP,{'Threads': 4},/home/cgonzalez/mE-VRSPTW/src/Resultados/Restriccion_solo_cliques/logs/R2-50/R208-50.xml_log.log,1,,,9.1,13.0,0.0,2.1371793e-15,147.0,,,,,"""src/Resultados/Restriccion_solo_cliques/logs/R208-50.xml_log.log""",4,0,13.0.2,R2-50,1551.0,283171.0,
linux64,2026-07-10 20:44:02,8,8,4,271977,170100,2569530,0x5c6cf76f,750,169155,152310,1.0,200000.0,4.0,60.0,1.0,2000.0,1.0,200000.0,22.36,189292,169905,920940,532.5,85044,139.71,0,5301,1319232,7200.17,4979.58,,532.5,,6.0,12.0,234.0,228.0,,618.0,394.0,1.0,7.0,6.0,,,309.0,58.0,48.0,8,0,TIME_LIMIT,MIP,{'Threads': 4},/home/cgonzalez/mE-VRSPTW/src/Resultados/Restriccion_solo_cliques/logs/R2-50/R209-50.xml_log.log,1,,,25.25,11.0,0.0,3.8344328e-14,172.0,,,,,"""src/Resultados/Restriccion_solo_cliques/logs/R209-50.xml_log.log""",4,0,13.0.2,R2-50,1921.0,273898.0,
linux64,2026-07-11 00:47:18,8,8,4,272291,171150,2637375,0x384ea1bb,750,170205,153360,1.0,200000.0,4.0,60.0,1.0,2000.0,1.0,200000.0,26.76,190311,170955,935160,506.5,85730,122.61,0,1277,1378409,7200.06,5379.57,,511.5,,,1.0,13.0,33.0,,,30.0,,,,,,102.0,7.0,,8,0,TIME_LIMIT,MIP,{'Threads': 4},/home/cgonzalez/mE-VRSPTW/src/Resultados/Restriccion_solo_cliques/logs/R2-50/R210-50.xml_log.log,1,,,8.39,12.0,0.0,1.0123031e-12,168.0,,,,,"""src/Resultados/Restriccion_solo_cliques/logs/R210-50.xml_log.log""",4,0,13.0.2,R2-50,186.0,272477.0,
linux64,2026-07-11 04:50:33,8,8,4,278622,176745,2877180,0xe2416c2f,750,175800,158955,1.0,200000.0,4.0,60.0,1.0,2000.0,1.0,200000.0,23.8,195952,176550,980775,470.6,86787,122.21,0,5161,1449837,7203.87,5087.36,,491.7,,,27.0,133.0,76.0,440.0,109.0,357.0,8.0,717.0,22.0,25.0,,20.0,163.0,,8,0,TIME_LIMIT,MIP,{'Threads': 4},/home/cgonzalez/mE-VRSPTW/src/Resultados/Restriccion_solo_cliques/logs/R2-50/R211-50.xml_log.log,1,,,11.67,12.0,0.0,8.1198936e-14,156.0,,,,,"""src/Resultados/Restriccion_solo_cliques/logs/R211-50.xml_log.log""",4,0,13.0.2,R2-50,2097.0,280719.0,
linux64,2026-07-11 06:52:06,8,8,4,91060,53655,366435,0x8da440ae,360,53055,44880,1.0,40000.0,2.0,60.0,1.0,2000.0,1.0,40000.0,2.49,62441,53415,263160,331.9,42087,33.7,0,10887,4125058,7200.61,7754.56,551.0,351.3,0.36243200000000003,,,5.0,15.0,,10.0,4.0,,1.0,3.0,,,8.0,1.0,,8,8,TIME_LIMIT,MIP,{'Threads': 4},/home/cgonzalez/mE-VRSPTW/src/Resultados/Restriccion_solo_cliques/logs/RC1-25/RC101-25.xml_log.log,1,,,,,,,,,,,,"""src/Resultados/Restriccion_solo_cliques/logs/RC101-25.xml_log.log""",4,0,13.0.2,RC1-25,47.0,91107.0,36.2432
linux64,2026-07-11 10:54:14,8,8,4,99820,58965,407025,0x76fd051c,375,58350,50190,1.0,40000.0,2.0,60.0,1.0,2000.0,1.0,40000.0,4.09,67901,58725,289470,298.3,51442,43.33,0,18901,6852935,7200.12,8292.66,,314.0,,3.0,1.0,1.0,22.0,,20.0,10.0,,,6.0,,,36.0,2.0,,8,0,TIME_LIMIT,MIP,{'Threads': 4},/home/cgonzalez/mE-VRSPTW/src/Resultados/Restriccion_solo_cliques/logs/RC1-25/RC102-25.xml_log.log,1,,,,,,,,,,,,"""src/Resultados/Restriccion_solo_cliques/logs/RC102-25.xml_log.log""",4,0,13.0.2,RC1-25,101.0,99921.0,
linux64,2026-07-11 14:56:14,8,8,4,100375,59520,414615,0xd04f5181,375,58905,50745,1.0,40000.0,2.0,60.0,1.0,2000.0,1.0,40000.0,2.89,68546,59280,295170,279.4,62968,41.0,0,2435,2981685,7200.53,5167.57,520.4,292.5,0.437932,,10.0,100.0,55.0,71.0,45.0,124.0,4.0,286.0,98.0,52.0,,95.0,53.0,,8,10,TIME_LIMIT,MIP,{'Threads': 4},/home/cgonzalez/mE-VRSPTW/src/Resultados/Restriccion_solo_cliques/logs/RC1-25/RC103-25.xml_log.log,1,,,,,,,,,,,,"""src/Resultados/Restriccion_solo_cliques/logs/RC103-25.xml_log.log""",4,0,13.0.2,RC1-25,993.0,101368.0,43.7932
linux64,2026-07-11 18:58:26,8,8,4,100645,59790,418290,0x2157b744,375,59175,51015,1.0,40000.0,2.0,60.0,1.0,2000.0,1.0,40000.0,4.32,68846,59550,297915,277.6,43900,29.71,0,39904,5665153,7200.05,6620.18,,283.6,,,14.0,26.0,16.0,31.0,2.0,39.0,8.0,475.0,2.0,5.0,,30.0,24.0,,8,0,TIME_LIMIT,MIP,{'Threads': 4},/home/cgonzalez/mE-VRSPTW/src/Resultados/Restriccion_solo_cliques/logs/RC1-25/RC104-25.xml_log.log,1,,,,,,,,,,,1.0,"""src/Resultados/Restriccion_solo_cliques/logs/RC104-25.xml_log.log""",4,0,13.0.2,RC1-25,673.0,101318.0,
linux64,2026-07-11 23:00:06,8,8,4,96955,57315,411000,0x56942336,345,56730,48555,1.0,40000.0,2.0,60.0,1.0,2000.0,1.0,40000.0,2.26,66134,57075,282375,362.6,55587,44.71,0,4576,3025688,7213.89,4490.89,,385.0,,,7.0,86.0,29.0,251.0,16.0,64.0,6.0,307.0,125.0,23.0,,38.0,10.0,,8,0,TIME_LIMIT,MIP,{'Threads': 4},/home/cgonzalez/mE-VRSPTW/src/Resultados/Restriccion_solo_cliques/logs/RC1-25/RC105-25.xml_log.log,1,,,,,,,,,,,,"""src/Resultados/Restriccion_solo_cliques/logs/RC105-25.xml_log.log""",4,0,13.0.2,RC1-25,962.0,97917.0,
linux64,2026-07-12 03:02:57,8,8,4,96640,57165,395310,0x3b0bd044,375,56550,48390,1.0,40000.0,2.0,60.0,1.0,2000.0,1.0,40000.0,2.81,66056,56925,282225,297.5,53501,33.24,0,4629,2569780,7207.65,4411.45,,318.2,,,5.0,85.0,19.0,22.0,29.0,30.0,15.0,109.0,64.0,22.0,,102.0,77.0,,8,0,TIME_LIMIT,MIP,{'Threads': 4},/home/cgonzalez/mE-VRSPTW/src/Resultados/Restriccion_solo_cliques/logs/RC1-25/RC106-25.xml_log.log,1,,,,,,,,,1.0,,,"""src/Resultados/Restriccion_solo_cliques/logs/RC106-25.xml_log.log""",4,0,13.0.2,RC1-25,580.0,97220.0,
linux64,2026-07-12 07:05:24,8,8,4,97663,58050,405750,0x369c4e3c,375,57435,49275,1.0,40000.0,2.0,60.0,1.0,2000.0,1.0,40000.0,3.54,66959,57810,289950,271.9,44445,26.84,0,18651,5203652,7200.05,7061.37,363.7,282.5,0.22326100000000001,,17.0,131.0,42.0,37.0,22.0,158.0,10.0,944.0,15.0,20.0,,80.0,45.0,,8,10,TIME_LIMIT,MIP,{'Threads': 4},/home/cgonzalez/mE-VRSPTW/src/Resultados/Restriccion_solo_cliques/logs/RC1-25/RC107-25.xml_log.log,1,,,,,,,,,,2.0,1.0,"""src/Resultados/Restriccion_solo_cliques/logs/RC107-25.xml_log.log""",4,0,13.0.2,RC1-25,1524.0,99187.0,22.3261
linux64,2026-07-12 11:06:59,8,8,4,97948,58335,409845,0x1c574af0,375,57720,49560,1.0,40000.0,2.0,60.0,1.0,2000.0,1.0,40000.0,2.27,67274,58095,292875,271.3,50294,34.74,0,20761,4549767,7200.12,5218.15,294.5,275.7,0.063837,,11.0,69.0,66.0,27.0,8.0,135.0,36.0,283.0,9.0,8.0,,20.0,32.0,,8,10,TIME_LIMIT,MIP,{'Threads': 4},/home/cgonzalez/mE-VRSPTW/src/Resultados/Restriccion_solo_cliques/logs/RC1-25/RC108-25.xml_log.log,1,,,,,,,,,,,2.0,"""src/Resultados/Restriccion_solo_cliques/logs/RC108-25.xml_log.log""",4,0,13.0.2,RC1-25,706.0,98654.0,6.3837
linux64,2026-07-11 08:53:20,8,8,4,129299,78705,1009230,0x3a26ee36,735,77625,66750,1.0,40000.0,1.0,80.0,1.0,2000.0,1.0,40000.0,9.18,90286,78360,418350,651.2,88563,118.67,0,3213,2647572,7201.18,5092.79,,744.1,,4.0,10.0,447.0,21.0,321.0,29.0,144.0,67.0,573.0,506.0,76.0,,190.0,104.0,,8,0,TIME_LIMIT,MIP,{'Threads': 4},/home/cgonzalez/mE-VRSPTW/src/Resultados/Restriccion_solo_cliques/logs/RC1-50/RC101-50.xml_log.log,1,,,,,,,,,,,,"""src/Resultados/Restriccion_solo_cliques/logs/RC101-50.xml_log.log""",4,0,13.0.2,RC1-50,2492.0,131791.0,
linux64,2026-07-11 12:55:13,8,8,4,145328,90195,1339740,0x7aeeaed3,750,89010,78135,1.0,40000.0,1.0,80.0,1.0,2000.0,1.0,40000.0,6.85,102026,89760,496875,511.4,89839,119.0,0,2558,1991519,7200.31,4786.03,,553.7,,1.0,4.0,215.0,24.0,11.0,48.0,73.0,19.0,265.0,405.0,111.0,,207.0,33.0,,8,0,TIME_LIMIT,MIP,{'Threads': 4},/home/cgonzalez/mE-VRSPTW/src/Resultados/Restriccion_solo_cliques/logs/RC1-50/RC102-50.xml_log.log,1,,,,,,,,,,,,"""src/Resultados/Restriccion_solo_cliques/logs/RC102-50.xml_log.log""",4,0,13.0.2,RC1-50,1416.0,146744.0,
linux64,2026-07-11 16:57:19,8,8,4,148391,93270,1478745,0xe26fb931,750,92040,81165,1.0,40000.0,1.0,80.0,1.0,2000.0,1.0,40000.0,6.72,105236,92790,527490,474.7,44328,18.3,0,2619,1896381,7202.79,5437.49,,508.8,,,11.0,177.0,39.0,41.0,142.0,96.0,11.0,332.0,190.0,170.0,,203.0,32.0,,8,0,TIME_LIMIT,MIP,{'Threads': 4},/home/cgonzalez/mE-VRSPTW/src/Resultados/Restriccion_solo_cliques/logs/RC1-50/RC103-50.xml_log.log,1,,,2.03,12.0,0.0,1.5865087e-13,27.0,,2.0,,,"""src/Resultados/Restriccion_solo_cliques/logs/RC103-50.xml_log.log""",4,0,13.0.2,RC1-50,1446.0,149837.0,
linux64,2026-07-11 20:58:58,8,8,4,151110,95970,1511760,0x403a5070,750,94770,83895,1.0,40000.0,1.0,80.0,1.0,2000.0,1.0,40000.0,6.81,108146,95520,555120,464.1,45128,18.71,0,5263,1899951,7201.06,5421.61,,485.5,,,15.0,149.0,36.0,18.0,73.0,322.0,16.0,568.0,74.0,26.0,,88.0,25.0,,8,0,TIME_LIMIT,MIP,{'Threads': 4},/home/cgonzalez/mE-VRSPTW/src/Resultados/Restriccion_solo_cliques/logs/RC1-50/RC104-50.xml_log.log,1,,,3.23,13.0,0.0,1.4186287e-12,27.0,,5.0,3.0,,"""src/Resultados/Restriccion_solo_cliques/logs/RC104-50.xml_log.log""",4,0,13.0.2,RC1-50,1418.0,152528.0,
linux64,2026-07-12 01:01:51,8,8,4,139703,86175,1190310,0xe38b7fec,720,85110,74220,1.0,40000.0,1.0,80.0,1.0,2000.0,1.0,40000.0,5.34,97955,85830,470130,585.3,91332,112.27,0,7521,3089232,7200.36,7213.91,,591.2,,,1.0,45.0,131.0,,,66.0,,1.0,24.0,,,156.0,41.0,,8,0,TIME_LIMIT,MIP,{'Threads': 4},/home/cgonzalez/mE-VRSPTW/src/Resultados/Restriccion_solo_cliques/logs/RC1-50/RC105-50.xml_log.log,1,,,,,,,,,,,,"""src/Resultados/Restriccion_solo_cliques/logs/RC105-50.xml_log.log""",4,0,13.0.2,RC1-50,465.0,140168.0,
linux64,2026-07-12 05:04:30,8,8,4,140237,86940,1181160,0x3662c1a6,750,85845,74970,1.0,40000.0,1.0,80.0,1.0,2000.0,1.0,40000.0,8.21,98776,86595,479505,498.0,89284,148.77,0,1848,1286004,7200.17,4929.21,,539.7,,,7.0,277.0,34.0,331.0,91.0,196.0,53.0,725.0,311.0,104.0,,194.0,73.0,,8,0,TIME_LIMIT,MIP,{'Threads': 4},/home/cgonzalez/mE-VRSPTW/src/Resultados/Restriccion_solo_cliques/logs/RC1-50/RC106-50.xml_log.log,1,,,,,,,,,,,,"""src/Resultados/Restriccion_solo_cliques/logs/RC106-50.xml_log.log""",4,0,13.0.2,RC1-50,2396.0,142633.0,
linux64,2026-07-12 09:05:54,8,8,4,145073,91590,1395195,0xe7783081,750,90495,79620,1.0,40000.0,1.0,80.0,1.0,2000.0,1.0,40000.0,6.3,103490,91245,524670,468.7,43747,12.71,0,1168,2324862,7200.35,4843.96,,489.4,,,14.0,205.0,27.0,13.0,45.0,366.0,11.0,704.0,140.0,57.0,,164.0,51.0,,8,0,TIME_LIMIT,MIP,{'Threads': 4},/home/cgonzalez/mE-VRSPTW/src/Resultados/Restriccion_solo_cliques/logs/RC1-50/RC107-50.xml_log.log,1,,,1.66,12.0,0.0,9.2148511e-15,21.0,,4.0,1.0,,"""src/Resultados/Restriccion_solo_cliques/logs/RC107-50.xml_log.log""",4,0,13.0.2,RC1-50,1802.0,146875.0,
linux64,2026-07-12 13:07:33,8,8,4,147668,94185,1515930,0x9a6fc4f1,750,93090,82215,1.0,40000.0,1.0,80.0,1.0,2000.0,1.0,40000.0,7.3,106235,93840,550890,460.7,43347,23.76,0,2505,1865377,7200.57,5276.48,,480.0,,,10.0,50.0,6.0,142.0,4.0,103.0,8.0,252.0,8.0,54.0,,133.0,15.0,,8,0,TIME_LIMIT,MIP,{'Threads': 4},/home/cgonzalez/mE-VRSPTW/src/Resultados/Restriccion_solo_cliques/logs/RC1-50/RC108-50.xml_log.log,1,,,3.65,13.0,0.0,2.942091e-14,33.0,,3.0,,,"""src/Resultados/Restriccion_solo_cliques/logs/RC108-50.xml_log.log""",4,0,13.0.2,RC1-50,788.0,148456.0,
linux64,2026-07-12 15:08:44,8,8,4,110835,64920,441135,0x522e264f,330,64470,56295,1.0,200000.0,2.0,60.0,1.0,2000.0,1.0,200000.0,3.6,74026,64800,306210,325.3,33768,31.09,0,3675,3861211,7200.09,5335.76,534.8,350.3,0.344989,,8.0,26.0,4.0,24.0,8.0,22.0,1.0,133.0,31.0,13.0,,30.0,20.0,,8,10,TIME_LIMIT,MIP,{'Threads': 4},/home/cgonzalez/mE-VRSPTW/src/Resultados/Restriccion_solo_cliques/logs/RC2-25/RC201-25.xml_log.log,1,,,,,,,,,,,,"""src/Resultados/Restriccion_solo_cliques/logs/RC201-25.xml_log.log""",4,0,13.0.2,RC2-25,320.0,111155.0,34.4989
linux64,2026-07-12 19:10:41,8,8,4,114720,67425,462465,0x5afea09d,375,66930,58800,1.0,200000.0,2.0,60.0,1.0,2000.0,1.0,200000.0,2.36,76636,67305,319965,291.2,40124,34.32,0,4325,3149533,7205.15,4749.99,540.1,321.8,0.404184,,6.0,266.0,32.0,55.0,17.0,103.0,5.0,207.0,111.0,76.0,,55.0,45.0,,8,4,TIME_LIMIT,MIP,{'Threads': 4},/home/cgonzalez/mE-VRSPTW/src/Resultados/Restriccion_solo_cliques/logs/RC2-25/RC202-25.xml_log.log,1,,,,,,,,,,,,"""src/Resultados/Restriccion_solo_cliques/logs/RC202-25.xml_log.log""",4,0,13.0.2,RC2-25,978.0,115698.0,40.4184
linux64,2026-07-12 23:13:59,8,8,4,115260,67965,469815,0x9b19da11,375,67470,59340,1.0,200000.0,2.0,60.0,1.0,2000.0,1.0,200000.0,6.34,77266,67845,324975,279.4,41907,40.27,0,5603,2665873,7200.14,4846.26,439.1,288.2,0.343657,,11.0,44.0,31.0,21.0,11.0,39.0,3.0,98.0,60.0,20.0,,64.0,27.0,,8,10,TIME_LIMIT,MIP,{'Threads': 4},/home/cgonzalez/mE-VRSPTW/src/Resultados/Restriccion_solo_cliques/logs/RC2-25/RC203-25.xml_log.log,1,,,,,,,,,,1.0,,"""src/Resultados/Restriccion_solo_cliques/logs/RC203-25.xml_log.log""",4,0,13.0.2,RC2-25,430.0,115690.0,34.3657
linux64,2026-07-13 03:16:32,8,8,4,115515,68220,473280,0xc357da59,375,67725,59595,1.0,200000.0,2.0,60.0,1.0,2000.0,1.0,200000.0,4.93,77551,68100,327315,277.6,66078,67.35,0,8364,3987973,7200.17,6591.18,304.4,285.6,0.061760999999999996,,11.0,32.0,42.0,37.0,2.0,37.0,3.0,121.0,16.0,38.0,,53.0,32.0,,8,10,TIME_LIMIT,MIP,{'Threads': 4},/home/cgonzalez/mE-VRSPTW/src/Resultados/Restriccion_solo_cliques/logs/RC2-25/RC204-25.xml_log.log,1,,,,,,,,,,,,"""src/Resultados/Restriccion_solo_cliques/logs/RC204-25.xml_log.log""",4,0,13.0.2,RC2-25,424.0,115939.0,6.1761
linux64,2026-07-13 07:18:28,8,8,4,113115,66510,456405,0x8e286432,375,66015,57885,1.0,200000.0,2.0,60.0,1.0,2000.0,1.0,200000.0,2.84,75631,66390,316065,303.2,50797,41.0,0,4431,3144384,7201.17,4632.76,529.7,323.6,0.389088,,8.0,121.0,34.0,29.0,27.0,171.0,14.0,411.0,68.0,53.0,,56.0,81.0,,8,10,TIME_LIMIT,MIP,{'Threads': 4},/home/cgonzalez/mE-VRSPTW/src/Resultados/Restriccion_solo_cliques/logs/RC2-25/RC205-25.xml_log.log,1,,,,,,,,,,,,"""src/Resultados/Restriccion_solo_cliques/logs/RC205-25.xml_log.log""",4,0,13.0.2,RC2-25,1073.0,114188.0,38.9088
linux64,2026-07-13 11:21:18,8,8,4,111540,65625,450735,0xf0cd3356,375,65130,57000,1.0,200000.0,2.0,60.0,1.0,2000.0,1.0,200000.0,4.15,74731,65505,312540,302.5,53980,51.2,0,5593,4191928,7200.04,6194.1,441.0,316.4,0.28254,,6.0,92.0,29.0,40.0,3.0,74.0,1.0,101.0,50.0,11.0,,80.0,42.0,2.0,8,4,TIME_LIMIT,MIP,{'Threads': 4},/home/cgonzalez/mE-VRSPTW/src/Resultados/Restriccion_solo_cliques/logs/RC2-25/RC206-25.xml_log.log,1,,,,,,,,,,,,"""src/Resultados/Restriccion_solo_cliques/logs/RC206-25.xml_log.log""",4,0,13.0.2,RC2-25,531.0,112071.0,28.254
linux64,2026-07-13 15:22:12,8,8,4,114034,67245,464295,0xe9081bab,375,66750,58620,1.0,200000.0,2.0,60.0,1.0,2000.0,1.0,200000.0,1.98,76415,67125,321510,275.9,46227,32.37,0,3267,3315951,7200.11,6547.23,364.4,290.2,0.20362200000000003,7.0,9.0,118.0,28.0,105.0,12.0,156.0,6.0,685.0,65.0,25.0,,143.0,103.0,,8,8,TIME_LIMIT,MIP,{'Threads': 4},/home/cgonzalez/mE-VRSPTW/src/Resultados/Restriccion_solo_cliques/logs/RC2-25/RC207-25.xml_log.log,1,,,,,,,,,,,,"""src/Resultados/Restriccion_solo_cliques/logs/RC207-25.xml_log.log""",4,0,13.0.2,RC2-25,1462.0,115496.0,20.3622
linux64,2026-07-13 19:22:59,8,8,4,114726,67845,471855,0x735d29ab,375,67350,59220,1.0,200000.0,2.0,60.0,1.0,2000.0,1.0,200000.0,2.15,77047,67725,326370,271.3,48069,42.24,0,4041,4851278,7200.01,5244.77,294.5,278.8,0.053311000000000004,,19.0,45.0,23.0,36.0,3.0,20.0,5.0,118.0,18.0,6.0,,46.0,38.0,,8,10,TIME_LIMIT,MIP,{'Threads': 4},/home/cgonzalez/mE-VRSPTW/src/Resultados/Restriccion_solo_cliques/logs/RC2-25/RC208-25.xml_log.log,1,,,,,,,,,,,,"""src/Resultados/Restriccion_solo_cliques/logs/RC208-25.xml_log.log""",4,0,13.0.2,RC2-25,377.0,115103.0,5.3311
linux64,2026-07-12 17:09:29,8,8,4,228124,136185,1452285,0x3dc75ecb,750,135240,118995,1.0,200000.0,1.0,80.0,1.0,2000.0,1.0,200000.0,6.64,154321,135990,676695,564.0,81039,23.13,0,1506,1915029,7200.7,4420.21,,655.0,,,11.0,165.0,43.0,35.0,31.0,464.0,11.0,746.0,112.0,39.0,,124.0,35.0,,8,0,TIME_LIMIT,MIP,{'Threads': 4},/home/cgonzalez/mE-VRSPTW/src/Resultados/Restriccion_solo_cliques/logs/RC2-50/RC201-50.xml_log.log,1,,,1.45,16.0,0.0,9.1648911e-14,33.0,,,,,"""src/Resultados/Restriccion_solo_cliques/logs/RC201-50.xml_log.log""",4,0,13.0.2,RC2-50,1816.0,229940.0,
linux64,2026-07-12 21:12:35,8,8,4,238579,143880,1659105,0xa3c00e79,750,142935,126690,1.0,200000.0,1.0,80.0,1.0,2000.0,1.0,200000.0,9.79,162226,143685,728175,511.4,81640,37.51,0,3261,1421568,7200.85,5151.28,,523.5,,2.0,4.0,137.0,1964.0,,364.0,1151.0,15.0,44.0,29.0,2.0,,372.0,2869.0,,8,0,TIME_LIMIT,MIP,{'Threads': 4},/home/cgonzalez/mE-VRSPTW/src/Resultados/Restriccion_solo_cliques/logs/RC2-50/RC202-50.xml_log.log,1,,,3.37,16.0,0.0,9.9364961e-15,51.0,,,,,"""src/Resultados/Restriccion_solo_cliques/logs/RC202-50.xml_log.log""",4,0,13.0.2,RC2-50,6953.0,245532.0,
linux64,2026-07-13 01:15:31,8,8,4,240964,146265,1772640,0xfe60a61d,750,145320,129075,1.0,200000.0,1.0,80.0,1.0,2000.0,1.0,200000.0,10.75,164791,146070,749955,474.7,81540,61.12,0,4544,1049667,7200.08,5559.62,,478.4,,,12.0,,64.0,,18.0,29.0,4.0,2.0,,,,164.0,7.0,,8,0,TIME_LIMIT,MIP,{'Threads': 4},/home/cgonzalez/mE-VRSPTW/src/Resultados/Restriccion_solo_cliques/logs/RC2-50/RC203-50.xml_log.log,1,,,2.12,14.0,0.0,1.4321877e-14,76.0,,,,,"""src/Resultados/Restriccion_solo_cliques/logs/RC203-50.xml_log.log""",4,0,13.0.2,RC2-50,300.0,241264.0,
linux64,2026-07-13 05:17:18,8,8,4,242824,148125,1867230,0x91ccf6f1,750,147180,130935,1.0,200000.0,1.0,80.0,1.0,2000.0,1.0,200000.0,8.98,166831,147930,767025,464.1,81486,48.62,0,1554,2422739,7200.66,4647.91,,482.9,,1.0,18.0,143.0,154.0,267.0,77.0,418.0,10.0,1152.0,85.0,91.0,,249.0,125.0,,8,0,TIME_LIMIT,MIP,{'Threads': 4},/home/cgonzalez/mE-VRSPTW/src/Resultados/Restriccion_solo_cliques/logs/RC2-50/RC204-50.xml_log.log,1,,,2.16,14.0,0.0,2.9087843e-14,58.0,,,3.0,,"""src/Resultados/Restriccion_solo_cliques/logs/RC204-50.xml_log.log""",4,0,13.0.2,RC2-50,2793.0,245617.0,
linux64,2026-07-13 09:20:04,8,8,4,234096,140775,1596375,0xede9702f,750,139830,123585,1.0,200000.0,1.0,80.0,1.0,2000.0,1.0,200000.0,9.91,158956,140580,708975,525.7,81570,53.05,0,2602,1608784,7200.26,4892.78,,559.1,,,9.0,344.0,61.0,151.0,27.0,207.0,16.0,758.0,250.0,23.0,,125.0,76.0,,8,0,TIME_LIMIT,MIP,{'Threads': 4},/home/cgonzalez/mE-VRSPTW/src/Resultados/Restriccion_solo_cliques/logs/RC2-50/RC205-50.xml_log.log,1,,,2.44,14.0,0.0,1.9040325e-14,67.0,,16.0,,,"""src/Resultados/Restriccion_solo_cliques/logs/RC205-50.xml_log.log""",4,0,13.0.2,RC2-50,2063.0,236159.0,
linux64,2026-07-13 13:21:58,8,8,4,231306,139275,1590645,0xc19900ba,750,138330,122085,1.0,200000.0,1.0,80.0,1.0,2000.0,1.0,200000.0,9.22,157428,139080,703875,519.0,79611,32.27,0,6968,1921157,7200.13,7125.67,,520.5,,,8.0,20.0,76.0,,4.0,37.0,,1.0,8.0,,,80.0,6.0,,8,0,TIME_LIMIT,MIP,{'Threads': 4},/home/cgonzalez/mE-VRSPTW/src/Resultados/Restriccion_solo_cliques/logs/RC2-50/RC206-50.xml_log.log,1,,,1.85,13.0,0.0,2.4664163e-12,45.0,,,,,"""src/Resultados/Restriccion_solo_cliques/logs/RC206-50.xml_log.log""",4,0,13.0.2,RC2-50,240.0,231546.0,
linux64,2026-07-13 17:22:49,8,8,4,238182,144495,1754775,0x236cb99a,750,143550,127305,1.0,200000.0,1.0,80.0,1.0,2000.0,1.0,200000.0,7.03,162729,144300,740025,483.6,80737,27.33,0,5037,2583442,7200.14,7680.42,,486.1,,,2.0,10.0,49.0,,,28.0,,,17.0,,,86.0,14.0,,8,0,TIME_LIMIT,MIP,{'Threads': 4},/home/cgonzalez/mE-VRSPTW/src/Resultados/Restriccion_solo_cliques/logs/RC2-50/RC207-50.xml_log.log,1,,,1.48,13.0,0.0,3.6492905e-11,37.0,,,,,"""src/Resultados/Restriccion_solo_cliques/logs/RC207-50.xml_log.log""",4,0,13.0.2,RC2-50,206.0,238388.0,
linux64,2026-07-13 21:23:29,8,8,4,241396,147525,1885020,0x4c9d8bc4,750,146580,130335,1.0,200000.0,1.0,80.0,1.0,2000.0,1.0,200000.0,7.23,165808,147330,766215,460.7,82933,37.54,0,5127,2187782,7200.23,5545.57,,480.9,,,18.0,231.0,57.0,243.0,110.0,154.0,15.0,701.0,27.0,33.0,,173.0,149.0,,8,0,TIME_LIMIT,MIP,{'Threads': 4},/home/cgonzalez/mE-VRSPTW/src/Resultados/Restriccion_solo_cliques/logs/RC2-50/RC208-50.xml_log.log,1,,,1.82,13.0,0.0,7.3607787e-14,47.0,,,,,"""src/Resultados/Restriccion_solo_cliques/logs/RC208-50.xml_log.log""",4,0,13.0.2,RC2-50,1911.0,243307.0,
