Platform,Time,PhysicalCores,LogicalProcessors,Threads,NumConstrs,NumVars,NumNZs,Fingerprint,PresolvedNumConVars,PresolvedNumIntVars,PresolvedNumBinVars,MinCoeff,MaxCoeff,MinObjCoeff,MaxObjCoeff,MinBound,MaxBound,MinRHS,MaxRHS,PresolveTime,PresolvedNumConstrs,PresolvedNumVars,PresolvedNumNZs,RelaxObj,RelaxIterCount,RelaxTime,PreTreeSolutions,NodeCount,IterCount,Runtime,Work,ObjVal,ObjBound,MIPGap,Cuts: Learned,Cuts: Cover,Cuts: Implied bound,Cuts: Clique,Cuts: MIR,Cuts: StrongCG,Cuts: Flow cover,Cuts: GUB cover,Cuts: Zero half,Cuts: Network,Cuts: RLT,Cuts: Relax-and-lift,Cuts: BQP,Cuts: PSD,Cores,SolCount,Status,ModelType,ChangedParams,LogFilePath,LogNumber,Cuts: Gomory,Cuts: Projected implied bound,Cuts: Mod-K,Cuts: Inf proof,OrderingTime,BarIterCount,PushPhasePInf,PushPhaseDInf,PushPhaseEndTime,Cuts: Lift-and-project,Cuts: Knapsack,Cuts: Mixing,LogFile (Parameter),Threads (Parameter),Seed,Version,Group,TotalCuts,TotalInequalities,MIPGapPct
linux64,2026-06-29 08:42:59,8,8,4,125410,74985,881265,0xb5da8a0e,0,74865,64320,1.0,40000.0,1.0,60.0,1.0,2000.0,1.0,40000.0,3.35,85837,74865,380010,191.3,47370,36.98,0,13245,6123189,7200.12,9091.98,221.4,191.3,0.135953,1.0,2106.0,15.0,854.0,32.0,7.0,249.0,48.0,2.0,2.0,3.0,1916.0,41.0,31.0,8,9,TIME_LIMIT,MIP,{'Threads': 4},/home/cgonzalez/mE-VRSPTW/src/Resultados/Restriccion_demanda/logs/C1-25/C101-25.xml_log.log,1,,,,,,,,,,,,,"""src/Resultados/Restriccion demanda/logs/C101-25.xml_log.log""",4,0,13.0.2,C1-25,5307.0,130717.0,13.595299999999998
linux64,2026-06-29 12:44:00,8,8,4,146610,88365,1138365,0x7dc2f129,345,87900,77670,1.0,40000.0,1.0,60.0,1.0,2000.0,1.0,40000.0,4.97,99927,88245,454320,172.1,45114,39.58,0,16429,7104580,7200.14,9881.85,190.3,178.2,0.063584,,8.0,53.0,,32.0,,1.0,,,,80.0,14.0,,,8,8,TIME_LIMIT,MIP,{'Threads': 4},/home/cgonzalez/mE-VRSPTW/src/Resultados/Restriccion_demanda/logs/C1-25/C102-25.xml_log.log,1,1.0,,,,,,,,,,,,"""src/Resultados/Restriccion demanda/logs/C102-25.xml_log.log""",4,0,13.0.2,C1-25,189.0,146799.0,6.3584000000000005
linux64,2026-06-29 16:44:55,8,8,4,149207,90870,1282245,0xb3e8cd6c,360,90390,80175,1.0,40000.0,1.0,60.0,1.0,2000.0,1.0,40000.0,6.34,102464,90750,481110,162.6,34868,17.12,0,4820,3818991,7200.06,6171.49,,175.9,,,141.0,34.0,14.0,30.0,3.0,1692.0,101.0,15.0,,43.0,447.0,,,8,0,TIME_LIMIT,MIP,{'Threads': 4},/home/cgonzalez/mE-VRSPTW/src/Resultados/Restriccion_demanda/logs/C1-25/C103-25.xml_log.log,1,6.0,15.0,3.0,,,,,,,,,,"""src/Resultados/Restriccion demanda/logs/C103-25.xml_log.log""",4,0,13.0.2,C1-25,2544.0,151751.0,
linux64,2026-06-29 20:46:30,8,8,4,150107,91770,1336245,0x2bd7f017,360,91290,81075,1.0,40000.0,1.0,60.0,1.0,2000.0,1.0,40000.0,8.15,103394,91650,490170,159.0,55852,54.18,0,5394,3355904,7203.29,5392.73,255.2,169.7,0.335031,,167.0,47.0,52.0,37.0,11.0,1996.0,86.0,17.0,,35.0,276.0,,,8,10,TIME_LIMIT,MIP,{'Threads': 4},/home/cgonzalez/mE-VRSPTW/src/Resultados/Restriccion_demanda/logs/C1-25/C104-25.xml_log.log,1,13.0,866.0,,,,,,,,,,,"""src/Resultados/Restriccion demanda/logs/C104-25.xml_log.log""",4,0,13.0.2,C1-25,3603.0,153710.0,33.5031
linux64,2026-06-30 00:48:48,8,8,4,128706,77085,923805,0x1807b521,345,76620,66420,1.0,40000.0,1.0,60.0,1.0,2000.0,1.0,40000.0,6.4,87963,76965,394005,191.2,44949,50.06,0,11469,6101550,2616.0,2609.11,204.2,204.2,0.0,3.0,10.0,6.0,32.0,22.0,8.0,156.0,11.0,1.0,1.0,16.0,5.0,,,8,6,OPTIMAL,MIP,{'Threads': 4},/home/cgonzalez/mE-VRSPTW/src/Resultados/Restriccion_demanda/logs/C1-25/C105-25.xml_log.log,1,4.0,1.0,,5.0,,,,,,,,,"""src/Resultados/Restriccion demanda/logs/C105-25.xml_log.log""",4,0,13.0.2,C1-25,281.0,128987.0,0.0
linux64,2026-06-30 03:34:12,8,8,4,127166,76005,891105,0xbbad3e58,30,75855,65340,1.0,40000.0,1.0,60.0,1.0,2000.0,1.0,40000.0,9.26,86873,75885,384450,191.3,43828,34.87,0,19484,5675189,7200.92,7957.05,221.4,191.3,0.135953,,1725.0,12.0,449.0,35.0,9.0,163.0,73.0,,,6.0,26.0,,,8,10,TIME_LIMIT,MIP,{'Threads': 4},/home/cgonzalez/mE-VRSPTW/src/Resultados/Restriccion_demanda/logs/C1-25/C106-25.xml_log.log,1,5.0,2.0,,,,,,,,,,,"""src/Resultados/Restriccion demanda/logs/C106-25.xml_log.log""",4,0,13.0.2,C1-25,2505.0,129671.0,13.595299999999998
linux64,2026-06-30 07:36:23,8,8,4,133275,79860,965115,0xdd5fe7cb,375,79365,69165,1.0,40000.0,1.0,60.0,1.0,2000.0,1.0,40000.0,6.43,91227,79740,409320,191.2,56299,96.56,0,1,102121,321.03,110.03,191.3,191.3,0.0,134.0,290.0,15.0,295.0,257.0,5.0,,,,,30.0,214.0,215.0,,8,6,OPTIMAL,MIP,{'Threads': 4},/home/cgonzalez/mE-VRSPTW/src/Resultados/Restriccion_demanda/logs/C1-25/C107-25.xml_log.log,1,3.0,,,,,,,,,,,,"""src/Resultados/Restriccion demanda/logs/C107-25.xml_log.log""",4,0,13.0.2,C1-25,1458.0,134733.0,0.0
linux64,2026-06-30 08:42:55,8,8,4,135868,81855,1043085,0x706e3587,375,81360,71160,1.0,40000.0,1.0,60.0,1.0,2000.0,1.0,40000.0,5.19,93235,81735,424590,129.9,34924,59.74,0,2139,3213996,7214.38,4608.42,191.3,184.6,0.035024,,118.0,25.0,34.0,117.0,6.0,257.0,128.0,33.0,,101.0,24.0,,,8,1,TIME_LIMIT,MIP,{'Threads': 4},/home/cgonzalez/mE-VRSPTW/src/Resultados/Restriccion_demanda/logs/C1-25/C108-25.xml_log.log,1,2.0,19.0,4.0,,,,,,,,,,"""src/Resultados/Restriccion demanda/logs/C108-25.xml_log.log""",4,0,13.0.2,C1-25,868.0,136736.0,3.5023999999999997
linux64,2026-06-30 12:46:07,8,8,4,145290,87735,1148715,0x1425d037,375,87240,77040,1.0,40000.0,1.0,60.0,1.0,2000.0,1.0,40000.0,10.02,99192,87615,455655,129.9,59170,60.26,0,20137,3931891,7200.46,9047.56,191.3,131.8,0.31103000000000003,,8.0,43.0,,25.0,,,2.0,,,75.0,6.0,,,8,10,TIME_LIMIT,MIP,{'Threads': 4},/home/cgonzalez/mE-VRSPTW/src/Resultados/Restriccion_demanda/logs/C1-25/C109-25.xml_log.log,1,3.0,,,,,,,,,,,,"""src/Resultados/Restriccion demanda/logs/C109-25.xml_log.log""",4,0,13.0.2,C1-25,162.0,145452.0,31.103
linux64,2026-06-29 10:43:38,8,8,4,292435,177240,3784845,0x039dce8f,0,177045,155910,1.0,40000.0,1.0,60.0,1.0,2000.0,1.0,40000.0,14.36,200078,177045,934590,361.2,100136,60.36,0,5890,2796892,7200.21,6774.62,432.2,361.3,0.164044,,,1.0,8.0,,,,,,,,,,,8,7,TIME_LIMIT,MIP,{'Threads': 4},/home/cgonzalez/mE-VRSPTW/src/Resultados/Restriccion_demanda/logs/C1-50/C101-50.xml_log.log,1,,,,,5.53,14.0,0.0,2.4980018e-15,79.0,,,,"""src/Resultados/Restriccion demanda/logs/C101-50.xml_log.log""",4,0,13.0.2,C1-50,9.0,292444.0,16.4044
linux64,2026-06-29 14:44:34,8,8,4,306880,190305,5035695,0xe5284424,690,189420,168975,1.0,40000.0,1.0,60.0,1.0,2000.0,1.0,40000.0,14.82,213338,190110,1054710,302.5,98508,93.11,0,420,967103,7200.16,6400.66,,333.1,,,1250.0,906.0,692.0,100.0,,,2.0,5.0,,239.0,543.0,203.0,7.0,8,0,TIME_LIMIT,MIP,{'Threads': 4},/home/cgonzalez/mE-VRSPTW/src/Resultados/Restriccion_demanda/logs/C1-50/C102-50.xml_log.log,1,2.0,,,,7.23,15.0,0.0,6.8556272e-15,112.0,,,,"""src/Resultados/Restriccion demanda/logs/C102-50.xml_log.log""",4,0,13.0.2,C1-50,3949.0,310829.0,
linux64,2026-06-29 18:45:44,8,8,4,316484,199725,6047055,0x931cd2a7,735,198795,178395,1.0,40000.0,1.0,60.0,1.0,2000.0,1.0,40000.0,22.61,222852,199530,1151025,281.8,97890,101.9,0,5279,1716624,7203.03,5542.8,,299.2,,,240.0,201.0,184.0,140.0,26.0,1325.0,260.0,12.0,,137.0,210.0,,,8,0,TIME_LIMIT,MIP,{'Threads': 4},/home/cgonzalez/mE-VRSPTW/src/Resultados/Restriccion_demanda/logs/C1-50/C103-50.xml_log.log,1,4.0,349.0,,,7.84,13.0,0.0,1.8854709e-14,130.0,,,,"""src/Resultados/Restriccion demanda/logs/C103-50.xml_log.log""",4,0,13.0.2,C1-50,3088.0,319572.0,
linux64,2026-06-29 22:47:51,8,8,4,322499,205740,6708705,0x259fb484,735,204810,184410,1.0,40000.0,1.0,60.0,1.0,2000.0,1.0,40000.0,22.23,229047,205545,1211520,278.7,100735,214.98,0,2194,1653681,7201.59,4494.71,,291.2,,,198.0,196.0,127.0,180.0,2.0,346.0,104.0,49.0,,132.0,235.0,,,8,0,TIME_LIMIT,MIP,{'Threads': 4},/home/cgonzalez/mE-VRSPTW/src/Resultados/Restriccion_demanda/logs/C1-50/C104-50.xml_log.log,1,40.0,90.0,,,19.24,14.0,0.0,3.3514858e-15,232.0,,,,"""src/Resultados/Restriccion demanda/logs/C104-50.xml_log.log""",4,0,13.0.2,C1-50,1699.0,324198.0,
linux64,2026-06-30 01:33:03,8,8,4,294790,179595,4043895,0x2b9fe416,750,178650,158265,1.0,40000.0,1.0,60.0,1.0,2000.0,1.0,40000.0,11.78,202433,179400,961440,359.7,98866,74.36,0,1496,1107665,7201.13,5292.12,,359.9,,4.0,756.0,325.0,856.0,68.0,,1.0,,,,114.0,36.0,526.0,,8,0,TIME_LIMIT,MIP,{'Threads': 4},/home/cgonzalez/mE-VRSPTW/src/Resultados/Restriccion_demanda/logs/C1-50/C105-50.xml_log.log,1,2.0,,,,6.0,13.0,0.0,7.9936058e-15,89.0,,,,"""src/Resultados/Restriccion demanda/logs/C105-50.xml_log.log""",4,0,13.0.2,C1-50,2688.0,297478.0,
linux64,2026-06-30 05:35:19,8,8,4,293545,178350,3906945,0xabf2e064,690,177465,157020,1.0,40000.0,1.0,60.0,1.0,2000.0,1.0,40000.0,16.37,201188,178155,945390,359.8,99684,66.37,0,4336,1961553,7206.52,4585.03,394.7,361.3,0.084621,,79.0,18.0,155.0,85.0,2.0,99.0,17.0,,,6.0,6.0,,,8,8,TIME_LIMIT,MIP,{'Threads': 4},/home/cgonzalez/mE-VRSPTW/src/Resultados/Restriccion_demanda/logs/C1-50/C106-50.xml_log.log,1,,215.0,,,7.46,12.0,0.0,1.0672019e-14,91.0,,,,"""src/Resultados/Restriccion demanda/logs/C106-50.xml_log.log""",4,0,13.0.2,C1-50,682.0,294227.0,8.4621
linux64,2026-06-30 07:42:23,8,8,4,296815,181620,4266645,0x2734615c,750,180675,160290,1.0,40000.0,1.0,60.0,1.0,2000.0,1.0,40000.0,24.41,204458,181425,981720,359.7,96665,78.84,0,919,885721,3585.05,1860.3,362.4,362.4,0.0,,,,,,,,,,,,,,,8,4,OPTIMAL,MIP,{'Threads': 4},/home/cgonzalez/mE-VRSPTW/src/Resultados/Restriccion_demanda/logs/C1-50/C107-50.xml_log.log,1,,,,,8.46,12.0,0.0,8.0491169e-15,112.0,,,,"""src/Resultados/Restriccion demanda/logs/C107-50.xml_log.log""",4,0,13.0.2,C1-50,0.0,296815.0,0.0
linux64,2026-06-30 10:44:49,8,8,4,300835,185640,4708845,0x2d5326c0,750,184695,164310,1.0,40000.0,1.0,60.0,1.0,2000.0,1.0,40000.0,30.6,208478,185445,1021935,258.5,99947,109.86,0,223,965942,7200.85,3670.92,,293.3,,,198.0,8033.0,101.0,287.0,10.0,395.0,28.0,29.0,,425.0,9897.0,,,8,0,TIME_LIMIT,MIP,{'Threads': 4},/home/cgonzalez/mE-VRSPTW/src/Resultados/Restriccion_demanda/logs/C1-50/C108-50.xml_log.log,1,5.0,,,,12.03,14.0,0.0,5.1791904e-14,152.0,,,,"""src/Resultados/Restriccion demanda/logs/C108-50.xml_log.log""",4,0,13.0.2,C1-50,19408.0,320243.0,
linux64,2026-06-30 14:47:59,8,8,4,306025,190830,5279745,0x4ef83d3c,750,189885,169500,1.0,40000.0,1.0,60.0,1.0,2000.0,1.0,40000.0,25.58,213668,190635,1073805,254.7,100389,124.58,0,5314,1436162,7200.34,4582.25,,254.7,,,386.0,448.0,436.0,208.0,,1.0,1.0,7.0,,241.0,54.0,1.0,,8,0,TIME_LIMIT,MIP,{'Threads': 4},/home/cgonzalez/mE-VRSPTW/src/Resultados/Restriccion_demanda/logs/C1-50/C109-50.xml_log.log,1,5.0,,,,10.86,12.0,0.0,2.4910629e-15,165.0,,,,"""src/Resultados/Restriccion demanda/logs/C109-50.xml_log.log""",4,0,13.0.2,C1-50,1788.0,307813.0,
linux64,2026-06-30 16:49:48,8,8,4,355814,205320,1714785,0x4b6e53c2,300,204900,178500,1.0,100000.0,2.0,60.0,1.0,4000.0,1.0,100000.0,16.29,234519,205200,959610,232.3,133611,109.2,0,1163,2111273,7204.99,4571.46,287.3,243.3,0.15315,,4.0,,,629.0,963.0,1173.0,1.0,2.0,,5.0,,,,8,10,TIME_LIMIT,MIP,{'Threads': 4},/home/cgonzalez/mE-VRSPTW/src/Resultados/Restriccion_demanda/logs/C2-25/C201-25.xml_log.log,1,1.0,5.0,,1.0,2.22,18.0,0.0,2.1996294e-15,131.0,,,,"""src/Resultados/Restriccion demanda/logs/C201-25.xml_log.log""",4,0,13.0.2,C2-25,2784.0,358598.0,15.315000000000001
linux64,2026-06-30 20:53:49,8,8,4,374139,216975,1948635,0x91a59b8b,375,216480,190125,1.0,100000.0,2.0,60.0,1.0,4000.0,1.0,100000.0,18.76,246844,216855,1022760,211.4,138835,75.37,0,1057,1979714,7204.38,4827.34,327.1,211.5,0.353409,,27.0,2220.0,37.0,313.0,2.0,4.0,1.0,,,79.0,541.0,,,8,8,TIME_LIMIT,MIP,{'Threads': 4},/home/cgonzalez/mE-VRSPTW/src/Resultados/Restriccion_demanda/logs/C2-25/C202-25.xml_log.log,1,2.0,,,,4.87,17.0,0.0,3.0808689e-15,103.0,1.0,,,"""src/Resultados/Restriccion demanda/logs/C202-25.xml_log.log""",4,0,13.0.2,C2-25,3227.0,377366.0,35.3409
linux64,2026-07-01 00:57:54,8,8,4,376603,219255,2072595,0xf5dea9f9,375,218760,192405,1.0,100000.0,2.0,60.0,1.0,4000.0,1.0,100000.0,17.58,249158,219135,1042095,206.1,139178,85.04,0,5193,989096,7202.09,4778.96,527.2,209.3,0.602997,,15.0,35.0,72.0,22.0,,4290.0,11.0,8.0,,31.0,616.0,,,8,1,TIME_LIMIT,MIP,{'Threads': 4},/home/cgonzalez/mE-VRSPTW/src/Resultados/Restriccion_demanda/logs/C2-25/C203-25.xml_log.log,1,9.0,1064.0,,,4.26,15.0,0.0,2.4424907e-15,114.0,,,,"""src/Resultados/Restriccion demanda/logs/C203-25.xml_log.log""",4,0,13.0.2,C2-25,6173.0,382776.0,60.2997
linux64,2026-07-01 05:03:27,8,8,4,377473,220125,2124795,0x0be8f80a,375,219630,193275,1.0,100000.0,2.0,60.0,1.0,4000.0,1.0,100000.0,28.53,250073,220005,1050030,201.8,138464,109.71,0,1055,1098763,7200.22,3680.61,,202.4,,,,,,,,,,,,,,,,8,0,TIME_LIMIT,MIP,{'Threads': 4},/home/cgonzalez/mE-VRSPTW/src/Resultados/Restriccion_demanda/logs/C2-25/C204-25.xml_log.log,1,,,,,11.06,14.0,0.0,4.0245585e-15,156.0,,,,"""src/Resultados/Restriccion demanda/logs/C204-25.xml_log.log""",4,0,13.0.2,C2-25,0.0,377473.0,
linux64,2026-07-01 09:08:14,8,8,4,365164,210990,1798185,0xa8bccd19,375,210495,184140,1.0,100000.0,2.0,60.0,1.0,4000.0,1.0,100000.0,29.99,240719,210870,988245,211.0,132748,100.93,0,88,1744091,7203.14,4080.77,371.5,216.6,0.416958,,726.0,2848.0,30.0,333.0,1.0,8.0,16.0,6.0,,190.0,1200.0,2.0,,8,3,TIME_LIMIT,MIP,{'Threads': 4},/home/cgonzalez/mE-VRSPTW/src/Resultados/Restriccion_demanda/logs/C2-25/C205-25.xml_log.log,1,1.0,,,,1.79,14.0,0.0,7.0221606e-15,146.0,,,,"""src/Resultados/Restriccion demanda/logs/C205-25.xml_log.log""",4,0,13.0.2,C2-25,5361.0,370525.0,41.6958
linux64,2026-07-01 13:12:50,8,8,4,372579,215415,1855035,0xd6a8701b,375,214920,188565,1.0,100000.0,2.0,60.0,1.0,4000.0,1.0,100000.0,17.74,245224,215295,1008600,207.6,139466,75.97,0,2143,1257588,7222.27,3928.44,,207.6,,,36.0,1415.0,50.0,459.0,3.0,5.0,,5.0,,121.0,125.0,,,8,0,TIME_LIMIT,MIP,{'Threads': 4},/home/cgonzalez/mE-VRSPTW/src/Resultados/Restriccion_demanda/logs/C2-25/C206-25.xml_log.log,1,4.0,,,,1.11,17.0,0.0,1.1379786e-15,101.0,,,,"""src/Resultados/Restriccion demanda/logs/C206-25.xml_log.log""",4,0,13.0.2,C2-25,2223.0,374802.0,
linux64,2026-07-01 17:18:24,8,8,4,373749,216585,1925235,0xac440540,375,216090,189735,1.0,100000.0,2.0,60.0,1.0,4000.0,1.0,100000.0,40.25,246439,216465,1019190,200.5,136018,116.12,0,262,1423974,7204.05,3338.02,402.1,212.6,0.47127600000000003,1.0,655.0,7676.0,47.0,762.0,8.0,20.0,13.0,3.0,,214.0,4548.0,2.0,,8,6,TIME_LIMIT,MIP,{'Threads': 4},/home/cgonzalez/mE-VRSPTW/src/Resultados/Restriccion_demanda/logs/C2-25/C207-25.xml_log.log,1,3.0,,,,4.25,15.0,0.0,2.220446e-15,150.0,,,,"""src/Resultados/Restriccion demanda/logs/C207-25.xml_log.log""",4,0,13.0.2,C2-25,13952.0,387701.0,47.1276
linux64,2026-07-01 21:23:23,8,8,4,373074,215910,1884735,0x4887464a,375,215415,189060,1.0,100000.0,2.0,60.0,1.0,4000.0,1.0,100000.0,25.53,245734,215790,1013100,201.9,140110,99.16,0,3456,1523322,7202.65,4790.85,,201.9,,,533.0,4026.0,113.0,1007.0,2.0,33.0,5.0,6.0,,95.0,1464.0,,,8,0,TIME_LIMIT,MIP,{'Threads': 4},/home/cgonzalez/mE-VRSPTW/src/Resultados/Restriccion_demanda/logs/C2-25/C208-25.xml_log.log,1,7.0,,,,5.28,15.0,0.0,2.220446e-15,139.0,,,,"""src/Resultados/Restriccion demanda/logs/C208-25.xml_log.log""",4,0,13.0.2,C2-25,7291.0,380365.0,
linux64,2026-06-30 18:51:51,8,8,4,375214,223845,3999375,0xac9cf3f6,735,222990,196635,1.0,100000.0,2.0,60.0,1.0,4000.0,1.0,100000.0,32.03,253009,223725,1141500,377.8,129975,180.37,0,691,2068953,7203.63,4659.63,549.7,377.8,0.312716,,1606.0,3349.0,369.0,414.0,1.0,12.0,,1.0,,76.0,1887.0,,,8,3,TIME_LIMIT,MIP,{'Threads': 4},/home/cgonzalez/mE-VRSPTW/src/Resultados/Restriccion_demanda/logs/C2-50/C201-50.xml_log.log,1,,,,,10.72,19.0,0.0,9.6998798e-14,223.0,,,,"""src/Resultados/Restriccion demanda/logs/C201-50.xml_log.log""",4,0,13.0.2,C2-50,7715.0,382929.0,31.2716
linux64,2026-06-30 22:56:00,8,8,4,400906,242775,5168805,0xd6554396,750,241905,215550,1.0,100000.0,2.0,60.0,1.0,4000.0,1.0,100000.0,27.71,272776,242655,1280040,354.8,132027,137.61,0,838,1358424,7200.8,4516.35,,354.8,,9.0,42.0,188.0,586.0,375.0,1.0,,1.0,2.0,,176.0,491.0,4.0,,8,0,TIME_LIMIT,MIP,{'Threads': 4},/home/cgonzalez/mE-VRSPTW/src/Resultados/Restriccion_demanda/logs/C2-50/C202-50.xml_log.log,1,5.0,,,,11.48,13.0,0.0,7.0290995e-14,173.0,,,,"""src/Resultados/Restriccion demanda/logs/C202-50.xml_log.log""",4,0,13.0.2,C2-50,1880.0,402786.0,
linux64,2026-07-01 03:00:05,8,8,4,408198,249975,5948385,0xcd8ab317,750,249105,222750,1.0,100000.0,2.0,60.0,1.0,4000.0,1.0,100000.0,33.72,280083,249855,1351410,333.5,137497,271.7,0,2335,1354183,7225.49,3667.95,,333.5,,,134.0,681.0,328.0,90.0,,1.0,2.0,3.0,,198.0,69.0,18.0,,8,0,TIME_LIMIT,MIP,{'Threads': 4},/home/cgonzalez/mE-VRSPTW/src/Resultados/Restriccion_demanda/logs/C2-50/C203-50.xml_log.log,1,3.0,,,,21.54,15.0,0.0,2.3939184e-15,320.0,,,,"""src/Resultados/Restriccion demanda/logs/C203-50.xml_log.log""",4,0,13.0.2,C2-50,1527.0,409725.0,
linux64,2026-07-01 07:05:49,8,8,4,413148,254925,6492885,0xa85950b7,750,254055,227700,1.0,100000.0,2.0,60.0,1.0,4000.0,1.0,100000.0,48.46,285243,254805,1401315,324.7,136526,286.86,0,2322,1628823,7207.77,4700.16,,324.7,,,62.0,246.0,478.0,376.0,1.0,5.0,1.0,,,251.0,171.0,,,8,0,TIME_LIMIT,MIP,{'Threads': 4},/home/cgonzalez/mE-VRSPTW/src/Resultados/Restriccion_demanda/logs/C2-50/C204-50.xml_log.log,1,5.0,,,,17.89,15.0,0.0,8.9719898e-15,326.0,4.0,,,"""src/Resultados/Restriccion demanda/logs/C204-50.xml_log.log""",4,0,13.0.2,C2-50,1600.0,414748.0,
linux64,2026-07-01 11:10:31,8,8,4,386259,231210,4312725,0x140340fb,750,230340,203985,1.0,100000.0,2.0,60.0,1.0,4000.0,1.0,100000.0,31.34,260994,231090,1188105,348.4,132520,170.27,0,3174,1222903,7200.84,4477.97,,348.4,,,85.0,1874.0,792.0,590.0,,2.0,1.0,3.0,,190.0,238.0,,,8,0,TIME_LIMIT,MIP,{'Threads': 4},/home/cgonzalez/mE-VRSPTW/src/Resultados/Restriccion_demanda/logs/C2-50/C205-50.xml_log.log,1,2.0,,,,7.61,16.0,0.0,2.4008573e-15,215.0,,,,"""src/Resultados/Restriccion demanda/logs/C205-50.xml_log.log""",4,0,13.0.2,C2-50,3777.0,390036.0,
linux64,2026-07-01 15:15:37,8,8,4,395039,237000,4545975,0x493ebc46,750,236130,209775,1.0,100000.0,2.0,60.0,1.0,4000.0,1.0,100000.0,57.0,266864,236880,1222635,345.8,140946,294.3,0,2383,1171447,7201.63,4290.91,,345.8,,,417.0,571.0,610.0,205.0,,,2.0,1.0,,197.0,34.0,18.0,,8,0,TIME_LIMIT,MIP,{'Threads': 4},/home/cgonzalez/mE-VRSPTW/src/Resultados/Restriccion_demanda/logs/C2-50/C206-50.xml_log.log,1,5.0,,,,11.05,15.0,0.0,4.3576254e-15,368.0,,,,"""src/Resultados/Restriccion demanda/logs/C206-50.xml_log.log""",4,0,13.0.2,C2-50,2060.0,397099.0,
linux64,2026-07-01 19:20:47,8,8,4,398804,240765,4960125,0x9b688b48,750,239895,213540,1.0,100000.0,2.0,60.0,1.0,4000.0,1.0,100000.0,48.85,270674,240645,1260360,344.2,138569,164.31,0,498,1030931,7226.03,4179.61,,344.2,,2.0,427.0,195.0,629.0,168.0,5.0,,1.0,,,196.0,166.0,1.0,,8,0,TIME_LIMIT,MIP,{'Threads': 4},/home/cgonzalez/mE-VRSPTW/src/Resultados/Restriccion_demanda/logs/C2-50/C207-50.xml_log.log,1,3.0,,,,13.15,15.0,0.0,4.2049697e-15,221.0,,,,"""src/Resultados/Restriccion demanda/logs/C207-50.xml_log.log""",4,0,13.0.2,C2-50,1793.0,400597.0,
linux64,2026-07-01 23:25:52,8,8,4,396554,238515,4712625,0x025a19d6,750,237645,211290,1.0,100000.0,2.0,60.0,1.0,4000.0,1.0,100000.0,51.52,268394,238395,1237830,344.1,135915,166.88,0,613,858527,7202.24,4453.69,,344.1,,,98.0,273.0,557.0,443.0,2.0,1.0,2.0,6.0,,166.0,134.0,24.0,,8,0,TIME_LIMIT,MIP,{'Threads': 4},/home/cgonzalez/mE-VRSPTW/src/Resultados/Restriccion_demanda/logs/C2-50/C208-50.xml_log.log,1,5.0,,,,23.08,14.0,0.0,9.5715103e-14,236.0,1.0,,,"""src/Resultados/Restriccion demanda/logs/C208-50.xml_log.log""",4,0,13.0.2,C2-50,1712.0,398266.0,
linux64,2026-07-02 01:27:07,8,8,4,96398,57015,572460,0x6bd550f5,0,56775,48525,1.0,40000.0,7.0,60.0,1.0,2000.0,1.0,40000.0,7.01,65108,56775,275865,617.1,57904,84.32,0,6531,5075791,7202.43,8052.01,,617.1,,,1135.0,16.0,318.0,324.0,319.0,360.0,419.0,2.0,,9.0,546.0,50.0,,8,0,TIME_LIMIT,MIP,{'Threads': 4},/home/cgonzalez/mE-VRSPTW/src/Resultados/Restriccion_demanda/logs/R1-25/R101-25.xml_log.log,1,1.0,,,,,,,,,,,,"""src/Resultados/Restriccion demanda/logs/R101-25.xml_log.log""",4,0,13.0.2,R1-25,3499.0,99897.0,
linux64,2026-07-02 05:29:30,8,8,4,111182,67245,868470,0x0ed2b0c1,375,66720,58785,1.0,40000.0,7.0,60.0,1.0,2000.0,1.0,40000.0,5.58,76142,67095,334950,461.2,49148,34.66,0,5407,3059762,7203.29,4817.45,,504.5,,2.0,277.0,70.0,56.0,73.0,9.0,127.0,189.0,60.0,,36.0,39.0,,,8,0,TIME_LIMIT,MIP,{'Threads': 4},/home/cgonzalez/mE-VRSPTW/src/Resultados/Restriccion_demanda/logs/R1-25/R102-25.xml_log.log,1,2.0,98.0,,,,,,,,,1.0,,"""src/Resultados/Restriccion demanda/logs/R102-25.xml_log.log""",4,0,13.0.2,R1-25,1039.0,112221.0,
linux64,2026-07-02 09:32:27,8,8,4,112937,69000,973770,0xd859b509,375,68475,60540,1.0,40000.0,7.0,60.0,1.0,2000.0,1.0,40000.0,5.92,77942,68850,352470,363.8,46958,53.89,0,3265,2422997,7202.05,4744.5,544.9,392.5,0.279684,,131.0,10.0,19.0,28.0,3.0,72.0,155.0,23.0,,51.0,37.0,,,8,10,TIME_LIMIT,MIP,{'Threads': 4},/home/cgonzalez/mE-VRSPTW/src/Resultados/Restriccion_demanda/logs/R1-25/R103-25.xml_log.log,1,3.0,108.0,,,,,,,,,,,"""src/Resultados/Restriccion demanda/logs/R103-25.xml_log.log""",4,0,13.0.2,R1-25,640.0,113577.0,27.9684
linux64,2026-07-02 13:36:04,8,8,4,115625,70860,1027590,0xcc8fd48e,375,70305,62370,1.0,40000.0,7.0,60.0,1.0,2000.0,1.0,40000.0,12.89,79850,70680,364410,352.8,51115,101.75,0,4452,3172617,7202.59,5560.13,,373.3,,,158.0,13.0,9.0,50.0,4.0,131.0,199.0,54.0,,77.0,69.0,,,8,0,TIME_LIMIT,MIP,{'Threads': 4},/home/cgonzalez/mE-VRSPTW/src/Resultados/Restriccion_demanda/logs/R1-25/R104-25.xml_log.log,1,4.0,174.0,1.0,1.0,,,,,,,,,"""src/Resultados/Restriccion demanda/logs/R104-25.xml_log.log""",4,0,13.0.2,R1-25,944.0,116569.0,
linux64,2026-07-02 17:39:27,8,8,4,101093,60330,675060,0xccc9ce72,210,59910,51855,1.0,40000.0,7.0,60.0,1.0,2000.0,1.0,40000.0,4.98,68558,60120,297345,452.2,53546,55.22,0,2607,2518101,7200.45,5146.95,574.0,516.4,0.100348,,46.0,26.0,4.0,25.0,1.0,144.0,243.0,63.0,,56.0,21.0,1.0,,8,9,TIME_LIMIT,MIP,{'Threads': 4},/home/cgonzalez/mE-VRSPTW/src/Resultados/Restriccion_demanda/logs/R1-25/R105-25.xml_log.log,1,5.0,25.0,,,,,,,,,,,"""src/Resultados/Restriccion demanda/logs/R105-25.xml_log.log""",4,0,13.0.2,R1-25,660.0,101753.0,10.0348
linux64,2026-07-02 21:42:12,8,8,4,112037,68100,919770,0xf3c2dca4,375,67575,59640,1.0,40000.0,7.0,60.0,1.0,2000.0,1.0,40000.0,7.19,76997,67950,343380,378.7,59629,53.53,0,2312,2659773,7200.29,5387.25,,427.2,,6.0,336.0,22.0,55.0,31.0,20.0,392.0,156.0,24.0,,38.0,84.0,,,8,0,TIME_LIMIT,MIP,{'Threads': 4},/home/cgonzalez/mE-VRSPTW/src/Resultados/Restriccion_demanda/logs/R1-25/R106-25.xml_log.log,1,1.0,295.0,,1.0,,,,,,,,,"""src/Resultados/Restriccion demanda/logs/R106-25.xml_log.log""",4,0,13.0.2,R1-25,1461.0,113498.0,
linux64,2026-07-03 01:45:35,8,8,4,113417,69480,1002570,0xc8bacf89,375,68955,61020,1.0,40000.0,7.0,60.0,1.0,2000.0,1.0,40000.0,11.01,78422,69330,357270,354.5,40895,37.14,0,5470,2350027,7209.23,5319.96,,381.2,,,159.0,18.0,15.0,23.0,,116.0,143.0,22.0,,43.0,15.0,,,8,0,TIME_LIMIT,MIP,{'Threads': 4},/home/cgonzalez/mE-VRSPTW/src/Resultados/Restriccion_demanda/logs/R1-25/R107-25.xml_log.log,1,,77.0,,,,,,,,,,,"""src/Resultados/Restriccion demanda/logs/R107-25.xml_log.log""",4,0,13.0.2,R1-25,631.0,114048.0,
linux64,2026-07-03 05:49:52,8,8,4,115970,71205,1048290,0x803d4bb6,375,70665,62730,1.0,40000.0,7.0,60.0,1.0,2000.0,1.0,40000.0,4.7,80210,71040,368010,343.6,61929,50.31,0,8860,4691143,7200.22,9056.53,,351.9,,,30.0,24.0,19.0,20.0,,2.0,9.0,,,48.0,11.0,,,8,0,TIME_LIMIT,MIP,{'Threads': 4},/home/cgonzalez/mE-VRSPTW/src/Resultados/Restriccion_demanda/logs/R1-25/R108-25.xml_log.log,1,1.0,,,,,,,,,,,,"""src/Resultados/Restriccion demanda/logs/R108-25.xml_log.log""",4,0,13.0.2,R1-25,164.0,116134.0,
linux64,2026-07-03 09:52:53,8,8,4,108614,65505,821850,0x8e35be52,375,64935,57000,1.0,40000.0,7.0,60.0,1.0,2000.0,1.0,40000.0,4.39,74294,65310,330015,374.7,46529,30.36,0,1424,3238586,7201.27,4926.94,473.5,401.6,0.15184799999999998,,148.0,33.0,43.0,199.0,10.0,209.0,179.0,70.0,,72.0,39.0,,,8,9,TIME_LIMIT,MIP,{'Threads': 4},/home/cgonzalez/mE-VRSPTW/src/Resultados/Restriccion_demanda/logs/R1-25/R109-25.xml_log.log,1,4.0,31.0,,,,,,,,,1.0,,"""src/Resultados/Restriccion demanda/logs/R109-25.xml_log.log""",4,0,13.0.2,R1-25,1038.0,109652.0,15.1848
linux64,2026-07-03 13:55:38,8,8,4,114065,69300,933990,0x444be539,375,68745,60810,1.0,40000.0,7.0,60.0,1.0,2000.0,1.0,40000.0,5.22,78170,69120,353175,344.7,54964,38.73,0,1595,2631290,7209.78,5537.47,,368.0,,1.0,108.0,18.0,20.0,70.0,2.0,456.0,121.0,50.0,,70.0,15.0,,,8,0,TIME_LIMIT,MIP,{'Threads': 4},/home/cgonzalez/mE-VRSPTW/src/Resultados/Restriccion_demanda/logs/R1-25/R110-25.xml_log.log,1,3.0,687.0,,,,,,,,,,,"""src/Resultados/Restriccion demanda/logs/R110-25.xml_log.log""",4,0,13.0.2,R1-25,1621.0,115686.0,
linux64,2026-07-03 17:58:20,8,8,4,112511,68850,984030,0x360c9f4a,375,68310,60375,1.0,40000.0,7.0,60.0,1.0,2000.0,1.0,40000.0,4.71,77726,68685,355050,354.5,54607,52.62,0,3461,2633106,7209.49,5528.43,507.9,392.8,0.226619,,183.0,21.0,34.0,26.0,1.0,170.0,183.0,37.0,,96.0,23.0,,,8,3,TIME_LIMIT,MIP,{'Threads': 4},/home/cgonzalez/mE-VRSPTW/src/Resultados/Restriccion_demanda/logs/R1-25/R111-25.xml_log.log,1,,88.0,,,,,,,,,,,"""src/Resultados/Restriccion demanda/logs/R111-25.xml_log.log""",4,0,13.0.2,R1-25,862.0,113373.0,22.6619
linux64,2026-07-03 22:01:45,8,8,4,116465,71700,1077990,0xcc9b7fd5,375,71190,63255,1.0,40000.0,7.0,60.0,1.0,2000.0,1.0,40000.0,4.83,80630,71565,370470,343.6,65062,42.26,0,8784,3301614,7200.17,7004.54,,356.2,,,73.0,38.0,41.0,136.0,19.0,145.0,17.0,48.0,,77.0,30.0,,,8,0,TIME_LIMIT,MIP,{'Threads': 4},/home/cgonzalez/mE-VRSPTW/src/Resultados/Restriccion_demanda/logs/R1-25/R112-25.xml_log.log,1,5.0,24.0,,,,,,,,,,,"""src/Resultados/Restriccion demanda/logs/R112-25.xml_log.log""",4,0,13.0.2,R1-25,653.0,117118.0,
linux64,2026-07-02 03:28:30,8,8,4,197625,118740,2266140,0x564ad593,0,118230,101715,1.0,40000.0,5.0,60.0,1.0,2000.0,1.0,40000.0,30.79,133575,118230,598230,1031.2,63470,47.67,0,494,1543272,7200.25,4641.17,,1038.9,,10.0,417.0,194.0,856.0,48.0,26.0,6.0,2.0,1.0,,46.0,241.0,2.0,,8,0,TIME_LIMIT,MIP,{'Threads': 4},/home/cgonzalez/mE-VRSPTW/src/Resultados/Restriccion_demanda/logs/R1-50/R101-50.xml_log.log,1,,,,,2.95,22.0,0.0,9.3675068e-15,86.0,,,,"""src/Resultados/Restriccion demanda/logs/R101-50.xml_log.log""",4,0,13.0.2,R1-50,1849.0,199474.0,
linux64,2026-07-02 07:31:00,8,8,4,236559,146910,3911700,0x7da3cc6a,750,145665,129810,1.0,40000.0,5.0,60.0,1.0,2000.0,1.0,40000.0,18.09,164514,146415,799830,719.5,68524,58.87,0,737,1236551,7201.72,5177.57,,761.6,,19.0,94.0,943.0,342.0,346.0,28.0,22.0,31.0,16.0,,167.0,1257.0,6.0,,8,0,TIME_LIMIT,MIP,{'Threads': 4},/home/cgonzalez/mE-VRSPTW/src/Resultados/Restriccion_demanda/logs/R1-50/R102-50.xml_log.log,1,,,,,3.1,13.0,0.0,4.7031823e-13,80.0,,,,"""src/Resultados/Restriccion demanda/logs/R102-50.xml_log.log""",4,0,13.0.2,R1-50,3271.0,239830.0,
linux64,2026-07-02 11:34:39,8,8,4,249684,157275,4679250,0x4836128f,750,156090,140235,1.0,40000.0,5.0,60.0,1.0,2000.0,1.0,40000.0,37.06,175104,156840,876885,572.9,70882,57.48,0,381,1483347,7203.69,4890.78,,631.3,,2.0,71.0,928.0,191.0,570.0,15.0,12.0,232.0,1.0,,98.0,2442.0,,,8,0,TIME_LIMIT,MIP,{'Threads': 4},/home/cgonzalez/mE-VRSPTW/src/Resultados/Restriccion_demanda/logs/R1-50/R103-50.xml_log.log,1,3.0,,,,8.7,14.0,0.0,1.3017365e-14,100.0,,,,"""src/Resultados/Restriccion demanda/logs/R103-50.xml_log.log""",4,0,13.0.2,R1-50,4565.0,254249.0,
linux64,2026-07-02 15:37:57,8,8,4,257733,164220,5294160,0x4ded1afb,750,163110,147255,1.0,40000.0,4.0,60.0,1.0,2000.0,1.0,40000.0,18.42,182283,163860,931245,502.9,71992,73.3,0,5173,1251823,7200.75,4991.56,,521.8,,,199.0,150.0,80.0,93.0,8.0,224.0,184.0,27.0,,90.0,121.0,,,8,0,TIME_LIMIT,MIP,{'Threads': 4},/home/cgonzalez/mE-VRSPTW/src/Resultados/Restriccion_demanda/logs/R1-50/R104-50.xml_log.log,1,31.0,93.0,,,7.69,14.0,0.0,2.9226621e-14,96.0,,,,"""src/Resultados/Restriccion demanda/logs/R104-50.xml_log.log""",4,0,13.0.2,R1-50,1300.0,259033.0,
linux64,2026-07-02 19:40:56,8,8,4,208500,126855,2786190,0xf24d5970,570,125835,109845,1.0,40000.0,4.0,60.0,1.0,2000.0,1.0,40000.0,12.53,142770,126405,660360,804.7,64838,27.7,0,289,1053519,7200.72,5271.14,,852.3,,,229.0,3831.0,776.0,499.0,5.0,97.0,124.0,10.0,,299.0,10302.0,1.0,,8,0,TIME_LIMIT,MIP,{'Threads': 4},/home/cgonzalez/mE-VRSPTW/src/Resultados/Restriccion_demanda/logs/R1-50/R105-50.xml_log.log,1,,,,,1.94,18.0,0.0,1.6094764e-13,43.0,,,,"""src/Resultados/Restriccion demanda/logs/R105-50.xml_log.log""",4,0,13.0.2,R1-50,16173.0,224673.0,
linux64,2026-07-02 23:43:53,8,8,4,239499,149850,4235100,0xc7b49de1,750,148695,132840,1.0,40000.0,4.0,60.0,1.0,2000.0,1.0,40000.0,15.74,167544,149445,826875,562.7,69683,34.87,0,277,1236556,7200.42,4846.84,,639.4,,5.0,67.0,1576.0,199.0,86.0,14.0,11.0,458.0,1.0,,51.0,2278.0,,,8,0,TIME_LIMIT,MIP,{'Threads': 4},/home/cgonzalez/mE-VRSPTW/src/Resultados/Restriccion_demanda/logs/R1-50/R106-50.xml_log.log,1,1.0,,,,2.64,16.0,0.0,9.1870955e-15,57.0,,,,"""src/Resultados/Restriccion demanda/logs/R106-50.xml_log.log""",4,0,13.0.2,R1-50,4747.0,244246.0,
linux64,2026-07-03 03:47:51,8,8,4,251574,159165,4887150,0xe07b5d43,750,158025,142170,1.0,40000.0,4.0,60.0,1.0,2000.0,1.0,40000.0,22.56,177039,158775,895395,499.8,72470,59.49,0,1055,971888,7200.17,5203.41,,529.3,,,,,,,,,,,,,,,,8,0,TIME_LIMIT,MIP,{'Threads': 4},/home/cgonzalez/mE-VRSPTW/src/Resultados/Restriccion_demanda/logs/R1-50/R107-50.xml_log.log,1,,,,,4.66,14.0,0.0,6.5225603e-15,88.0,,,,"""src/Resultados/Restriccion demanda/logs/R107-50.xml_log.log""",4,0,13.0.2,R1-50,0.0,251574.0,
linux64,2026-07-03 07:51:34,8,8,4,258408,164895,5368410,0x4b758f3c,750,163785,147930,1.0,40000.0,4.0,60.0,1.0,2000.0,1.0,40000.0,59.0,182958,164535,937995,476.4,72337,49.44,0,1779,1165276,7203.99,5104.98,,506.4,,,327.0,111.0,296.0,300.0,7.0,493.0,164.0,65.0,,112.0,138.0,,,8,0,TIME_LIMIT,MIP,{'Threads': 4},/home/cgonzalez/mE-VRSPTW/src/Resultados/Restriccion_demanda/logs/R1-50/R108-50.xml_log.log,1,31.0,259.0,,,3.3,13.0,0.0,8.5764729e-15,113.0,1.0,,1.0,"""src/Resultados/Restriccion demanda/logs/R108-50.xml_log.log""",4,0,13.0.2,R1-50,2305.0,260713.0,
linux64,2026-07-03 11:54:27,8,8,4,227352,141015,3710370,0x94508b84,750,139830,123975,1.0,40000.0,4.0,60.0,1.0,2000.0,1.0,40000.0,15.55,158517,140580,771915,571.3,69548,55.1,0,1111,1141733,7201.36,5031.17,,632.4,,,120.0,29.0,157.0,71.0,3.0,46.0,62.0,,,158.0,28.0,,,8,0,TIME_LIMIT,MIP,{'Threads': 4},/home/cgonzalez/mE-VRSPTW/src/Resultados/Restriccion_demanda/logs/R1-50/R109-50.xml_log.log,1,2.0,59.0,,,4.32,15.0,0.0,2.9004577e-14,76.0,,,,"""src/Resultados/Restriccion demanda/logs/R109-50.xml_log.log""",4,0,13.0.2,R1-50,735.0,228087.0,
linux64,2026-07-03 15:57:10,8,8,4,241734,152085,4480950,0x51e697b4,750,150930,135075,1.0,40000.0,4.0,60.0,1.0,2000.0,1.0,40000.0,15.52,169734,151680,851115,499.0,70874,53.6,0,463,874447,7200.62,5542.79,,520.9,,,142.0,190.0,415.0,117.0,21.0,27.0,28.0,21.0,,386.0,259.0,1.0,,8,0,TIME_LIMIT,MIP,{'Threads': 4},/home/cgonzalez/mE-VRSPTW/src/Resultados/Restriccion_demanda/logs/R1-50/R110-50.xml_log.log,1,4.0,,,,5.35,12.0,0.0,3.02397e-14,72.0,,,,"""src/Resultados/Restriccion demanda/logs/R110-50.xml_log.log""",4,0,13.0.2,R1-50,1611.0,243345.0,
linux64,2026-07-03 20:00:07,8,8,4,244854,155205,4824150,0x5b51cb70,750,154065,138210,1.0,40000.0,4.0,60.0,1.0,2000.0,1.0,40000.0,16.37,172929,154815,876795,496.6,69874,57.61,0,1129,1575416,7201.55,4557.21,,548.3,,,383.0,75.0,41.0,98.0,8.0,253.0,228.0,43.0,,129.0,161.0,,,8,0,TIME_LIMIT,MIP,{'Threads': 4},/home/cgonzalez/mE-VRSPTW/src/Resultados/Restriccion_demanda/logs/R1-50/R111-50.xml_log.log,1,6.0,373.0,,,4.93,14.0,0.0,6.5780714e-15,78.0,1.0,10.0,,"""src/Resultados/Restriccion demanda/logs/R111-50.xml_log.log""",4,0,13.0.2,R1-50,1809.0,246663.0,
linux64,2026-07-04 00:03:25,8,8,4,250254,160605,5418150,0x226bbe88,750,159510,143655,1.0,40000.0,4.0,60.0,1.0,2000.0,1.0,40000.0,51.9,178359,160260,922620,470.6,70199,66.45,0,5096,1112914,7201.38,4410.59,,493.0,,1.0,97.0,85.0,223.0,241.0,12.0,566.0,45.0,37.0,,93.0,109.0,,,8,0,TIME_LIMIT,MIP,{'Threads': 4},/home/cgonzalez/mE-VRSPTW/src/Resultados/Restriccion_demanda/logs/R1-50/R112-50.xml_log.log,1,22.0,528.0,,,7.19,14.0,0.0,7.9630746e-14,125.0,1.0,1.0,,"""src/Resultados/Restriccion demanda/logs/R112-50.xml_log.log""",4,0,13.0.2,R1-50,2061.0,252315.0,
linux64,2026-07-04 02:04:48,8,8,4,121465,72585,840780,0x41a8fcda,375,72090,63660,1.0,200000.0,7.0,60.0,1.0,2000.0,1.0,200000.0,6.3,82100,72465,357465,423.0,68930,71.21,0,9859,5693414,7200.54,8965.63,542.0,425.9,0.214207,,18.0,27.0,2.0,8.0,,,,,,34.0,6.0,,,8,10,TIME_LIMIT,MIP,{'Threads': 4},/home/cgonzalez/mE-VRSPTW/src/Resultados/Restriccion_demanda/logs/R2-25/R201-25.xml_log.log,1,,,,,,,,,,,,,"""src/Resultados/Restriccion demanda/logs/R201-25.xml_log.log""",4,0,13.0.2,R2-25,95.0,121560.0,21.4207
linux64,2026-07-04 06:07:52,8,8,4,128178,77550,1016700,0xda0b040d,375,77055,68625,1.0,200000.0,7.0,60.0,1.0,2000.0,1.0,200000.0,7.1,87163,77430,390885,367.8,61779,77.3,0,5334,3209357,7204.31,4956.39,451.3,390.7,0.13427899999999998,,82.0,22.0,,51.0,23.0,1631.0,184.0,19.0,,102.0,225.0,,,8,10,TIME_LIMIT,MIP,{'Threads': 4},/home/cgonzalez/mE-VRSPTW/src/Resultados/Restriccion_demanda/logs/R2-25/R202-25.xml_log.log,1,3.0,15.0,,,,,,,,,,,"""src/Resultados/Restriccion demanda/logs/R202-25.xml_log.log""",4,0,13.0.2,R2-25,2357.0,130535.0,13.427899999999998
linux64,2026-07-04 10:11:23,8,8,4,129318,78690,1085100,0xad7de2c8,375,78195,69765,1.0,200000.0,7.0,60.0,1.0,2000.0,1.0,200000.0,6.42,88348,78570,401235,354.5,32815,36.36,0,5228,3410132,7201.7,5517.25,442.7,367.9,0.168963,,74.0,23.0,6.0,33.0,1.0,672.0,52.0,17.0,,47.0,200.0,,,8,10,TIME_LIMIT,MIP,{'Threads': 4},/home/cgonzalez/mE-VRSPTW/src/Resultados/Restriccion_demanda/logs/R2-25/R203-25.xml_log.log,1,6.0,447.0,,,,,,,,,,,"""src/Resultados/Restriccion demanda/logs/R203-25.xml_log.log""",4,0,13.0.2,R2-25,1578.0,130896.0,16.8963
linux64,2026-07-04 14:15:09,8,8,4,130419,79515,1115340,0xf5a9306c,375,79020,70590,1.0,200000.0,7.0,60.0,1.0,2000.0,1.0,200000.0,6.46,89239,79395,406980,343.6,40676,40.16,0,7051,3887076,7200.18,7291.8,,357.0,,,61.0,18.0,24.0,90.0,17.0,336.0,34.0,42.0,,31.0,10.0,,,8,0,TIME_LIMIT,MIP,{'Threads': 4},/home/cgonzalez/mE-VRSPTW/src/Resultados/Restriccion_demanda/logs/R2-25/R204-25.xml_log.log,1,6.0,11.0,,,,,,,,2.0,,,"""src/Resultados/Restriccion demanda/logs/R204-25.xml_log.log""",4,0,13.0.2,R2-25,682.0,131101.0,
linux64,2026-07-04 18:18:50,8,8,4,123250,74370,947880,0xf013143a,375,73875,65445,1.0,200000.0,7.0,60.0,1.0,2000.0,1.0,200000.0,9.27,83885,74250,373530,374.7,45851,43.98,0,7173,4314783,7200.84,6834.78,454.8,389.0000000596,0.144679,,118.0,155.0,96.0,54.0,30.0,534.0,23.0,20.0,,86.0,72.0,,,8,10,TIME_LIMIT,MIP,{'Threads': 4},/home/cgonzalez/mE-VRSPTW/src/Resultados/Restriccion_demanda/logs/R2-25/R205-25.xml_log.log,1,2.0,8.0,,,,,,,,,,,"""src/Resultados/Restriccion demanda/logs/R205-25.xml_log.log""",4,0,13.0.2,R2-25,1198.0,124448.0,14.4679
linux64,2026-07-04 22:22:10,8,8,4,128898,78270,1059900,0x67e7a124,375,77775,69345,1.0,200000.0,7.0,60.0,1.0,2000.0,1.0,200000.0,7.6,87883,78150,397365,343.6,49315,50.13,0,3020,3478129,7205.04,4864.53,432.5,367.1,0.151214,,95.0,13.0,1.0,59.0,13.0,121.0,105.0,40.0,,93.0,15.0,,,8,10,TIME_LIMIT,MIP,{'Threads': 4},/home/cgonzalez/mE-VRSPTW/src/Resultados/Restriccion_demanda/logs/R2-25/R206-25.xml_log.log,1,2.0,2.0,,,,,,,,1.0,,,"""src/Resultados/Restriccion demanda/logs/R206-25.xml_log.log""",4,0,13.0.2,R2-25,560.0,129458.0,15.1214
linux64,2026-07-05 02:26:10,8,8,4,129513,78885,1096800,0x75e80e32,375,78390,69960,1.0,200000.0,7.0,60.0,1.0,2000.0,1.0,200000.0,8.44,88543,78765,402990,343.6,48777,69.78,0,3964,3063846,7205.74,4719.69,437.1,359.7,0.17707599999999998,,157.0,51.0,21.0,68.0,8.0,689.0,69.0,51.0,,205.0,34.0,,,8,10,TIME_LIMIT,MIP,{'Threads': 4},/home/cgonzalez/mE-VRSPTW/src/Resultados/Restriccion_demanda/logs/R2-25/R207-25.xml_log.log,1,8.0,26.0,,,,,,,,,,,"""src/Resultados/Restriccion demanda/logs/R207-25.xml_log.log""",4,0,13.0.2,R2-25,1387.0,130900.0,17.7076
linux64,2026-07-05 06:30:13,8,8,4,130494,79590,1119840,0x739e481a,375,79095,70665,1.0,200000.0,7.0,60.0,1.0,2000.0,1.0,200000.0,6.8,89314,79470,407655,343.6,38531,34.6,0,4556,2337660,7200.78,4844.11,,356.2000000019,,,131.0,44.0,24.0,91.0,16.0,220.0,35.0,63.0,,91.0,21.0,,,8,0,TIME_LIMIT,MIP,{'Threads': 4},/home/cgonzalez/mE-VRSPTW/src/Resultados/Restriccion_demanda/logs/R2-25/R208-25.xml_log.log,1,6.0,16.0,,,,,,,,,,,"""src/Resultados/Restriccion demanda/logs/R208-25.xml_log.log""",4,0,13.0.2,R2-25,758.0,131252.0,
linux64,2026-07-05 10:33:35,8,8,4,128784,77880,1017240,0x476e14a6,375,77385,68955,1.0,200000.0,7.0,60.0,1.0,2000.0,1.0,200000.0,5.86,87469,77760,391980,355.7,61477,86.39,0,1251,2701770,7203.75,5829.14,489.8,367.7,0.249285,,155.0,25.0,21.0,76.0,6.0,346.0,103.0,23.0,,37.0,89.0,,,8,6,TIME_LIMIT,MIP,{'Threads': 4},/home/cgonzalez/mE-VRSPTW/src/Resultados/Restriccion_demanda/logs/R2-25/R209-25.xml_log.log,1,8.0,60.0,,1.0,,,,,,,,,"""src/Resultados/Restriccion demanda/logs/R209-25.xml_log.log""",4,0,13.0.2,R2-25,950.0,129734.0,24.9285
linux64,2026-07-05 14:36:38,8,8,4,128581,78045,1052820,0x56b0f2d5,375,77550,69120,1.0,200000.0,7.0,60.0,1.0,2000.0,1.0,200000.0,8.69,87611,77925,395850,354.5,52715,46.49,0,1196,2739053,7204.89,5298.03,455.1,393.6,0.135135,,141.0,25.0,7.0,129.0,24.0,1724.0,123.0,48.0,,124.0,63.0,,,8,9,TIME_LIMIT,MIP,{'Threads': 4},/home/cgonzalez/mE-VRSPTW/src/Resultados/Restriccion_demanda/logs/R2-25/R210-25.xml_log.log,1,2.0,541.0,,,,,,,,,,2.0,"""src/Resultados/Restriccion demanda/logs/R210-25.xml_log.log""",4,0,13.0.2,R2-25,2953.0,131534.0,13.5135
linux64,2026-07-05 18:39:52,8,8,4,130659,79755,1129740,0xe68e60b0,375,79260,70830,1.0,200000.0,7.0,60.0,1.0,2000.0,1.0,200000.0,7.57,89359,79635,408900,343.6,51987,54.23,0,4490,2722832,7200.05,5584.42,,356.2,,,81.0,23.0,15.0,57.0,21.0,387.0,19.0,32.0,,83.0,12.0,,,8,0,TIME_LIMIT,MIP,{'Threads': 4},/home/cgonzalez/mE-VRSPTW/src/Resultados/Restriccion_demanda/logs/R2-25/R211-25.xml_log.log,1,10.0,21.0,,,,,,,,,,,"""src/Resultados/Restriccion demanda/logs/R211-25.xml_log.log""",4,0,13.0.2,R2-25,761.0,131420.0,
linux64,2026-07-04 04:06:19,8,8,4,252199,154470,3619680,0x73d1ba73,750,153525,136680,1.0,200000.0,4.0,60.0,1.0,2000.0,1.0,200000.0,13.55,173544,154275,806655,720.4,82573,75.93,0,403,1032043,7201.67,4370.97,,768.8,,,421.0,732.0,1286.0,164.0,4.0,23.0,,9.0,,283.0,707.0,9.0,,8,0,TIME_LIMIT,MIP,{'Threads': 4},/home/cgonzalez/mE-VRSPTW/src/Resultados/Restriccion_demanda/logs/R2-50/R201-50.xml_log.log,1,1.0,,,,4.57,14.0,0.0,1.3743173e-13,93.0,1.0,,,"""src/Resultados/Restriccion demanda/logs/R201-50.xml_log.log""",4,0,13.0.2,R2-50,3640.0,255839.0,
linux64,2026-07-04 08:09:56,8,8,4,270842,169065,4678650,0x98cb4aa6,750,168120,151275,1.0,200000.0,4.0,60.0,1.0,2000.0,1.0,200000.0,28.17,188332,168870,911820,554.6,86985,63.99,0,218,1359578,7200.41,4054.02,,579.7,,,148.0,2856.0,543.0,303.0,77.0,64.0,8.0,15.0,,295.0,5587.0,,,8,0,TIME_LIMIT,MIP,{'Threads': 4},/home/cgonzalez/mE-VRSPTW/src/Resultados/Restriccion_demanda/logs/R2-50/R202-50.xml_log.log,1,1.0,,,,6.08,13.0,0.0,8.6361474e-14,103.0,,,,"""src/Resultados/Restriccion demanda/logs/R202-50.xml_log.log""",4,0,13.0.2,R2-50,9897.0,280739.0,
linux64,2026-07-04 12:13:25,8,8,4,277432,174735,5178150,0xf6060ca9,750,173790,156945,1.0,200000.0,4.0,60.0,1.0,2000.0,1.0,200000.0,20.01,194127,174540,957030,499.8,87208,79.51,0,674,875506,7201.29,4371.27,,510.2,,,49.0,814.0,698.0,522.0,21.0,8.0,2.0,1.0,,345.0,672.0,3.0,,8,0,TIME_LIMIT,MIP,{'Threads': 4},/home/cgonzalez/mE-VRSPTW/src/Resultados/Restriccion_demanda/logs/R2-50/R203-50.xml_log.log,1,3.0,,,,6.44,12.0,0.0,2.4424907e-14,97.0,,,,"""src/Resultados/Restriccion demanda/logs/R203-50.xml_log.log""",4,0,13.0.2,R2-50,3138.0,280570.0,
linux64,2026-07-04 16:17:15,8,8,4,281400,178335,5524470,0x64b8e23e,750,177390,160545,1.0,200000.0,4.0,60.0,1.0,2000.0,1.0,200000.0,16.11,197870,178140,987270,476.4,86263,94.86,0,4287,1406282,7200.79,5527.38,,476.4,,,37.0,250.0,439.0,138.0,1.0,,,78.0,,279.0,80.0,2.0,,8,0,TIME_LIMIT,MIP,{'Threads': 4},/home/cgonzalez/mE-VRSPTW/src/Resultados/Restriccion_demanda/logs/R2-50/R204-50.xml_log.log,1,,,,,13.22,12.0,0.0,2.9712344e-14,116.0,,,,"""src/Resultados/Restriccion demanda/logs/R204-50.xml_log.log""",4,0,13.0.2,R2-50,1304.0,282704.0,
linux64,2026-07-04 20:20:39,8,8,4,260514,161865,4308930,0x3fe4c02e,750,160920,144075,1.0,200000.0,4.0,60.0,1.0,2000.0,1.0,200000.0,15.03,180959,161670,867120,574.0,84210,75.95,0,1109,1246553,7201.17,4544.58,,611.8,,,77.0,53.0,185.0,203.0,18.0,168.0,31.0,4.0,,25.0,25.0,,,8,0,TIME_LIMIT,MIP,{'Threads': 4},/home/cgonzalez/mE-VRSPTW/src/Resultados/Restriccion_demanda/logs/R2-50/R205-50.xml_log.log,1,10.0,321.0,,,7.79,12.0,0.0,7.2636341e-14,98.0,,3.0,,"""src/Resultados/Restriccion demanda/logs/R205-50.xml_log.log""",4,0,13.0.2,R2-50,1123.0,261637.0,
linux64,2026-07-05 00:24:08,8,8,4,273677,171900,4990500,0xaab5cbb1,750,170955,154110,1.0,200000.0,4.0,60.0,1.0,2000.0,1.0,200000.0,21.89,191167,171705,937275,501.7,85664,81.25,0,5137,1254391,7211.35,4197.72,,546.8,,,149.0,56.0,231.0,170.0,10.0,1266.0,135.0,3.0,,53.0,84.0,,,8,0,TIME_LIMIT,MIP,{'Threads': 4},/home/cgonzalez/mE-VRSPTW/src/Resultados/Restriccion_demanda/logs/R2-50/R206-50.xml_log.log,1,10.0,440.0,,,10.01,11.0,0.0,3.6831649e-14,109.0,,,,"""src/Resultados/Restriccion demanda/logs/R206-50.xml_log.log""",4,0,13.0.2,R2-50,2607.0,276284.0,
linux64,2026-07-05 04:28:38,8,8,4,278632,175935,5310150,0x78b9b404,750,174990,158145,1.0,200000.0,4.0,60.0,1.0,2000.0,1.0,200000.0,20.63,195327,175740,967800,473.2,86973,102.12,0,5294,1175435,7201.13,4017.34,,487.5,,,151.0,90.0,283.0,176.0,83.0,573.0,60.0,5.0,,66.0,57.0,,,8,0,TIME_LIMIT,MIP,{'Threads': 4},/home/cgonzalez/mE-VRSPTW/src/Resultados/Restriccion_demanda/logs/R2-50/R207-50.xml_log.log,1,11.0,330.0,7.0,,9.23,14.0,0.0,1.1508502e-13,135.0,1.0,,,"""src/Resultados/Restriccion demanda/logs/R207-50.xml_log.log""",4,0,13.0.2,R2-50,1893.0,280525.0,
linux64,2026-07-05 08:32:16,8,8,4,281520,178455,5537670,0xa7abf711,750,177510,160665,1.0,200000.0,4.0,60.0,1.0,2000.0,1.0,200000.0,28.87,197990,178260,988350,470.6,86337,121.57,0,5297,1252360,7201.36,4319.05,,481.1,,,109.0,119.0,194.0,224.0,22.0,788.0,38.0,17.0,,41.0,133.0,,,8,0,TIME_LIMIT,MIP,{'Threads': 4},/home/cgonzalez/mE-VRSPTW/src/Resultados/Restriccion_demanda/logs/R2-50/R208-50.xml_log.log,1,9.0,309.0,,,23.37,12.0,0.0,1.6506241e-13,162.0,,,,"""src/Resultados/Restriccion demanda/logs/R208-50.xml_log.log""",4,0,13.0.2,R2-50,2003.0,283523.0,
linux64,2026-07-05 12:35:22,8,8,4,271877,170100,4792500,0xd0582b63,750,169155,152310,1.0,200000.0,4.0,60.0,1.0,2000.0,1.0,200000.0,18.38,189292,169905,920940,532.5,86104,104.86,0,536,1353373,7201.03,5138.71,,540.5,,,65.0,338.0,810.0,277.0,14.0,3.0,10.0,2.0,,400.0,712.0,1.0,,8,0,TIME_LIMIT,MIP,{'Threads': 4},/home/cgonzalez/mE-VRSPTW/src/Resultados/Restriccion_demanda/logs/R2-50/R209-50.xml_log.log,1,10.0,,,,10.77,11.0,0.0,2.9337643e-14,131.0,,,,"""src/Resultados/Restriccion demanda/logs/R209-50.xml_log.log""",4,0,13.0.2,R2-50,2642.0,274519.0,
linux64,2026-07-05 16:38:19,8,8,4,272191,171150,5007360,0xfc9c6e51,750,170205,153360,1.0,200000.0,4.0,60.0,1.0,2000.0,1.0,200000.0,19.64,190311,170955,935160,506.5,86192,100.42,0,657,1103051,7203.22,5052.46,,531.2,,,104.0,1717.0,764.0,476.0,127.0,21.0,19.0,1.0,,346.0,2225.0,,,8,0,TIME_LIMIT,MIP,{'Threads': 4},/home/cgonzalez/mE-VRSPTW/src/Resultados/Restriccion_demanda/logs/R2-50/R210-50.xml_log.log,1,6.0,,,,14.38,12.0,0.0,3.3824464e-12,128.0,,,,"""src/Resultados/Restriccion demanda/logs/R210-50.xml_log.log""",4,0,13.0.2,R2-50,5806.0,277997.0,
linux64,2026-07-05 20:41:59,8,8,4,278522,176745,5523450,0xed37b4fc,750,175800,158955,1.0,200000.0,4.0,60.0,1.0,2000.0,1.0,200000.0,21.94,195952,176550,980775,470.6,86475,114.92,0,5302,1040736,7200.44,4763.22,,470.6,,1.0,127.0,199.0,446.0,166.0,,1.0,,5.0,,334.0,43.0,1.0,,8,0,TIME_LIMIT,MIP,{'Threads': 4},/home/cgonzalez/mE-VRSPTW/src/Resultados/Restriccion_demanda/logs/R2-50/R211-50.xml_log.log,1,16.0,,,,12.64,12.0,0.0,3.9968029e-15,147.0,,,,"""src/Resultados/Restriccion demanda/logs/R211-50.xml_log.log""",4,0,13.0.2,R2-50,1339.0,279861.0,
linux64,2026-07-05 22:43:42,8,8,4,91156,53655,503295,0x454f4d63,360,53055,44880,1.0,40000.0,2.0,60.0,1.0,2000.0,1.0,40000.0,7.71,62441,53415,263160,331.9,42874,24.23,0,3968,4355614,7200.54,4576.29,552.9,433.6,0.21577100000000002,,,,,,,,,,,,,,,8,10,TIME_LIMIT,MIP,{'Threads': 4},/home/cgonzalez/mE-VRSPTW/src/Resultados/Restriccion_demanda/logs/RC1-25/RC101-25.xml_log.log,1,,,,,,,,,,,,,"""src/Resultados/Restriccion demanda/logs/RC101-25.xml_log.log""",4,0,13.0.2,RC1-25,0.0,91156.0,21.5771
linux64,2026-07-06 02:45:42,8,8,4,99916,58965,581145,0x6b48e8c4,375,58350,50190,1.0,40000.0,2.0,60.0,1.0,2000.0,1.0,40000.0,4.12,67901,58725,289470,298.3,43420,20.23,0,17343,4309227,7200.83,8642.47,522.1,306.7,0.412565,,15.0,38.0,12.0,28.0,,1.0,10.0,,,61.0,9.0,,,8,2,TIME_LIMIT,MIP,{'Threads': 4},/home/cgonzalez/mE-VRSPTW/src/Resultados/Restriccion_demanda/logs/RC1-25/RC102-25.xml_log.log,1,1.0,,,,,,,,,,,,"""src/Resultados/Restriccion demanda/logs/RC102-25.xml_log.log""",4,0,13.0.2,RC1-25,175.0,100091.0,41.2565
linux64,2026-07-06 06:47:53,8,8,4,100471,59520,614445,0xb602cdf2,375,58905,50745,1.0,40000.0,2.0,60.0,1.0,2000.0,1.0,40000.0,3.74,68546,59280,295170,279.4,39074,17.62,0,4066,4275562,7200.13,4770.49,,292.0,,,110.0,74.0,9.0,123.0,11.0,1646.0,33.0,15.0,,39.0,14.0,,,8,0,TIME_LIMIT,MIP,{'Threads': 4},/home/cgonzalez/mE-VRSPTW/src/Resultados/Restriccion_demanda/logs/RC1-25/RC103-25.xml_log.log,1,3.0,7.0,,,,,,,,,,2.0,"""src/Resultados/Restriccion demanda/logs/RC103-25.xml_log.log""",4,0,13.0.2,RC1-25,2086.0,102557.0,
linux64,2026-07-06 10:50:06,8,8,4,100741,59790,630645,0x41b53cc9,375,59175,51015,1.0,40000.0,2.0,60.0,1.0,2000.0,1.0,40000.0,3.23,68846,59550,297915,277.6,39366,26.02,0,20708,3245512,7207.25,5373.57,312.8,285.3,0.08791600000000001,,59.0,38.0,20.0,77.0,6.0,1147.0,9.0,14.0,,33.0,130.0,,,8,10,TIME_LIMIT,MIP,{'Threads': 4},/home/cgonzalez/mE-VRSPTW/src/Resultados/Restriccion_demanda/logs/RC1-25/RC104-25.xml_log.log,1,17.0,20.0,,,,,,,,,,,"""src/Resultados/Restriccion demanda/logs/RC104-25.xml_log.log""",4,0,13.0.2,RC1-25,1570.0,102311.0,8.7916
linux64,2026-07-06 14:54:00,8,8,4,97024,57315,568815,0x773674ff,345,56730,48555,1.0,40000.0,2.0,60.0,1.0,2000.0,1.0,40000.0,7.12,66134,57075,282375,362.6,44135,33.79,0,2368,2471214,7202.38,3915.82,,384.5,,,109.0,6.0,44.0,61.0,2.0,270.0,215.0,60.0,,42.0,130.0,,,8,0,TIME_LIMIT,MIP,{'Threads': 4},/home/cgonzalez/mE-VRSPTW/src/Resultados/Restriccion_demanda/logs/RC1-25/RC105-25.xml_log.log,1,1.0,205.0,,,,,,,,,1.0,,"""src/Resultados/Restriccion demanda/logs/RC105-25.xml_log.log""",4,0,13.0.2,RC1-25,1146.0,98170.0,
linux64,2026-07-06 18:55:56,8,8,4,96736,57165,569445,0x982ac977,375,56550,48390,1.0,40000.0,2.0,60.0,1.0,2000.0,1.0,40000.0,2.82,66056,56925,282225,297.5,47483,38.92,0,15273,4487938,7200.09,5580.64,,324.5,,2.0,109.0,26.0,44.0,53.0,14.0,366.0,28.0,27.0,,69.0,56.0,,,8,0,TIME_LIMIT,MIP,{'Threads': 4},/home/cgonzalez/mE-VRSPTW/src/Resultados/Restriccion_demanda/logs/RC1-25/RC106-25.xml_log.log,1,3.0,8.0,,,,,,,,,,,"""src/Resultados/Restriccion demanda/logs/RC106-25.xml_log.log""",4,0,13.0.2,RC1-25,805.0,97541.0,
linux64,2026-07-06 22:57:56,8,8,4,97759,58050,612915,0x8950b7fe,375,57435,49275,1.0,40000.0,2.0,60.0,1.0,2000.0,1.0,40000.0,5.84,66959,57810,289950,271.9,40258,26.24,0,3494,4314385,7200.96,4191.34,435.2,279.9,0.35684699999999997,,83.0,44.0,23.0,105.0,43.0,1641.0,17.0,7.0,,42.0,81.0,,,8,10,TIME_LIMIT,MIP,{'Threads': 4},/home/cgonzalez/mE-VRSPTW/src/Resultados/Restriccion_demanda/logs/RC1-25/RC107-25.xml_log.log,1,11.0,107.0,,,,,,,,,,,"""src/Resultados/Restriccion demanda/logs/RC107-25.xml_log.log""",4,0,13.0.2,RC1-25,2204.0,99963.0,35.6847
linux64,2026-07-07 03:00:10,8,8,4,98044,58335,630015,0x341bde7b,375,57720,49560,1.0,40000.0,2.0,60.0,1.0,2000.0,1.0,40000.0,6.97,67274,58095,292875,271.3,49651,53.29,0,46641,4754785,7201.58,5713.19,294.5,277.6,0.057385,,55.0,58.0,24.0,94.0,26.0,755.0,1.0,5.0,,18.0,50.0,,,8,9,TIME_LIMIT,MIP,{'Threads': 4},/home/cgonzalez/mE-VRSPTW/src/Resultados/Restriccion_demanda/logs/RC1-25/RC108-25.xml_log.log,1,38.0,31.0,,11.0,,,,,,,,,"""src/Resultados/Restriccion demanda/logs/RC108-25.xml_log.log""",4,0,13.0.2,RC1-25,1166.0,99210.0,5.7385
linux64,2026-07-06 00:44:47,8,8,4,129446,78705,1650690,0x1fd00a0a,735,77625,66750,1.0,40000.0,1.0,80.0,1.0,2000.0,1.0,40000.0,6.31,90286,78360,418350,651.2,91315,117.59,0,3051,2439170,7200.41,5851.42,,741.8,,,344.0,24.0,56.0,215.0,58.0,401.0,334.0,42.0,,174.0,26.0,,,8,0,TIME_LIMIT,MIP,{'Threads': 4},/home/cgonzalez/mE-VRSPTW/src/Resultados/Restriccion_demanda/logs/RC1-50/RC101-50.xml_log.log,1,11.0,20.0,,,,,,,,,,,"""src/Resultados/Restriccion demanda/logs/RC101-50.xml_log.log""",4,0,13.0.2,RC1-50,1705.0,131151.0,
linux64,2026-07-06 04:46:49,8,8,4,145536,90195,2293590,0x724a434a,750,89010,78135,1.0,40000.0,1.0,80.0,1.0,2000.0,1.0,40000.0,16.78,102026,89760,496875,511.4,95572,127.5,0,4421,2368635,7200.39,5518.37,,553.1,,1.0,235.0,17.0,165.0,110.0,16.0,280.0,305.0,75.0,,168.0,62.0,,,8,0,TIME_LIMIT,MIP,{'Threads': 4},/home/cgonzalez/mE-VRSPTW/src/Resultados/Restriccion_demanda/logs/RC1-50/RC102-50.xml_log.log,1,4.0,19.0,1.0,,,,,,,,3.0,,"""src/Resultados/Restriccion demanda/logs/RC102-50.xml_log.log""",4,0,13.0.2,RC1-50,1461.0,146997.0,
linux64,2026-07-06 08:48:57,8,8,4,148611,93270,2631840,0x41a77540,750,92040,81165,1.0,40000.0,1.0,80.0,1.0,2000.0,1.0,40000.0,10.65,105236,92790,527490,474.7,44332,17.68,0,2164,2354464,7202.15,4423.79,,507.9,,,161.0,49.0,87.0,181.0,8.0,760.0,223.0,137.0,,244.0,112.0,,,8,0,TIME_LIMIT,MIP,{'Threads': 4},/home/cgonzalez/mE-VRSPTW/src/Resultados/Restriccion_demanda/logs/RC1-50/RC103-50.xml_log.log,1,11.0,226.0,,,2.11,12.0,0.0,3.0431213e-13,32.0,,,1.0,"""src/Resultados/Restriccion demanda/logs/RC103-50.xml_log.log""",4,0,13.0.2,RC1-50,2200.0,150811.0,
linux64,2026-07-06 12:51:28,8,8,4,151311,95970,2928840,0xba00af0c,750,94770,83895,1.0,40000.0,1.0,80.0,1.0,2000.0,1.0,40000.0,9.99,108146,95520,555120,464.1,45135,23.74,0,2304,1975426,7215.33,4636.22,,487.4,,1.0,103.0,38.0,16.0,472.0,7.0,538.0,68.0,28.0,,130.0,370.0,,,8,0,TIME_LIMIT,MIP,{'Threads': 4},/home/cgonzalez/mE-VRSPTW/src/Resultados/Restriccion_demanda/logs/RC1-50/RC104-50.xml_log.log,1,15.0,23.0,,,5.18,13.0,0.0,2.7762713e-12,38.0,,5.0,2.0,"""src/Resultados/Restriccion demanda/logs/RC104-50.xml_log.log""",4,0,13.0.2,RC1-50,1816.0,153127.0,
linux64,2026-07-06 16:54:54,8,8,4,139860,86175,2074950,0xf838d877,720,85110,74220,1.0,40000.0,1.0,80.0,1.0,2000.0,1.0,40000.0,8.47,97955,85830,470130,585.3,82641,128.91,0,1121,1990247,7216.36,5170.87,,621.4,,,356.0,18.0,107.0,176.0,10.0,410.0,371.0,135.0,,149.0,46.0,,,8,0,TIME_LIMIT,MIP,{'Threads': 4},/home/cgonzalez/mE-VRSPTW/src/Resultados/Restriccion_demanda/logs/RC1-50/RC105-50.xml_log.log,1,3.0,38.0,,,,,,,,,,1.0,"""src/Resultados/Restriccion demanda/logs/RC105-50.xml_log.log""",4,0,13.0.2,RC1-50,1820.0,141680.0,
linux64,2026-07-06 20:57:00,8,8,4,140441,86940,2183940,0x3338d0be,750,85845,74970,1.0,40000.0,1.0,80.0,1.0,2000.0,1.0,40000.0,7.46,98776,86595,479505,498.0,91783,102.0,0,4684,2017902,7201.69,5572.28,,543.9003308207,,,224.0,35.0,155.0,114.0,16.0,347.0,308.0,109.0,,197.0,47.0,,,8,0,TIME_LIMIT,MIP,{'Threads': 4},/home/cgonzalez/mE-VRSPTW/src/Resultados/Restriccion_demanda/logs/RC1-50/RC106-50.xml_log.log,1,9.0,73.0,,,,,,,,,,,"""src/Resultados/Restriccion demanda/logs/RC106-50.xml_log.log""",4,0,13.0.2,RC1-50,1634.0,142075.0,
linux64,2026-07-07 00:58:59,8,8,4,145275,91590,2670600,0x26894087,750,90495,79620,1.0,40000.0,1.0,80.0,1.0,2000.0,1.0,40000.0,13.46,103490,91245,524670,468.7,43747,17.14,0,3798,2523276,7202.35,4811.89,,489.0,,7.0,261.0,56.0,11.0,529.0,15.0,520.0,148.0,140.0,,176.0,61.0,,,8,0,TIME_LIMIT,MIP,{'Threads': 4},/home/cgonzalez/mE-VRSPTW/src/Resultados/Restriccion_demanda/logs/RC1-50/RC107-50.xml_log.log,1,20.0,14.0,,,2.36,12.0,0.0,1.5565327e-13,34.0,,11.0,1.0,"""src/Resultados/Restriccion demanda/logs/RC107-50.xml_log.log""",4,0,13.0.2,RC1-50,1970.0,147245.0,
linux64,2026-07-07 05:01:34,8,8,4,147870,94185,2956050,0x2929281a,750,93090,82215,1.0,40000.0,1.0,80.0,1.0,2000.0,1.0,40000.0,15.18,106235,93840,550890,460.7,43347,31.39,0,4537,2192544,7245.63,4395.36,,480.9,,,91.0,51.0,57.0,246.0,7.0,617.0,39.0,50.0,,79.0,175.0,,,8,0,TIME_LIMIT,MIP,{'Threads': 4},/home/cgonzalez/mE-VRSPTW/src/Resultados/Restriccion_demanda/logs/RC1-50/RC108-50.xml_log.log,1,16.0,47.0,,,3.91,13.0,0.0,2.623457e-13,52.0,,1.0,,"""src/Resultados/Restriccion demanda/logs/RC108-50.xml_log.log""",4,0,13.0.2,RC1-50,1476.0,149346.0,
linux64,2026-07-07 07:03:57,8,8,4,110856,64920,583935,0x980d3b9a,330,64470,56295,1.0,200000.0,2.0,60.0,1.0,2000.0,1.0,200000.0,4.64,74026,64800,306210,325.3,35252,33.61,0,3031,3539621,7201.47,4688.02,536.3,350.3,0.346821,,103.0,19.0,79.0,57.0,6.0,98.0,39.0,26.0,,50.0,14.0,,,8,10,TIME_LIMIT,MIP,{'Threads': 4},/home/cgonzalez/mE-VRSPTW/src/Resultados/Restriccion_demanda/logs/RC2-25/RC201-25.xml_log.log,1,9.0,5.0,,,,,,,,,,,"""src/Resultados/Restriccion demanda/logs/RC201-25.xml_log.log""",4,0,13.0.2,RC2-25,505.0,111361.0,34.6821
linux64,2026-07-07 11:07:02,8,8,4,114741,67425,637935,0x0f9ccd9c,375,66930,58800,1.0,200000.0,2.0,60.0,1.0,2000.0,1.0,200000.0,4.15,76636,67305,319965,291.2,35891,29.98,0,18263,5218036,7201.33,9042.15,459.0,300.3,0.345752,,7.0,33.0,,28.0,,,,,,56.0,5.0,,,8,1,TIME_LIMIT,MIP,{'Threads': 4},/home/cgonzalez/mE-VRSPTW/src/Resultados/Restriccion_demanda/logs/RC2-25/RC202-25.xml_log.log,1,3.0,,,,,,,,,,,,"""src/Resultados/Restriccion demanda/logs/RC202-25.xml_log.log""",4,0,13.0.2,RC2-25,132.0,114873.0,34.5752
linux64,2026-07-07 15:10:13,8,8,4,115281,67965,670335,0x574e61b9,375,67470,59340,1.0,200000.0,2.0,60.0,1.0,2000.0,1.0,200000.0,2.64,77266,67845,324975,279.4,48417,38.92,0,8918,4174014,7200.25,5792.02,437.1,289.2,0.33836700000000003,,51.0,41.0,9.0,53.0,2.0,120.0,63.0,15.0,,20.0,20.0,,,8,10,TIME_LIMIT,MIP,{'Threads': 4},/home/cgonzalez/mE-VRSPTW/src/Resultados/Restriccion_demanda/logs/RC2-25/RC203-25.xml_log.log,1,23.0,123.0,,,,,,,,,,,"""src/Resultados/Restriccion demanda/logs/RC203-25.xml_log.log""",4,0,13.0.2,RC2-25,540.0,115821.0,33.8367
linux64,2026-07-07 19:12:56,8,8,4,115536,68220,685635,0x1bae0058,375,67725,59595,1.0,200000.0,2.0,60.0,1.0,2000.0,1.0,200000.0,7.0,77551,68100,327315,277.6,50965,35.63,0,5613,3532072,7204.79,4806.35,360.9,286.9,0.205043,,5.0,12.0,,2.0,2.0,626.0,5.0,1.0,,6.0,,,,8,10,TIME_LIMIT,MIP,{'Threads': 4},/home/cgonzalez/mE-VRSPTW/src/Resultados/Restriccion_demanda/logs/RC2-25/RC204-25.xml_log.log,1,3.0,13.0,,,,,,,,,,,"""src/Resultados/Restriccion demanda/logs/RC204-25.xml_log.log""",4,0,13.0.2,RC2-25,675.0,116211.0,20.5043
linux64,2026-07-07 23:16:26,8,8,4,113136,66510,631185,0x3beaa3c4,375,66015,57885,1.0,200000.0,2.0,60.0,1.0,2000.0,1.0,200000.0,5.7,75631,66390,316065,303.2,44977,30.56,0,5519,3863279,7200.61,4670.93,528.4,321.0,0.39250599999999997,1.0,79.0,30.0,40.0,104.0,2.0,435.0,64.0,23.0,,35.0,260.0,,,8,10,TIME_LIMIT,MIP,{'Threads': 4},/home/cgonzalez/mE-VRSPTW/src/Resultados/Restriccion_demanda/logs/RC2-25/RC205-25.xml_log.log,1,4.0,234.0,,,,,,,,,,,"""src/Resultados/Restriccion demanda/logs/RC205-25.xml_log.log""",4,0,13.0.2,RC2-25,1311.0,114447.0,39.2506
linux64,2026-07-08 03:19:22,8,8,4,111561,65625,626235,0x616c55b4,375,65130,57000,1.0,200000.0,2.0,60.0,1.0,2000.0,1.0,200000.0,5.64,74731,65505,312540,302.5,48213,31.59,0,13947,5428647,7200.21,9351.44,444.0,304.5,0.314189,1.0,13.0,45.0,,21.0,,,,,,67.0,10.0,,,8,3,TIME_LIMIT,MIP,{'Threads': 4},/home/cgonzalez/mE-VRSPTW/src/Resultados/Restriccion_demanda/logs/RC2-25/RC206-25.xml_log.log,1,3.0,,,,,,,,,,,,"""src/Resultados/Restriccion demanda/logs/RC206-25.xml_log.log""",4,0,13.0.2,RC2-25,160.0,111721.0,31.4189
linux64,2026-07-08 07:22:31,8,8,4,114055,67245,662445,0x9225352a,375,66750,58620,1.0,200000.0,2.0,60.0,1.0,2000.0,1.0,200000.0,4.16,76415,67125,321510,275.9,36749,24.23,0,20564,3942442,7201.12,7623.34,366.4,287.3,0.215884,2.0,67.0,54.0,25.0,24.0,3.0,118.0,12.0,19.0,,50.0,191.0,,,8,2,TIME_LIMIT,MIP,{'Threads': 4},/home/cgonzalez/mE-VRSPTW/src/Resultados/Restriccion_demanda/logs/RC2-25/RC207-25.xml_log.log,1,6.0,581.0,,,,,,,,,,,"""src/Resultados/Restriccion demanda/logs/RC207-25.xml_log.log""",4,0,13.0.2,RC2-25,1152.0,115207.0,21.5884
linux64,2026-07-08 11:25:46,8,8,4,114747,67845,692025,0xebe214c8,375,67350,59220,1.0,200000.0,2.0,60.0,1.0,2000.0,1.0,200000.0,4.79,77047,67725,326370,271.3,44987,55.26,0,21017,4669267,7201.33,7050.46,294.5,277.3,0.058404,,170.0,120.0,16.0,46.0,4.0,146.0,30.0,13.0,,13.0,28.0,,,8,2,TIME_LIMIT,MIP,{'Threads': 4},/home/cgonzalez/mE-VRSPTW/src/Resultados/Restriccion_demanda/logs/RC2-25/RC208-25.xml_log.log,1,24.0,88.0,,4.0,,,,,,,1.0,,"""src/Resultados/Restriccion demanda/logs/RC208-25.xml_log.log""",4,0,13.0.2,RC2-25,703.0,115450.0,5.8404
linux64,2026-07-07 09:05:34,8,8,4,228026,136185,2381580,0x7a2214f3,750,135240,118995,1.0,200000.0,1.0,80.0,1.0,2000.0,1.0,200000.0,13.39,154321,135990,676695,564.0,81038,31.35,0,1058,1428059,7200.56,4851.34,,641.6,,,133.0,44.0,41.0,93.0,3.0,75.0,93.0,27.0,,80.0,30.0,,,8,0,TIME_LIMIT,MIP,{'Threads': 4},/home/cgonzalez/mE-VRSPTW/src/Resultados/Restriccion_demanda/logs/RC2-50/RC201-50.xml_log.log,1,15.0,15.0,,,2.16,16.0,0.0,6.299115e-13,48.0,,,,"""src/Resultados/Restriccion demanda/logs/RC201-50.xml_log.log""",4,0,13.0.2,RC2-50,649.0,228675.0,
linux64,2026-07-07 13:08:52,8,8,4,238481,143880,2855430,0x6e02082e,750,142935,126690,1.0,200000.0,1.0,80.0,1.0,2000.0,1.0,200000.0,14.53,162226,143685,728175,511.4,81640,43.36,0,1645,1288988,7201.64,5082.01,,529.1,,,144.0,18.0,,254.0,8.0,194.0,39.0,2.0,,120.0,32.0,,,8,0,TIME_LIMIT,MIP,{'Threads': 4},/home/cgonzalez/mE-VRSPTW/src/Resultados/Restriccion_demanda/logs/RC2-50/RC202-50.xml_log.log,1,4.0,257.0,,,2.24,15.0,0.0,7.2164497e-15,63.0,,,,"""src/Resultados/Restriccion demanda/logs/RC202-50.xml_log.log""",4,0,13.0.2,RC2-50,1072.0,239553.0,
linux64,2026-07-07 17:11:57,8,8,4,240866,146265,3117780,0x318c1d88,750,145320,129075,1.0,200000.0,1.0,80.0,1.0,2000.0,1.0,200000.0,10.22,164791,146070,749955,474.7,81540,63.9,0,2658,1163307,7200.28,5247.9,,491.3,,3.0,81.0,1717.0,204.0,424.0,10.0,22.0,29.0,2.0,,467.0,1903.0,,,8,0,TIME_LIMIT,MIP,{'Threads': 4},/home/cgonzalez/mE-VRSPTW/src/Resultados/Restriccion_demanda/logs/RC2-50/RC203-50.xml_log.log,1,4.0,,,,2.71,14.0,0.0,9.4368957e-15,78.0,,,,"""src/Resultados/Restriccion demanda/logs/RC203-50.xml_log.log""",4,0,13.0.2,RC2-50,4866.0,245732.0,
linux64,2026-07-07 21:14:52,8,8,4,242726,148125,3322380,0x2a994354,750,147180,130935,1.0,200000.0,1.0,80.0,1.0,2000.0,1.0,200000.0,10.63,166831,147930,767025,464.1,81485,64.53,0,4040,1644105,7200.08,5950.78,,466.3,,,17.0,42.0,,38.0,,,,,,122.0,1.0,,,8,0,TIME_LIMIT,MIP,{'Threads': 4},/home/cgonzalez/mE-VRSPTW/src/Resultados/Restriccion_demanda/logs/RC2-50/RC204-50.xml_log.log,1,9.0,,,,4.22,14.0,0.0,6.5702555e-12,84.0,,,,"""src/Resultados/Restriccion demanda/logs/RC204-50.xml_log.log""",4,0,13.0.2,RC2-50,229.0,242955.0,
linux64,2026-07-08 01:18:05,8,8,4,233996,140775,2700180,0xd3a022d0,750,139830,123585,1.0,200000.0,1.0,80.0,1.0,2000.0,1.0,200000.0,14.03,158956,140580,708975,525.7,81570,47.5,0,2592,1564319,7200.36,5541.63,,548.1,,,,,,,,,,,,,,,,8,0,TIME_LIMIT,MIP,{'Threads': 4},/home/cgonzalez/mE-VRSPTW/src/Resultados/Restriccion_demanda/logs/RC2-50/RC205-50.xml_log.log,1,,,,,2.36,15.0,0.0,6.1894934e-14,66.0,,,,"""src/Resultados/Restriccion demanda/logs/RC205-50.xml_log.log""",4,0,13.0.2,RC2-50,0.0,233996.0,
linux64,2026-07-08 05:20:56,8,8,4,231208,139275,2709060,0xf3cdb207,750,138330,122085,1.0,200000.0,1.0,80.0,1.0,2000.0,1.0,200000.0,9.24,157428,139080,703875,519.0,79611,33.06,0,7622,2692432,7200.82,6736.57,,520.5,,,22.0,61.0,1.0,33.0,,1.0,8.0,,,97.0,4.0,,,8,0,TIME_LIMIT,MIP,{'Threads': 4},/home/cgonzalez/mE-VRSPTW/src/Resultados/Restriccion_demanda/logs/RC2-50/RC206-50.xml_log.log,1,9.0,,,,2.14,13.0,0.0,1.1145168e-11,48.0,,,,"""src/Resultados/Restriccion demanda/logs/RC206-50.xml_log.log""",4,0,13.0.2,RC2-50,236.0,231444.0,
linux64,2026-07-08 09:24:07,8,8,4,238084,144495,3059700,0xdff4346f,750,143550,127305,1.0,200000.0,1.0,80.0,1.0,2000.0,1.0,200000.0,11.47,162729,144300,740025,483.6,80737,35.37,0,2860,1664672,7200.55,6342.03,,485.1,,,18.0,60.0,51.0,36.0,,,18.0,,,113.0,11.0,,,8,0,TIME_LIMIT,MIP,{'Threads': 4},/home/cgonzalez/mE-VRSPTW/src/Resultados/Restriccion_demanda/logs/RC2-50/RC207-50.xml_log.log,1,,,,,3.18,13.0,0.0,5.7270855e-13,51.0,,,,"""src/Resultados/Restriccion demanda/logs/RC207-50.xml_log.log""",4,0,13.0.2,RC2-50,307.0,238391.0,
linux64,2026-07-08 13:27:46,8,8,4,241298,147525,3368160,0x9e7be273,750,146580,130335,1.0,200000.0,1.0,80.0,1.0,2000.0,1.0,200000.0,15.36,165808,147330,766215,460.7,82934,50.88,0,5149,1834206,7201.03,4757.48,,480.0,,1.0,355.0,491.0,28.0,127.0,164.0,831.0,159.0,99.0,,398.0,93.0,,,8,0,TIME_LIMIT,MIP,{'Threads': 4},/home/cgonzalez/mE-VRSPTW/src/Resultados/Restriccion_demanda/logs/RC2-50/RC208-50.xml_log.log,1,22.0,269.0,,,3.07,13.0,0.0,2.1815882e-14,74.0,,,,"""src/Resultados/Restriccion demanda/logs/RC208-50.xml_log.log""",4,0,13.0.2,RC2-50,3037.0,244335.0,
